league,season,game,day,date,time,home_team,score,away_team,attendance,venue,referee,match_report,notes,game_id
USA-Major League Soccer,2026,2026-02-21 Austin FC-Minnesota Utd,Sat,2026-02-21,19:30,Austin FC,2–2,Minnesota Utd,20738,Q2 Stadium,Armando Villarreal,/en/matches/dd67aa78/Austin-FC-Minnesota-United-February-21-2026-Major-League-Soccer,,dd67aa78
USA-Major League Soccer,2026,2026-02-21 D.C. United-Philadelphia,Sat,2026-02-21,19:30 (18:30),D.C. United,1–0,Philadelphia,18003,Audi Field,Guido Gonzalez Jr.,/en/matches/a8e4464a/DC-United-Philadelphia-Union-February-21-2026-Major-League-Soccer,,a8e4464a
USA-Major League Soccer,2026,2026-02-21 FC Cincinnati-Atlanta Utd,Sat,2026-02-21,16:45 (15:45),FC Cincinnati,2–0,Atlanta Utd,25513,TQL Stadium,Rosendo Mendoza,/en/matches/c6cf461c/FC-Cincinnati-Atlanta-United-February-21-2026-Major-League-Soccer,,c6cf461c
USA-Major League Soccer,2026,2026-02-21 FC Dallas-Toronto FC,Sat,2026-02-21,19:30,FC Dallas,3–2,Toronto FC,11004,Toyota Stadium,Tim Ford,/en/matches/f197d137/FC-Dallas-Toronto-FC-February-21-2026-Major-League-Soccer,,f197d137
USA-Major League Soccer,2026,2026-02-21 Houston-Chicago Fire,Sat,2026-02-21,19:30,Houston,2–1,Chicago Fire,20254,Shell Energy Stadium,Filip Dujic,/en/matches/af50cce6/Houston-Dynamo-Chicago-Fire-February-21-2026-Major-League-Soccer,,af50cce6
USA-Major League Soccer,2026,2026-02-21 LAFC-Inter Miami,Sat,2026-02-21,18:30 (20:30),LAFC,3–0,Inter Miami,75673,United Airlines Field at the Los Angeles...,Pierre-Luc Lauziere,/en/matches/d1996cd8/Los-Angeles-FC-Inter-Miami-February-21-2026-Major-League-Soccer,,d1996cd8
USA-Major League Soccer,2026,2026-02-21 Nashville SC-NE Revolution,Sat,2026-02-21,19:30,Nashville SC,4–1,NE Revolution,25044,Geodis Park,Tori Penso,/en/matches/7e15e65b/Nashville-SC-New-England-Revolution-February-21-2026-Major-League-Soccer,,7e15e65b
USA-Major League Soccer,2026,2026-02-21 Orlando City-RB New York,Sat,2026-02-21,19:30 (18:30),Orlando City,1–2,RB New York,24453,Inter&Co Stadium,Rubiel Vazquez,/en/matches/5b5d7af8/Orlando-City-Red-Bull-New-York-February-21-2026-Major-League-Soccer,,5b5d7af8
USA-Major League Soccer,2026,2026-02-21 Portland Timbers-Columbus Crew,Sat,2026-02-21,19:30 (21:30),Portland Timbers,3–2,Columbus Crew,22210,Providence Park,Allen Chapman,/en/matches/31f086bf/Portland-Timbers-Columbus-Crew-February-21-2026-Major-League-Soccer,,31f086bf
USA-Major League Soccer,2026,2026-02-21 SJ Earthquakes-Sporting KC,Sat,2026-02-21,19:30 (21:30),SJ Earthquakes,3–0,Sporting KC,16367,PayPal Park,Alexis Da Silva,/en/matches/468cceaf/San-Jose-Earthquakes-Sporting-Kansas-City-February-21-2026-Major-League-Soccer,,468cceaf
USA-Major League Soccer,2026,2026-02-21 San Diego FC-CF Montréal,Sat,2026-02-21,19:30 (21:30),San Diego FC,5–0,CF Montréal,25412,Snapdragon Stadium,Joe Dickerson,/en/matches/593d65fe/San-Diego-FC-CF-Montreal-February-21-2026-Major-League-Soccer,,593d65fe
USA-Major League Soccer,2026,2026-02-21 St. Louis City-Charlotte,Sat,2026-02-21,13:30,St. Louis City,1–1,Charlotte,22423,Energizer Park,Ismail Elfath,/en/matches/e885988e/St-Louis-City-Charlotte-FC-February-21-2026-Major-League-Soccer,,e885988e
USA-Major League Soccer,2026,2026-02-21 Vancouver-Real Salt Lake,Sat,2026-02-21,16:30 (18:30),Vancouver,1–0,Real Salt Lake,23546,BC Place Stadium,Drew Fischer,/en/matches/21f9a08a/Vancouver-Whitecaps-Real-Salt-Lake-February-21-2026-Major-League-Soccer,,21f9a08a
USA-Major League Soccer,2026,2026-02-22 LA Galaxy-NYCFC,Sun,2026-02-22,16:00 (18:00),LA Galaxy,1–1,NYCFC,25025,Dignity Health Sports Park,Victor Rivas,/en/matches/ba79f0c2/LA-Galaxy-New-York-City-FC-February-22-2026-Major-League-Soccer,,ba79f0c2
USA-Major League Soccer,2026,2026-02-22 Seattle Sounders-Colorado Rapids,Sun,2026-02-22,18:15 (20:15),Seattle Sounders,2–0,Colorado Rapids,31606,Lumen Field,Malik Badawi,/en/matches/1bcca1ee/Seattle-Sounders-Colorado-Rapids-February-22-2026-Major-League-Soccer,,1bcca1ee
USA-Major League Soccer,2026,2026-02-28 Chicago Fire-CF Montréal,Sat,2026-02-28,13:30,Chicago Fire,3–0,CF Montréal,20872,Soldier Field,Elijio Arreguin,/en/matches/872793e1/Chicago-Fire-CF-Montreal-February-28-2026-Major-League-Soccer,,872793e1
USA-Major League Soccer,2026,2026-02-28 Colorado Rapids-Portland Timbers,Sat,2026-02-28,14:30 (15:30),Colorado Rapids,2–0,Portland Timbers,16113,Dick's Sporting Goods Park,Jair Marrufo,/en/matches/befca377/Colorado-Rapids-Portland-Timbers-February-28-2026-Major-League-Soccer,,befca377
USA-Major League Soccer,2026,2026-02-28 FC Dallas-Nashville SC,Sat,2026-02-28,19:30,FC Dallas,0–0,Nashville SC,11004,Toyota Stadium,Serhii Boiko,/en/matches/1d71d7b2/FC-Dallas-Nashville-SC-February-28-2026-Major-League-Soccer,,1d71d7b2
USA-Major League Soccer,2026,2026-02-28 Houston-LAFC,Sat,2026-02-28,19:30,Houston,0–2,LAFC,20853,Shell Energy Stadium,Jon Freemon,/en/matches/b87ecd6c/Houston-Dynamo-Los-Angeles-FC-February-28-2026-Major-League-Soccer,,b87ecd6c
USA-Major League Soccer,2026,2026-02-28 LA Galaxy-Charlotte,Sat,2026-02-28,19:30 (21:30),LA Galaxy,3–0,Charlotte,20205,Dignity Health Sports Park,Joe Dickerson,/en/matches/f1fb5e26/LA-Galaxy-Charlotte-FC-February-28-2026-Major-League-Soccer,,f1fb5e26
USA-Major League Soccer,2026,2026-02-28 Minnesota Utd-FC Cincinnati,Sat,2026-02-28,15:30,Minnesota Utd,1–0,FC Cincinnati,19609,Allianz Field,Marcos de Oliveira,/en/matches/096a8737/Minnesota-United-FC-Cincinnati-February-28-2026-Major-League-Soccer,,096a8737
USA-Major League Soccer,2026,2026-02-28 RB New York-NE Revolution,Sat,2026-02-28,14:30 (13:30),RB New York,1–0,NE Revolution,15087,Sports Illustrated Stadium,Ricardo Montero,/en/matches/2cb72469/Red-Bull-New-York-New-England-Revolution-February-28-2026-Major-League-Soccer,,2cb72469
USA-Major League Soccer,2026,2026-02-28 Real Salt Lake-Seattle Sounders,Sat,2026-02-28,17:30 (18:30),Real Salt Lake,2–1,Seattle Sounders,20660,America First Field,Tori Penso,/en/matches/3afd93cd/Real-Salt-Lake-Seattle-Sounders-February-28-2026-Major-League-Soccer,,3afd93cd
USA-Major League Soccer,2026,2026-02-28 SJ Earthquakes-Atlanta Utd,Sat,2026-02-28,16:30 (18:30),SJ Earthquakes,2–0,Atlanta Utd,16159,PayPal Park,Ricardo Fierro,/en/matches/40d02264/San-Jose-Earthquakes-Atlanta-United-February-28-2026-Major-League-Soccer,,40d02264
USA-Major League Soccer,2026,2026-02-28 Sporting KC-Columbus Crew,Sat,2026-02-28,19:30,Sporting KC,2–2,Columbus Crew,18522,Sporting Park,Sergii Demianchuk,/en/matches/81479d99/Sporting-Kansas-City-Columbus-Crew-February-28-2026-Major-League-Soccer,,81479d99
USA-Major League Soccer,2026,2026-02-28 Vancouver-Toronto FC,Sat,2026-02-28,18:30 (20:30),Vancouver,3–0,Toronto FC,24533,BC Place Stadium,Fotis Bazakos,/en/matches/864f7430/Vancouver-Whitecaps-Toronto-FC-February-28-2026-Major-League-Soccer,,864f7430
USA-Major League Soccer,2026,2026-03-01 Austin FC-D.C. United,Sun,2026-03-01,13:30,Austin FC,1–0,D.C. United,20738,Q2 Stadium,Lorenzo Hernandez,/en/matches/ad6bb76c/Austin-FC-DC-United-March-1-2026-Major-League-Soccer,,ad6bb76c
USA-Major League Soccer,2026,2026-03-01 Orlando City-Inter Miami,Sun,2026-03-01,19:00 (18:00),Orlando City,2–4,Inter Miami,24453,Inter&Co Stadium,Ismail Elfath,/en/matches/0468771b/Orlando-City-Inter-Miami-March-1-2026-Major-League-Soccer,,0468771b
USA-Major League Soccer,2026,2026-03-01 Philadelphia-NYCFC,Sun,2026-03-01,16:30 (15:30),Philadelphia,1–2,NYCFC,18513,Subaru Park,Chris Penso,/en/matches/edfb0b3c/Philadelphia-Union-New-York-City-FC-March-1-2026-Major-League-Soccer,,edfb0b3c
USA-Major League Soccer,2026,2026-03-01 San Diego FC-St. Louis City,Sun,2026-03-01,18:15 (20:15),San Diego FC,2–0,St. Louis City,21969,Snapdragon Stadium,Drew Fischer,/en/matches/01f5709d/San-Diego-FC-St-Louis-City-March-1-2026-Major-League-Soccer,,01f5709d
USA-Major League Soccer,2026,2026-03-07 Atlanta Utd-Real Salt Lake,Sat,2026-03-07,19:30 (18:30),Atlanta Utd,2–3,Real Salt Lake,53862,Mercedes-Benz Stadium,Jon Freemon,/en/matches/0e0efefd/Atlanta-United-Real-Salt-Lake-March-7-2026-Major-League-Soccer,,0e0efefd
USA-Major League Soccer,2026,2026-03-07 Charlotte-Austin FC,Sat,2026-03-07,19:30 (18:30),Charlotte,3–1,Austin FC,35611,Bank of America Stadium,Rosendo Mendoza,/en/matches/757cd61a/Charlotte-FC-Austin-FC-March-7-2026-Major-League-Soccer,,757cd61a
USA-Major League Soccer,2026,2026-03-07 Colorado Rapids-LA Galaxy,Sat,2026-03-07,19:30 (20:30),Colorado Rapids,4–1,LA Galaxy,14568,Dick's Sporting Goods Park,Allen Chapman,/en/matches/d55d72dd/Colorado-Rapids-LA-Galaxy-March-7-2026-Major-League-Soccer,,d55d72dd
USA-Major League Soccer,2026,2026-03-07 Columbus Crew-Chicago Fire,Sat,2026-03-07,19:30 (18:30),Columbus Crew,0–0,Chicago Fire,20121,ScottsMiracle-Gro Field,Tori Penso,/en/matches/d6849bf0/Columbus-Crew-Chicago-Fire-March-7-2026-Major-League-Soccer,,d6849bf0
USA-Major League Soccer,2026,2026-03-07 D.C. United-Inter Miami,Sat,2026-03-07,16:30 (15:30),D.C. United,1–2,Inter Miami,72026,M&T Bank Stadium,Filip Dujic,/en/matches/fcd8a430/DC-United-Inter-Miami-March-7-2026-Major-League-Soccer,,fcd8a430
USA-Major League Soccer,2026,2026-03-07 LAFC-FC Dallas,Sat,2026-03-07,19:30 (21:30),LAFC,1–0,FC Dallas,22130,BMO Stadium,Drew Fischer,/en/matches/6f6a6b03/Los-Angeles-FC-FC-Dallas-March-7-2026-Major-League-Soccer,,6f6a6b03
USA-Major League Soccer,2026,2026-03-07 NYCFC-Orlando City,Sat,2026-03-07,14:30 (13:30),NYCFC,5–0,Orlando City,25055,Yankee Stadium,Guido Gonzalez Jr.,/en/matches/ead1b5f4/New-York-City-FC-Orlando-City-March-7-2026-Major-League-Soccer,,ead1b5f4
USA-Major League Soccer,2026,2026-03-07 Nashville SC-Minnesota Utd,Sat,2026-03-07,19:30,Nashville SC,3–1,Minnesota Utd,24387,Geodis Park,Pierre-Luc Lauziere,/en/matches/927e1545/Nashville-SC-Minnesota-United-March-7-2026-Major-League-Soccer,,927e1545
USA-Major League Soccer,2026,2026-03-07 Philadelphia-SJ Earthquakes,Sat,2026-03-07,19:30 (18:30),Philadelphia,0–1,SJ Earthquakes,17410,Subaru Park,Armando Villarreal,/en/matches/6859057c/Philadelphia-Union-San-Jose-Earthquakes-March-7-2026-Major-League-Soccer,,6859057c
USA-Major League Soccer,2026,2026-03-07 Portland Timbers-Vancouver,Sat,2026-03-07,19:30 (21:30),Portland Timbers,1–4,Vancouver,22473,Providence Park,Victor Rivas,/en/matches/29d4bcb0/Portland-Timbers-Vancouver-Whitecaps-March-7-2026-Major-League-Soccer,,29d4bcb0
USA-Major League Soccer,2026,2026-03-07 Sporting KC-San Diego FC,Sat,2026-03-07,19:30,Sporting KC,0–1,San Diego FC,14294,Sporting Park,Malik Badawi,/en/matches/92608864/Sporting-Kansas-City-San-Diego-FC-March-7-2026-Major-League-Soccer,,92608864
USA-Major League Soccer,2026,2026-03-07 St. Louis City-Seattle Sounders,Sat,2026-03-07,19:30,St. Louis City,0–1,Seattle Sounders,22423,Energizer Park,Tim Ford,/en/matches/64d05db8/St-Louis-City-Seattle-Sounders-March-7-2026-Major-League-Soccer,,64d05db8
USA-Major League Soccer,2026,2026-03-08 FC Cincinnati-Toronto FC,Sun,2026-03-08,19:00 (18:00),FC Cincinnati,0–1,Toronto FC,25513,TQL Stadium,Alexis Da Silva,/en/matches/d3f08766/FC-Cincinnati-Toronto-FC-March-8-2026-Major-League-Soccer,,d3f08766
USA-Major League Soccer,2026,2026-03-08 RB New York-CF Montréal,Sun,2026-03-08,16:30 (15:30),RB New York,0–3,CF Montréal,16847,Sports Illustrated Stadium,Serhii Boiko,/en/matches/9157589b/Red-Bull-New-York-CF-Montreal-March-8-2026-Major-League-Soccer,,9157589b
USA-Major League Soccer,2026,2026-03-14 Atlanta Utd-Philadelphia,Sat,2026-03-14,15:15 (14:15),Atlanta Utd,3–1,Philadelphia,35308,Mercedes-Benz Stadium,Marcos de Oliveira,/en/matches/095866aa/Atlanta-United-Philadelphia-Union-March-14-2026-Major-League-Soccer,,095866aa
USA-Major League Soccer,2026,2026-03-14 Charlotte-Inter Miami,Sat,2026-03-14,19:30 (18:30),Charlotte,0–0,Inter Miami,34780,Bank of America Stadium,Guido Gonzalez Jr.,/en/matches/4e7a85d2/Charlotte-FC-Inter-Miami-March-14-2026-Major-League-Soccer,,4e7a85d2
USA-Major League Soccer,2026,2026-03-14 Chicago Fire-D.C. United,Sat,2026-03-14,19:30,Chicago Fire,1–2,D.C. United,15845,Soldier Field,Sergii Demianchuk,/en/matches/2eb85c8b/Chicago-Fire-DC-United-March-14-2026-Major-League-Soccer,,2eb85c8b
USA-Major League Soccer,2026,2026-03-14 Columbus Crew-Nashville SC,Sat,2026-03-14,18:15 (17:15),Columbus Crew,0–1,Nashville SC,19960,ScottsMiracle-Gro Field,Fotis Bazakos,/en/matches/d7c5cd1d/Columbus-Crew-Nashville-SC-March-14-2026-Major-League-Soccer,,d7c5cd1d
USA-Major League Soccer,2026,2026-03-14 FC Dallas-San Diego FC,Sat,2026-03-14,19:30,FC Dallas,3–3,San Diego FC,11004,Toyota Stadium,Ricardo Montero,/en/matches/1e9a29e8/FC-Dallas-San-Diego-FC-March-14-2026-Major-League-Soccer,,1e9a29e8
USA-Major League Soccer,2026,2026-03-14 Houston-Portland Timbers,Sat,2026-03-14,19:30,Houston,3–2,Portland Timbers,18026,Shell Energy Stadium,Rubiel Vazquez,/en/matches/76810c6b/Houston-Dynamo-Portland-Timbers-March-14-2026-Major-League-Soccer,,76810c6b
USA-Major League Soccer,2026,2026-03-14 LA Galaxy-Sporting KC,Sat,2026-03-14,18:30 (20:30),LA Galaxy,1–2,Sporting KC,18232,Dignity Health Sports Park,Ismail Elfath,/en/matches/7b7df953/LA-Galaxy-Sporting-Kansas-City-March-14-2026-Major-League-Soccer,,7b7df953
USA-Major League Soccer,2026,2026-03-14 LAFC-St. Louis City,Sat,2026-03-14,19:30 (21:30),LAFC,2–0,St. Louis City,22266,BMO Stadium,Rosendo Mendoza,/en/matches/3f269dc3/Los-Angeles-FC-St-Louis-City-March-14-2026-Major-League-Soccer,,3f269dc3
USA-Major League Soccer,2026,2026-03-14 NYCFC-Colorado Rapids,Sat,2026-03-14,19:30 (18:30),NYCFC,3–1,Colorado Rapids,18079,Yankee Stadium,Brandon Stevis,/en/matches/627460db/New-York-City-FC-Colorado-Rapids-March-14-2026-Major-League-Soccer,,627460db
USA-Major League Soccer,2026,2026-03-14 Orlando City-CF Montréal,Sat,2026-03-14,19:30 (18:30),Orlando City,2–1,CF Montréal,18035,Inter&Co Stadium,Jair Marrufo,/en/matches/601472e4/Orlando-City-CF-Montreal-March-14-2026-Major-League-Soccer,,601472e4
USA-Major League Soccer,2026,2026-03-14 Real Salt Lake-Austin FC,Sat,2026-03-14,19:30 (20:30),Real Salt Lake,2–1,Austin FC,20751,America First Field,Elijio Arreguin,/en/matches/559e0638/Real-Salt-Lake-Austin-FC-March-14-2026-Major-League-Soccer,,559e0638
USA-Major League Soccer,2026,2026-03-14 Toronto FC-RB New York,Sat,2026-03-14,13:00 (12:00),Toronto FC,1–1,RB New York,18767,BMO Field,Chris Penso,/en/matches/09d0bded/Toronto-FC-Red-Bull-New-York-March-14-2026-Major-League-Soccer,,09d0bded
USA-Major League Soccer,2026,2026-03-15 NE Revolution-FC Cincinnati,Sun,2026-03-15,14:30 (13:30),NE Revolution,6–1,FC Cincinnati,15627,Gillette Stadium,Lorenzo Hernandez,/en/matches/2f8810a4/New-England-Revolution-FC-Cincinnati-March-15-2026-Major-League-Soccer,,2f8810a4
USA-Major League Soccer,2026,2026-03-15 SJ Earthquakes-Seattle Sounders,Sun,2026-03-15,16:00 (18:00),SJ Earthquakes,0–1,Seattle Sounders,18251,PayPal Park,Victor Rivas,/en/matches/10c05f51/San-Jose-Earthquakes-Seattle-Sounders-March-15-2026-Major-League-Soccer,,10c05f51
USA-Major League Soccer,2026,2026-03-15 Vancouver-Minnesota Utd,Sun,2026-03-15,13:30 (15:30),Vancouver,6–0,Minnesota Utd,23885,BC Place Stadium,Ricardo Fierro,/en/matches/c35ddbaa/Vancouver-Whitecaps-Minnesota-United-March-15-2026-Major-League-Soccer,,c35ddbaa
USA-Major League Soccer,2026,2026-03-21 Atlanta Utd-D.C. United,Sat,2026-03-21,19:30 (18:30),Atlanta Utd,0–0,D.C. United,35418,Mercedes-Benz Stadium,Jair Marrufo,/en/matches/3858ef26/Atlanta-United-DC-United-March-21-2026-Major-League-Soccer,,3858ef26
USA-Major League Soccer,2026,2026-03-21 Austin FC-LAFC,Sat,2026-03-21,19:45,Austin FC,0–0,LAFC,20738,Q2 Stadium,Rubiel Vazquez,/en/matches/bfb69187/Austin-FC-Los-Angeles-FC-March-21-2026-Major-League-Soccer,,bfb69187
USA-Major League Soccer,2026,2026-03-21 Charlotte-RB New York,Sat,2026-03-21,19:30 (18:30),Charlotte,6–1,RB New York,27166,Bank of America Stadium,Allen Chapman,/en/matches/89d9594f/Charlotte-FC-Red-Bull-New-York-March-21-2026-Major-League-Soccer,,89d9594f
USA-Major League Soccer,2026,2026-03-21 FC Dallas-Houston,Sat,2026-03-21,19:30,FC Dallas,4–3,Houston,11004,Toyota Stadium,Rosendo Mendoza,/en/matches/e62e9897/FC-Dallas-Houston-Dynamo-March-21-2026-Major-League-Soccer,,e62e9897
USA-Major League Soccer,2026,2026-03-21 Nashville SC-Orlando City,Sat,2026-03-21,17:15,Nashville SC,5–0,Orlando City,27167,Geodis Park,Victor Rivas,/en/matches/fa804a5d/Nashville-SC-Orlando-City-March-21-2026-Major-League-Soccer,,fa804a5d
USA-Major League Soccer,2026,2026-03-21 Philadelphia-Chicago Fire,Sat,2026-03-21,16:30 (15:30),Philadelphia,1–2,Chicago Fire,18753,Subaru Park,Nabil Bensalah,/en/matches/2be2f721/Philadelphia-Union-Chicago-Fire-March-21-2026-Major-League-Soccer,,2be2f721
USA-Major League Soccer,2026,2026-03-21 Sporting KC-Colorado Rapids,Sat,2026-03-21,19:30,Sporting KC,1–4,Colorado Rapids,17037,Sporting Park,Fotis Bazakos,/en/matches/03ffbce8/Sporting-Kansas-City-Colorado-Rapids-March-21-2026-Major-League-Soccer,,03ffbce8
USA-Major League Soccer,2026,2026-03-21 St. Louis City-NE Revolution,Sat,2026-03-21,19:30,St. Louis City,3–1,NE Revolution,22423,Energizer Park,Serhii Boiko,/en/matches/d52c0b34/St-Louis-City-New-England-Revolution-March-21-2026-Major-League-Soccer,,d52c0b34
USA-Major League Soccer,2026,2026-03-21 Toronto FC-Columbus Crew,Sat,2026-03-21,13:00 (12:00),Toronto FC,2–1,Columbus Crew,15384,BMO Field,Pierre-Luc Lauziere,/en/matches/168cedcd/Toronto-FC-Columbus-Crew-March-21-2026-Major-League-Soccer,,168cedcd
USA-Major League Soccer,2026,2026-03-21 Vancouver-SJ Earthquakes,Sat,2026-03-21,19:30 (21:30),Vancouver,0–1,SJ Earthquakes,21261,BC Place Stadium,Chris Penso,/en/matches/d1cdad69/Vancouver-Whitecaps-San-Jose-Earthquakes-March-21-2026-Major-League-Soccer,,d1cdad69
USA-Major League Soccer,2026,2026-03-22 FC Cincinnati-CF Montréal,Sun,2026-03-22,13:00 (12:00),FC Cincinnati,4–3,CF Montréal,25513,TQL Stadium,Filip Dujic,/en/matches/45543fda/FC-Cincinnati-CF-Montreal-March-22-2026-Major-League-Soccer,,45543fda
USA-Major League Soccer,2026,2026-03-22 Minnesota Utd-Seattle Sounders,Sun,2026-03-22,13:30,Minnesota Utd,0–0,Seattle Sounders,19637,Allianz Field,Jon Freemon,/en/matches/218438ae/Minnesota-United-Seattle-Sounders-March-22-2026-Major-League-Soccer,,218438ae
USA-Major League Soccer,2026,2026-03-22 NYCFC-Inter Miami,Sun,2026-03-22,13:00 (12:00),NYCFC,2–3,Inter Miami,45845,Yankee Stadium,Armando Villarreal,/en/matches/657ed747/New-York-City-FC-Inter-Miami-March-22-2026-Major-League-Soccer,,657ed747
USA-Major League Soccer,2026,2026-03-22 Portland Timbers-LA Galaxy,Sun,2026-03-22,13:45 (15:45),Portland Timbers,1–1,LA Galaxy,23075,Providence Park,Drew Fischer,/en/matches/24febffe/Portland-Timbers-LA-Galaxy-March-22-2026-Major-League-Soccer,,24febffe
USA-Major League Soccer,2026,2026-03-22 San Diego FC-Real Salt Lake,Sun,2026-03-22,16:00 (18:00),San Diego FC,2–2,Real Salt Lake,24141,Snapdragon Stadium,Alexis Da Silva,/en/matches/ffa07436/San-Diego-FC-Real-Salt-Lake-March-22-2026-Major-League-Soccer,,ffa07436
USA-Major League Soccer,2026,2026-04-04 Atlanta Utd-Columbus Crew,Sat,2026-04-04,19:30 (18:30),Atlanta Utd,1–3,Columbus Crew,34130,Mercedes-Benz Stadium,Lorenzo Hernandez,/en/matches/f71da609/Atlanta-United-Columbus-Crew-April-4-2026-Major-League-Soccer,,f71da609
USA-Major League Soccer,2026,2026-04-04 Charlotte-Philadelphia,Sat,2026-04-04,19:30 (18:30),Charlotte,2–1,Philadelphia,25865,Bank of America Stadium,Drew Fischer,/en/matches/80b86a39/Charlotte-FC-Philadelphia-Union-April-4-2026-Major-League-Soccer,,80b86a39
USA-Major League Soccer,2026,2026-04-04 Chicago Fire-Nashville SC,Sat,2026-04-04,19:30,Chicago Fire,1–0,Nashville SC,15932,Soldier Field,Marcos de Oliveira,/en/matches/e266717e/Chicago-Fire-Nashville-SC-April-4-2026-Major-League-Soccer,,e266717e
USA-Major League Soccer,2026,2026-04-04 D.C. United-FC Dallas,Sat,2026-04-04,19:30 (18:30),D.C. United,0–4,FC Dallas,19215,Audi Field,Rubiel Vazquez,/en/matches/9cead112/DC-United-FC-Dallas-April-4-2026-Major-League-Soccer,,9cead112
USA-Major League Soccer,2026,2026-04-04 Houston-Seattle Sounders,Sat,2026-04-04,20:00,Houston,0–1,Seattle Sounders,17253,Shell Energy Stadium,Ismail Elfath,/en/matches/c63c91d8/Houston-Dynamo-Seattle-Sounders-April-4-2026-Major-League-Soccer,,c63c91d8
USA-Major League Soccer,2026,2026-04-04 Inter Miami-Austin FC,Sat,2026-04-04,19:30 (18:30),Inter Miami,2–2,Austin FC,26412,Nu Stadium,Allen Chapman,/en/matches/f5bc1151/Inter-Miami-Austin-FC-April-4-2026-Major-League-Soccer,,f5bc1151
USA-Major League Soccer,2026,2026-04-04 LA Galaxy-Minnesota Utd,Sat,2026-04-04,19:30 (21:30),LA Galaxy,1–2,Minnesota Utd,22447,Dignity Health Sports Park,Malik Badawi,/en/matches/62f96092/LA-Galaxy-Minnesota-United-April-4-2026-Major-League-Soccer,,62f96092
USA-Major League Soccer,2026,2026-04-04 LAFC-Orlando City,Sat,2026-04-04,18:30 (20:30),LAFC,6–0,Orlando City,22185,BMO Stadium,Alexis Da Silva,/en/matches/9493b066/Los-Angeles-FC-Orlando-City-April-4-2026-Major-League-Soccer,,9493b066
USA-Major League Soccer,2026,2026-04-04 NE Revolution-CF Montréal,Sat,2026-04-04,16:30 (15:30),NE Revolution,3–0,CF Montréal,19461,Gillette Stadium,Joshua Encarnacion,/en/matches/1254b43c/New-England-Revolution-CF-Montreal-April-4-2026-Major-League-Soccer,,1254b43c
USA-Major League Soccer,2026,2026-04-04 NYCFC-St. Louis City,Sat,2026-04-04,19:30 (18:30),NYCFC,1–1,St. Louis City,20867,Citi Field,Pierre-Luc Lauziere,/en/matches/273b77c5/New-York-City-FC-St-Louis-City-April-4-2026-Major-League-Soccer,,273b77c5
USA-Major League Soccer,2026,2026-04-04 RB New York-FC Cincinnati,Sat,2026-04-04,19:30 (18:30),RB New York,4–2,FC Cincinnati,20867,Sports Illustrated Stadium,Victor Rivas,/en/matches/891c96ba/Red-Bull-New-York-FC-Cincinnati-April-4-2026-Major-League-Soccer,,891c96ba
USA-Major League Soccer,2026,2026-04-04 Real Salt Lake-Sporting KC,Sat,2026-04-04,14:30 (15:30),Real Salt Lake,3–1,Sporting KC,20290,America First Field,Tim Ford,/en/matches/b40780df/Real-Salt-Lake-Sporting-Kansas-City-April-4-2026-Major-League-Soccer,,b40780df
USA-Major League Soccer,2026,2026-04-04 SJ Earthquakes-San Diego FC,Sat,2026-04-04,19:30 (21:30),SJ Earthquakes,3–0,San Diego FC,18251,PayPal Park,Fotis Bazakos,/en/matches/90cc6333/San-Jose-Earthquakes-San-Diego-FC-April-4-2026-Major-League-Soccer,,90cc6333
USA-Major League Soccer,2026,2026-04-04 Toronto FC-Colorado Rapids,Sat,2026-04-04,13:00 (12:00),Toronto FC,3–2,Colorado Rapids,14442,BMO Field,Ricardo Montero,/en/matches/7d65e177/Toronto-FC-Colorado-Rapids-April-4-2026-Major-League-Soccer,,7d65e177
USA-Major League Soccer,2026,2026-04-04 Vancouver-Portland Timbers,Sat,2026-04-04,19:30 (21:30),Vancouver,3–2,Portland Timbers,25465,BC Place Stadium,Joe Dickerson,/en/matches/9fbf55d0/Vancouver-Whitecaps-Portland-Timbers-April-4-2026-Major-League-Soccer,,9fbf55d0
USA-Major League Soccer,2026,2026-04-11 Austin FC-LA Galaxy,Sat,2026-04-11,13:30,Austin FC,1–2,LA Galaxy,20738,Q2 Stadium,Tori Penso,/en/matches/97ede36e/Austin-FC-LA-Galaxy-April-11-2026-Major-League-Soccer,,97ede36e
USA-Major League Soccer,2026,2026-04-11 CF Montréal-Philadelphia,Sat,2026-04-11,14:30 (13:30),CF Montréal,1–2,Philadelphia,14028,Stade Saputo,Alexis Da Silva,/en/matches/674f21cf/CF-Montreal-Philadelphia-Union-April-11-2026-Major-League-Soccer,,674f21cf
USA-Major League Soccer,2026,2026-04-11 Charlotte-Nashville SC,Sat,2026-04-11,19:30 (18:30),Charlotte,1–2,Nashville SC,26012,Bank of America Stadium,Rubiel Vazquez,/en/matches/7f5ccd88/Charlotte-FC-Nashville-SC-April-11-2026-Major-League-Soccer,,7f5ccd88
USA-Major League Soccer,2026,2026-04-11 Chicago Fire-Atlanta Utd,Sat,2026-04-11,19:30,Chicago Fire,1–0,Atlanta Utd,17764,Soldier Field,Drew Fischer,/en/matches/67055d29/Chicago-Fire-Atlanta-United-April-11-2026-Major-League-Soccer,,67055d29
USA-Major League Soccer,2026,2026-04-11 Colorado Rapids-Houston,Sat,2026-04-11,19:30 (20:30),Colorado Rapids,6–2,Houston,15102,Dick's Sporting Goods Park,Serhii Boiko,/en/matches/bb5ce64a/Colorado-Rapids-Houston-Dynamo-April-11-2026-Major-League-Soccer,,bb5ce64a
USA-Major League Soccer,2026,2026-04-11 FC Dallas-St. Louis City,Sat,2026-04-11,19:30,FC Dallas,1–1,St. Louis City,11004,Toyota Stadium,Filip Dujic,/en/matches/f3fc601b/FC-Dallas-St-Louis-City-April-11-2026-Major-League-Soccer,,f3fc601b
USA-Major League Soccer,2026,2026-04-11 Inter Miami-RB New York,Sat,2026-04-11,19:30 (18:30),Inter Miami,2–2,RB New York,26277,Nu Stadium,Rosendo Mendoza,/en/matches/76eb9ab4/Inter-Miami-Red-Bull-New-York-April-11-2026-Major-League-Soccer,,76eb9ab4
USA-Major League Soccer,2026,2026-04-11 NE Revolution-D.C. United,Sat,2026-04-11,19:30 (18:30),NE Revolution,1–0,D.C. United,15454,Gillette Stadium,Jon Freemon,/en/matches/ceb1f3cb/New-England-Revolution-DC-United-April-11-2026-Major-League-Soccer,,ceb1f3cb
USA-Major League Soccer,2026,2026-04-11 Portland Timbers-LAFC,Sat,2026-04-11,13:45 (15:45),Portland Timbers,2–1,LAFC,24686,Providence Park,Armando Villarreal,/en/matches/5e5754cc/Portland-Timbers-Los-Angeles-FC-April-11-2026-Major-League-Soccer,,5e5754cc
USA-Major League Soccer,2026,2026-04-11 San Diego FC-Minnesota Utd,Sat,2026-04-11,19:30 (21:30),San Diego FC,1–2,Minnesota Utd,23394,Snapdragon Stadium,Victor Rivas,/en/matches/6910c735/San-Diego-FC-Minnesota-United-April-11-2026-Major-League-Soccer,,6910c735
USA-Major League Soccer,2026,2026-04-11 Sporting KC-SJ Earthquakes,Sat,2026-04-11,19:30,Sporting KC,1–3,SJ Earthquakes,16921,Sporting Park,Allen Chapman,/en/matches/54312afa/Sporting-Kansas-City-San-Jose-Earthquakes-April-11-2026-Major-League-Soccer,,54312afa
USA-Major League Soccer,2026,2026-04-11 Toronto FC-FC Cincinnati,Sat,2026-04-11,13:00 (12:00),Toronto FC,1–1,FC Cincinnati,15770,BMO Field,Ricardo Fierro,/en/matches/d6b37279/Toronto-FC-FC-Cincinnati-April-11-2026-Major-League-Soccer,,d6b37279
USA-Major League Soccer,2026,2026-04-11 Vancouver-NYCFC,Sat,2026-04-11,16:30 (18:30),Vancouver,2–0,NYCFC,25460,BC Place Stadium,Jair Marrufo,/en/matches/ca61095c/Vancouver-Whitecaps-New-York-City-FC-April-11-2026-Major-League-Soccer,,ca61095c
USA-Major League Soccer,2026,2026-04-12 Columbus Crew-Orlando City,Sun,2026-04-12,19:00 (18:00),Columbus Crew,1–1,Orlando City,19834,ScottsMiracle-Gro Field,Ricardo Montero,/en/matches/e56b3080/Columbus-Crew-Orlando-City-April-12-2026-Major-League-Soccer,,e56b3080
USA-Major League Soccer,2026,2026-04-17 Vancouver-Sporting KC,Fri,2026-04-17,19:30 (21:30),Vancouver,3–0,Sporting KC,21777,BC Place Stadium,Elijio Arreguin,/en/matches/f5077d35/Vancouver-Whitecaps-Sporting-Kansas-City-April-17-2026-Major-League-Soccer,,f5077d35
USA-Major League Soccer,2026,2026-04-18 Atlanta Utd-Nashville SC,Sat,2026-04-18,19:30 (18:30),Atlanta Utd,0–2,Nashville SC,36895,Mercedes-Benz Stadium,Allen Chapman,/en/matches/7dd294d9/Atlanta-United-Nashville-SC-April-18-2026-Major-League-Soccer,,7dd294d9
USA-Major League Soccer,2026,2026-04-18 CF Montréal-RB New York,Sat,2026-04-18,14:30 (13:30),CF Montréal,4–1,RB New York,12568,Stade Saputo,Sergii Demianchuk,/en/matches/eff63c62/CF-Montreal-Red-Bull-New-York-April-18-2026-Major-League-Soccer,,eff63c62
USA-Major League Soccer,2026,2026-04-18 Colorado Rapids-Inter Miami,Sat,2026-04-18,14:30 (15:30),Colorado Rapids,2–3,Inter Miami,75824,Empower Field at Mile High,Jon Freemon,/en/matches/09bbc02f/Colorado-Rapids-Inter-Miami-April-18-2026-Major-League-Soccer,,09bbc02f
USA-Major League Soccer,2026,2026-04-18 FC Cincinnati-Chicago Fire,Sat,2026-04-18,19:30 (18:30),FC Cincinnati,3–3,Chicago Fire,25513,TQL Stadium,Malik Badawi,/en/matches/8f195d94/FC-Cincinnati-Chicago-Fire-April-18-2026-Major-League-Soccer,,8f195d94
USA-Major League Soccer,2026,2026-04-18 FC Dallas-LA Galaxy,Sat,2026-04-18,19:30,FC Dallas,2–2,LA Galaxy,11004,Toyota Stadium,Marcos de Oliveira,/en/matches/4e4da07d/FC-Dallas-LA-Galaxy-April-18-2026-Major-League-Soccer,,4e4da07d
USA-Major League Soccer,2026,2026-04-18 Minnesota Utd-Portland Timbers,Sat,2026-04-18,19:30,Minnesota Utd,2–0,Portland Timbers,19617,Allianz Field,Nabil Bensalah,/en/matches/be3df254/Minnesota-United-Portland-Timbers-April-18-2026-Major-League-Soccer,,be3df254
USA-Major League Soccer,2026,2026-04-18 NE Revolution-Columbus Crew,Sat,2026-04-18,19:30 (18:30),NE Revolution,2–1,Columbus Crew,16257,Gillette Stadium,Tim Ford,/en/matches/ecb0e244/New-England-Revolution-Columbus-Crew-April-18-2026-Major-League-Soccer,,ecb0e244
USA-Major League Soccer,2026,2026-04-18 NYCFC-Charlotte,Sat,2026-04-18,19:30 (18:30),NYCFC,1–2,Charlotte,20997,Citi Field,Tori Penso,/en/matches/3d539c58/New-York-City-FC-Charlotte-FC-April-18-2026-Major-League-Soccer,,3d539c58
USA-Major League Soccer,2026,2026-04-18 Orlando City-Houston,Sat,2026-04-18,19:30 (18:30),Orlando City,0–1,Houston,19243,Inter&Co Stadium,Pierre-Luc Lauziere,/en/matches/13bc4a63/Orlando-City-Houston-Dynamo-April-18-2026-Major-League-Soccer,,13bc4a63
USA-Major League Soccer,2026,2026-04-18 Philadelphia-D.C. United,Sat,2026-04-18,19:30 (18:30),Philadelphia,0–0,D.C. United,18529,Subaru Park,Lorenzo Hernandez,/en/matches/b538b59b/Philadelphia-Union-DC-United-April-18-2026-Major-League-Soccer,,b538b59b
USA-Major League Soccer,2026,2026-04-18 Real Salt Lake-San Diego FC,Sat,2026-04-18,19:30 (20:30),Real Salt Lake,4–2,San Diego FC,20852,America First Field,Ismail Elfath,/en/matches/7f1598fa/Real-Salt-Lake-San-Diego-FC-April-18-2026-Major-League-Soccer,,7f1598fa
USA-Major League Soccer,2026,2026-04-18 Seattle Sounders-St. Louis City,Sat,2026-04-18,18:30 (20:30),Seattle Sounders,4–1,St. Louis City,30596,Lumen Field,Chris Penso,/en/matches/d8e1f0c6/Seattle-Sounders-St-Louis-City-April-18-2026-Major-League-Soccer,,d8e1f0c6
USA-Major League Soccer,2026,2026-04-18 Toronto FC-Austin FC,Sat,2026-04-18,13:00 (12:00),Toronto FC,3–3,Austin FC,16550,BMO Field,Drew Fischer,/en/matches/91c54463/Toronto-FC-Austin-FC-April-18-2026-Major-League-Soccer,,91c54463
USA-Major League Soccer,2026,2026-04-19 LAFC-SJ Earthquakes,Sun,2026-04-19,16:00 (18:00),LAFC,1–4,SJ Earthquakes,22114,BMO Stadium,Joe Dickerson,/en/matches/5f0aa31a/Los-Angeles-FC-San-Jose-Earthquakes-April-19-2026-Major-League-Soccer,,5f0aa31a
USA-Major League Soccer,2026,2026-04-22 Atlanta Utd-NE Revolution,Wed,2026-04-22,19:45 (18:45),Atlanta Utd,1–2,NE Revolution,30306,Mercedes-Benz Stadium,Ricardo Montero,/en/matches/0d75cd96/Atlanta-United-New-England-Revolution-April-22-2026-Major-League-Soccer,,0d75cd96
USA-Major League Soccer,2026,2026-04-22 Columbus Crew-LA Galaxy,Wed,2026-04-22,21:45 (20:45),Columbus Crew,2–1,LA Galaxy,19049,ScottsMiracle-Gro Field,Rosendo Mendoza,/en/matches/979f89c8/Columbus-Crew-LA-Galaxy-April-22-2026-Major-League-Soccer,,979f89c8
USA-Major League Soccer,2026,2026-04-22 FC Dallas-Minnesota Utd,Wed,2026-04-22,19:30,FC Dallas,0–1,Minnesota Utd,11004,Toyota Stadium,Allen Chapman,/en/matches/917d88d2/FC-Dallas-Minnesota-United-April-22-2026-Major-League-Soccer,,917d88d2
USA-Major League Soccer,2026,2026-04-22 Houston-San Diego FC,Wed,2026-04-22,19:30,Houston,1–0,San Diego FC,15838,Shell Energy Stadium,Rubiel Vazquez,/en/matches/c0935944/Houston-Dynamo-San-Diego-FC-April-22-2026-Major-League-Soccer,,c0935944
USA-Major League Soccer,2026,2026-04-22 LAFC-Colorado Rapids,Wed,2026-04-22,19:30 (21:30),LAFC,0–0,Colorado Rapids,22132,BMO Stadium,Victor Rivas,/en/matches/df9fb549/Los-Angeles-FC-Colorado-Rapids-April-22-2026-Major-League-Soccer,,df9fb549
USA-Major League Soccer,2026,2026-04-22 NYCFC-FC Cincinnati,Wed,2026-04-22,19:30 (18:30),NYCFC,4–4,FC Cincinnati,7099,Yankee Stadium,Serhii Boiko,/en/matches/dc4baad9/New-York-City-FC-FC-Cincinnati-April-22-2026-Major-League-Soccer,,dc4baad9
USA-Major League Soccer,2026,2026-04-22 Orlando City-Charlotte,Wed,2026-04-22,19:30 (18:30),Orlando City,4–1,Charlotte,16089,Inter&Co Stadium,Filip Dujic,/en/matches/e72bedb3/Orlando-City-Charlotte-FC-April-22-2026-Major-League-Soccer,,e72bedb3
USA-Major League Soccer,2026,2026-04-22 RB New York-D.C. United,Wed,2026-04-22,19:30 (18:30),RB New York,4–4,D.C. United,13309,Sports Illustrated Stadium,Marcos de Oliveira,/en/matches/3b866a36/Red-Bull-New-York-DC-United-April-22-2026-Major-League-Soccer,,3b866a36
USA-Major League Soccer,2026,2026-04-22 Real Salt Lake-Inter Miami,Wed,2026-04-22,19:30 (20:30),Real Salt Lake,0–2,Inter Miami,21512,America First Field,Pierre-Luc Lauziere,/en/matches/c7fe6f65/Real-Salt-Lake-Inter-Miami-April-22-2026-Major-League-Soccer,,c7fe6f65
USA-Major League Soccer,2026,2026-04-22 SJ Earthquakes-Austin FC,Wed,2026-04-22,19:30 (21:30),SJ Earthquakes,5–1,Austin FC,12276,PayPal Park,Tim Ford,/en/matches/c52ff5d0/San-Jose-Earthquakes-Austin-FC-April-22-2026-Major-League-Soccer,,c52ff5d0
USA-Major League Soccer,2026,2026-04-22 Toronto FC-Philadelphia,Wed,2026-04-22,19:30 (18:30),Toronto FC,3–3,Philadelphia,15461,BMO Field,Fotis Bazakos,/en/matches/871ec922/Toronto-FC-Philadelphia-Union-April-22-2026-Major-League-Soccer,,871ec922
USA-Major League Soccer,2026,2026-04-25 Austin FC-Houston,Sat,2026-04-25,19:30,Austin FC,2–0,Houston,20738,Q2 Stadium,Alexis Da Silva,/en/matches/71a3d916/Austin-FC-Houston-Dynamo-April-25-2026-Major-League-Soccer,,71a3d916
USA-Major League Soccer,2026,2026-04-25 CF Montréal-NYCFC,Sat,2026-04-25,14:30 (13:30),CF Montréal,1–0,NYCFC,14015,Stade Saputo,Ramy Touchan,/en/matches/df5f3a4d/CF-Montreal-New-York-City-FC-April-25-2026-Major-League-Soccer,,df5f3a4d
USA-Major League Soccer,2026,2026-04-25 Chicago Fire-Sporting KC,Sat,2026-04-25,19:30,Chicago Fire,5–0,Sporting KC,17892,Soldier Field,Brandon Stevis,/en/matches/27021553/Chicago-Fire-Sporting-Kansas-City-April-25-2026-Major-League-Soccer,,27021553
USA-Major League Soccer,2026,2026-04-25 Columbus Crew-Philadelphia,Sat,2026-04-25,19:30 (18:30),Columbus Crew,2–0,Philadelphia,19903,ScottsMiracle-Gro Field,Filip Dujic,/en/matches/5877ea14/Columbus-Crew-Philadelphia-Union-April-25-2026-Major-League-Soccer,,5877ea14
USA-Major League Soccer,2026,2026-04-25 D.C. United-Orlando City,Sat,2026-04-25,19:30 (18:30),D.C. United,3–2,Orlando City,14040,Audi Field,Chris Penso,/en/matches/c5ad12bf/DC-United-Orlando-City-April-25-2026-Major-League-Soccer,,c5ad12bf
USA-Major League Soccer,2026,2026-04-25 FC Cincinnati-RB New York,Sat,2026-04-25,19:30 (18:30),FC Cincinnati,2–0,RB New York,25513,TQL Stadium,Fotis Bazakos,/en/matches/6cb955cb/FC-Cincinnati-Red-Bull-New-York-April-25-2026-Major-League-Soccer,,6cb955cb
USA-Major League Soccer,2026,2026-04-25 Inter Miami-NE Revolution,Sat,2026-04-25,19:30 (18:30),Inter Miami,1–1,NE Revolution,26609,Nu Stadium,Rubiel Vazquez,/en/matches/a950feb5/Inter-Miami-New-England-Revolution-April-25-2026-Major-League-Soccer,,a950feb5
USA-Major League Soccer,2026,2026-04-25 Minnesota Utd-LAFC,Sat,2026-04-25,15:45,Minnesota Utd,0–1,LAFC,19710,Allianz Field,Guido Gonzalez Jr.,/en/matches/e923df05/Minnesota-United-Los-Angeles-FC-April-25-2026-Major-League-Soccer,,e923df05
USA-Major League Soccer,2026,2026-04-25 Nashville SC-Charlotte,Sat,2026-04-25,19:30,Nashville SC,4–2,Charlotte,30109,Geodis Park,Joe Dickerson,/en/matches/bf7f2acc/Nashville-SC-Charlotte-FC-April-25-2026-Major-League-Soccer,,bf7f2acc
USA-Major League Soccer,2026,2026-04-25 San Diego FC-Portland Timbers,Sat,2026-04-25,18:30 (20:30),San Diego FC,1–2,Portland Timbers,22369,Snapdragon Stadium,Jon Freemon,/en/matches/41b3e3b8/San-Diego-FC-Portland-Timbers-April-25-2026-Major-League-Soccer,,41b3e3b8
USA-Major League Soccer,2026,2026-04-25 Seattle Sounders-FC Dallas,Sat,2026-04-25,19:30 (21:30),Seattle Sounders,2–1,FC Dallas,31785,Lumen Field,Jon Freemon,/en/matches/9157f8a9/Seattle-Sounders-FC-Dallas-April-25-2026-Major-League-Soccer,,9157f8a9
USA-Major League Soccer,2026,2026-04-25 St. Louis City-SJ Earthquakes,Sat,2026-04-25,19:30,St. Louis City,2–3,SJ Earthquakes,22423,Energizer Park,Drew Fischer,/en/matches/a32de9dc/St-Louis-City-San-Jose-Earthquakes-April-25-2026-Major-League-Soccer,,a32de9dc
USA-Major League Soccer,2026,2026-04-25 Toronto FC-Atlanta Utd,Sat,2026-04-25,13:00 (12:00),Toronto FC,1–2,Atlanta Utd,13754,BMO Field,Ismail Elfath,/en/matches/c4292fd1/Toronto-FC-Atlanta-United-April-25-2026-Major-League-Soccer,,c4292fd1
USA-Major League Soccer,2026,2026-04-25 Vancouver-Colorado Rapids,Sat,2026-04-25,19:30 (21:30),Vancouver,3–1,Colorado Rapids,27588,BC Place Stadium,Lorenzo Hernandez,/en/matches/98f49249/Vancouver-Whitecaps-Colorado-Rapids-April-25-2026-Major-League-Soccer,,98f49249
USA-Major League Soccer,2026,2026-04-26 LA Galaxy-Real Salt Lake,Sun,2026-04-26,16:00 (18:00),LA Galaxy,2–1,Real Salt Lake,19773,Dignity Health Sports Park,Victor Rivas,/en/matches/a901a09e/LA-Galaxy-Real-Salt-Lake-April-26-2026-Major-League-Soccer,,a901a09e
USA-Major League Soccer,2026,2026-05-02 Atlanta Utd-CF Montréal,Sat,2026-05-02,19:30 (18:30),Atlanta Utd,3–1,CF Montréal,34703,Mercedes-Benz Stadium,Rubiel Vazquez,/en/matches/6510c975/Atlanta-United-CF-Montreal-May-2-2026-Major-League-Soccer,,6510c975
USA-Major League Soccer,2026,2026-05-02 Chicago Fire-FC Cincinnati,Sat,2026-05-02,19:30,Chicago Fire,2–3,FC Cincinnati,18639,Soldier Field,Joe Dickerson,/en/matches/ca915ad3/Chicago-Fire-FC-Cincinnati-May-2-2026-Major-League-Soccer,,ca915ad3
USA-Major League Soccer,2026,2026-05-02 Columbus Crew-Minnesota Utd,Sat,2026-05-02,19:30 (18:30),Columbus Crew,2–3,Minnesota Utd,18904,ScottsMiracle-Gro Field,Serhii Boiko,/en/matches/1b29c1a3/Columbus-Crew-Minnesota-United-May-2-2026-Major-League-Soccer,,1b29c1a3
USA-Major League Soccer,2026,2026-05-02 Houston-Colorado Rapids,Sat,2026-05-02,19:30,Houston,1–0,Colorado Rapids,18889,Shell Energy Stadium,Allen Chapman,/en/matches/81bc0832/Houston-Dynamo-Colorado-Rapids-May-2-2026-Major-League-Soccer,,81bc0832
USA-Major League Soccer,2026,2026-05-02 Inter Miami-Orlando City,Sat,2026-05-02,19:15 (18:15),Inter Miami,3–4,Orlando City,26684,Nu Stadium,Guido Gonzalez Jr.,/en/matches/d070b7ad/Inter-Miami-Orlando-City-May-2-2026-Major-League-Soccer,,d070b7ad
USA-Major League Soccer,2026,2026-05-02 LA Galaxy-Vancouver,Sat,2026-05-02,19:30 (21:30),LA Galaxy,1–1,Vancouver,19429,Dignity Health Sports Park,Alexis Da Silva,/en/matches/ba9d5a10/LA-Galaxy-Vancouver-Whitecaps-May-2-2026-Major-League-Soccer,,ba9d5a10
USA-Major League Soccer,2026,2026-05-02 NE Revolution-Charlotte,Sat,2026-05-02,19:30 (18:30),NE Revolution,1–0,Charlotte,22851,Gillette Stadium,Pierre-Luc Lauziere,/en/matches/488c1b5a/New-England-Revolution-Charlotte-FC-May-2-2026-Major-League-Soccer,,488c1b5a
USA-Major League Soccer,2026,2026-05-02 Philadelphia-Nashville SC,Sat,2026-05-02,19:30 (18:30),Philadelphia,0–0,Nashville SC,17430,Subaru Park,Elijio Arreguin,/en/matches/9f5a8427/Philadelphia-Union-Nashville-SC-May-2-2026-Major-League-Soccer,,9f5a8427
USA-Major League Soccer,2026,2026-05-02 RB New York-FC Dallas,Sat,2026-05-02,19:30 (18:30),RB New York,0–2,FC Dallas,20414,Sports Illustrated Stadium,Jair Marrufo,/en/matches/5ebfa334/Red-Bull-New-York-FC-Dallas-May-2-2026-Major-League-Soccer,,5ebfa334
USA-Major League Soccer,2026,2026-05-02 Real Salt Lake-Portland Timbers,Sat,2026-05-02,14:45 (15:45),Real Salt Lake,2–0,Portland Timbers,20614,America First Field,Rosendo Mendoza,/en/matches/bb849591/Real-Salt-Lake-Portland-Timbers-May-2-2026-Major-League-Soccer,,bb849591
USA-Major League Soccer,2026,2026-05-02 San Diego FC-LAFC,Sat,2026-05-02,18:30 (20:30),San Diego FC,2–2,LAFC,28459,Snapdragon Stadium,Filip Dujic,/en/matches/1fc3cd59/San-Diego-FC-Los-Angeles-FC-May-2-2026-Major-League-Soccer,,1fc3cd59
USA-Major League Soccer,2026,2026-05-02 Sporting KC-Seattle Sounders,Sat,2026-05-02,13:30,Sporting KC,1–1,Seattle Sounders,16378,Sporting Park,Sergii Demianchuk,/en/matches/62d836c4/Sporting-Kansas-City-Seattle-Sounders-May-2-2026-Major-League-Soccer,,62d836c4
USA-Major League Soccer,2026,2026-05-02 Toronto FC-SJ Earthquakes,Sat,2026-05-02,13:00 (12:00),Toronto FC,1–1,SJ Earthquakes,19021,BMO Field,Michael Venne,/en/matches/49a9daaf/Toronto-FC-San-Jose-Earthquakes-May-2-2026-Major-League-Soccer,,49a9daaf
USA-Major League Soccer,2026,2026-05-03 Austin FC-St. Louis City,Sun,2026-05-03,16:30,Austin FC,2–0,St. Louis City,20738,Q2 Stadium,Jon Freemon,/en/matches/f9b5cbd2/Austin-FC-St-Louis-City-May-3-2026-Major-League-Soccer,,f9b5cbd2
USA-Major League Soccer,2026,2026-05-03 NYCFC-D.C. United,Sun,2026-05-03,15:00 (14:00),NYCFC,0–2,D.C. United,23931,Citi Field,Ismail Elfath,/en/matches/0d85bc35/New-York-City-FC-DC-United-May-3-2026-Major-League-Soccer,,0d85bc35
USA-Major League Soccer,2026,2026-05-09 Atlanta Utd-LA Galaxy,Sat,2026-05-09,19:30 (18:30),Atlanta Utd,1–2,LA Galaxy,40392,Mercedes-Benz Stadium,Fotis Bazakos,/en/matches/5171850e/Atlanta-United-LA-Galaxy-May-9-2026-Major-League-Soccer,,5171850e
USA-Major League Soccer,2026,2026-05-09 CF Montréal-Orlando City,Sat,2026-05-09,16:30 (15:30),CF Montréal,2–0,Orlando City,14044,Stade Saputo,Marcos de Oliveira,/en/matches/d09d20cb/CF-Montreal-Orlando-City-May-9-2026-Major-League-Soccer,,d09d20cb
USA-Major League Soccer,2026,2026-05-09 Charlotte-FC Cincinnati,Sat,2026-05-09,19:30 (18:30),Charlotte,2–2,FC Cincinnati,26252,Bank of America Stadium,Ismail Elfath,/en/matches/f17edf67/Charlotte-FC-FC-Cincinnati-May-9-2026-Major-League-Soccer,,f17edf67
USA-Major League Soccer,2026,2026-05-09 Chicago Fire-RB New York,Sat,2026-05-09,13:30,Chicago Fire,1–3,RB New York,23647,Soldier Field,Allen Chapman,/en/matches/e163ef59/Chicago-Fire-Red-Bull-New-York-May-9-2026-Major-League-Soccer,,e163ef59
USA-Major League Soccer,2026,2026-05-09 Colorado Rapids-St. Louis City,Sat,2026-05-09,19:30 (20:30),Colorado Rapids,0–1,St. Louis City,16028,Dick's Sporting Goods Park,Tim Ford,/en/matches/d40a7770/Colorado-Rapids-St-Louis-City-May-9-2026-Major-League-Soccer,,d40a7770
USA-Major League Soccer,2026,2026-05-09 FC Dallas-Real Salt Lake,Sat,2026-05-09,19:30,FC Dallas,3–1,Real Salt Lake,11004,Toyota Stadium,Joe Dickerson,/en/matches/6e3b5626/FC-Dallas-Real-Salt-Lake-May-9-2026-Major-League-Soccer,,6e3b5626
USA-Major League Soccer,2026,2026-05-09 NE Revolution-Philadelphia,Sat,2026-05-09,19:30 (18:30),NE Revolution,2–1,Philadelphia,18561,Gillette Stadium,Tori Penso,/en/matches/2717e34e/New-England-Revolution-Philadelphia-Union-May-9-2026-Major-League-Soccer,,2717e34e
USA-Major League Soccer,2026,2026-05-09 Nashville SC-D.C. United,Sat,2026-05-09,20:15,Nashville SC,2–2,D.C. United,28384,Geodis Park,Joshua Encarnacion,/en/matches/9dc76b0a/Nashville-SC-DC-United-May-9-2026-Major-League-Soccer,,9dc76b0a
USA-Major League Soccer,2026,2026-05-09 Portland Timbers-Sporting KC,Sat,2026-05-09,19:30 (21:30),Portland Timbers,6–0,Sporting KC,22384,Providence Park,Ramy Touchan,/en/matches/19b4f06f/Portland-Timbers-Sporting-Kansas-City-May-9-2026-Major-League-Soccer,,19b4f06f
USA-Major League Soccer,2026,2026-05-09 SJ Earthquakes-Vancouver,Sat,2026-05-09,19:30 (21:30),SJ Earthquakes,1–1,Vancouver,18000,PayPal Park,Malik Badawi,/en/matches/b2a61411/San-Jose-Earthquakes-Vancouver-Whitecaps-May-9-2026-Major-League-Soccer,,b2a61411
USA-Major League Soccer,2026,2026-05-09 Seattle Sounders-San Diego FC,Sat,2026-05-09,19:30 (21:30),Seattle Sounders,1–1,San Diego FC,31528,Lumen Field,Armando Villarreal,/en/matches/3a4f51b9/Seattle-Sounders-San-Diego-FC-May-9-2026-Major-League-Soccer,,3a4f51b9
USA-Major League Soccer,2026,2026-05-09 Toronto FC-Inter Miami,Sat,2026-05-09,13:00 (12:00),Toronto FC,2–4,Inter Miami,44828,BMO Field,Victor Rivas,/en/matches/cdf812d4/Toronto-FC-Inter-Miami-May-9-2026-Major-League-Soccer,,cdf812d4
USA-Major League Soccer,2026,2026-05-10 LAFC-Houston,Sun,2026-05-10,18:00 (20:00),LAFC,1–4,Houston,21531,BMO Stadium,Drew Fischer,/en/matches/6bcd0114/Los-Angeles-FC-Houston-Dynamo-May-10-2026-Major-League-Soccer,,6bcd0114
USA-Major League Soccer,2026,2026-05-10 Minnesota Utd-Austin FC,Sun,2026-05-10,18:00,Minnesota Utd,2–2,Austin FC,18749,Allianz Field,Chris Penso,/en/matches/9954f1ba/Minnesota-United-Austin-FC-May-10-2026-Major-League-Soccer,,9954f1ba
USA-Major League Soccer,2026,2026-05-10 NYCFC-Columbus Crew,Sun,2026-05-10,16:30 (15:30),NYCFC,3–0,Columbus Crew,17770,Yankee Stadium,Rubiel Vazquez,/en/matches/3b2a4d19/New-York-City-FC-Columbus-Crew-May-10-2026-Major-League-Soccer,,3b2a4d19
USA-Major League Soccer,2026,2026-05-13 CF Montréal-Portland Timbers,Wed,2026-05-13,19:30 (18:30),CF Montréal,2–2,Portland Timbers,12251,Stade Saputo,Allen Chapman,/en/matches/922ba0ba/CF-Montreal-Portland-Timbers-May-13-2026-Major-League-Soccer,,922ba0ba
USA-Major League Soccer,2026,2026-05-13 Charlotte-NYCFC,Wed,2026-05-13,19:15 (18:15),Charlotte,0–1,NYCFC,23903,Bank of America Stadium,Jon Freemon,/en/matches/21f0ae6b/Charlotte-FC-New-York-City-FC-May-13-2026-Major-League-Soccer,,21f0ae6b
USA-Major League Soccer,2026,2026-05-13 D.C. United-Chicago Fire,Wed,2026-05-13,19:30 (18:30),D.C. United,1–3,Chicago Fire,11243,Audi Field,Ricardo Fierro,/en/matches/05e46c58/DC-United-Chicago-Fire-May-13-2026-Major-League-Soccer,,05e46c58
USA-Major League Soccer,2026,2026-05-13 FC Cincinnati-Inter Miami,Wed,2026-05-13,19:30 (18:30),FC Cincinnati,3–5,Inter Miami,25513,TQL Stadium,Alexis Da Silva,/en/matches/6d6c6c1d/FC-Cincinnati-Inter-Miami-May-13-2026-Major-League-Soccer,,6d6c6c1d
USA-Major League Soccer,2026,2026-05-13 FC Dallas-Vancouver,Wed,2026-05-13,19:30,FC Dallas,2–3,Vancouver,11004,Toyota Stadium,Rosendo Mendoza,/en/matches/b3703438/FC-Dallas-Vancouver-Whitecaps-May-13-2026-Major-League-Soccer,,b3703438
USA-Major League Soccer,2026,2026-05-13 Minnesota Utd-Colorado Rapids,Wed,2026-05-13,19:30,Minnesota Utd,0–1,Colorado Rapids,18458,Allianz Field,Elijio Arreguin,/en/matches/49e9574d/Minnesota-United-Colorado-Rapids-May-13-2026-Major-League-Soccer,,49e9574d
USA-Major League Soccer,2026,2026-05-13 NE Revolution-Nashville SC,Wed,2026-05-13,19:30 (18:30),NE Revolution,0–3,Nashville SC,14287,Gillette Stadium,Sergii Demianchuk,/en/matches/29d7568e/New-England-Revolution-Nashville-SC-May-13-2026-Major-League-Soccer,,29d7568e
USA-Major League Soccer,2026,2026-05-13 Orlando City-Philadelphia,Wed,2026-05-13,19:30 (18:30),Orlando City,4–3,Philadelphia,15656,Inter&Co Stadium,Serhii Boiko,/en/matches/2bfc494c/Orlando-City-Philadelphia-Union-May-13-2026-Major-League-Soccer,,2bfc494c
USA-Major League Soccer,2026,2026-05-13 RB New York-Columbus Crew,Wed,2026-05-13,19:30 (18:30),RB New York,3–2,Columbus Crew,14116,Sports Illustrated Stadium,Pierre-Luc Lauziere,/en/matches/09d1c896/Red-Bull-New-York-Columbus-Crew-May-13-2026-Major-League-Soccer,,09d1c896
USA-Major League Soccer,2026,2026-05-13 Real Salt Lake-Houston,Wed,2026-05-13,19:30 (20:30),Real Salt Lake,3–0,Houston,20429,America First Field,Jair Marrufo,/en/matches/3d9b1de7/Real-Salt-Lake-Houston-Dynamo-May-13-2026-Major-League-Soccer,,3d9b1de7
USA-Major League Soccer,2026,2026-05-13 San Diego FC-Austin FC,Wed,2026-05-13,18:30 (20:30),San Diego FC,5–0,Austin FC,19194,Snapdragon Stadium,Malik Badawi,/en/matches/4bf24da3/San-Diego-FC-Austin-FC-May-13-2026-Major-League-Soccer,,4bf24da3
USA-Major League Soccer,2026,2026-05-13 Seattle Sounders-SJ Earthquakes,Wed,2026-05-13,18:30 (20:30),Seattle Sounders,3–2,SJ Earthquakes,28726,Lumen Field,Filip Dujic,/en/matches/9506b0d7/Seattle-Sounders-San-Jose-Earthquakes-May-13-2026-Major-League-Soccer,,9506b0d7
USA-Major League Soccer,2026,2026-05-13 Sporting KC-LA Galaxy,Wed,2026-05-13,19:30,Sporting KC,3–1,LA Galaxy,14188,Sporting Park,Ricardo Montero,/en/matches/8bd62278/Sporting-Kansas-City-LA-Galaxy-May-13-2026-Major-League-Soccer,,8bd62278
USA-Major League Soccer,2026,2026-05-13 St. Louis City-LAFC,Wed,2026-05-13,19:30,St. Louis City,2–1,LAFC,22423,Energizer Park,Lorenzo Hernandez,/en/matches/33cb35d0/St-Louis-City-Los-Angeles-FC-May-13-2026-Major-League-Soccer,,33cb35d0
USA-Major League Soccer,2026,2026-05-16 Austin FC-Sporting KC,Sat,2026-05-16,19:30,Austin FC,1–2,Sporting KC,20738,Q2 Stadium,Marcos de Oliveira,/en/matches/569000e1/Austin-FC-Sporting-Kansas-City-May-16-2026-Major-League-Soccer,,569000e1
USA-Major League Soccer,2026,2026-05-16 CF Montréal-Chicago Fire,Sat,2026-05-16,16:30 (15:30),CF Montréal,0–2,Chicago Fire,16018,Stade Saputo,Fotis Bazakos,/en/matches/e02a5977/CF-Montreal-Chicago-Fire-May-16-2026-Major-League-Soccer,,e02a5977
USA-Major League Soccer,2026,2026-05-16 Charlotte-Toronto FC,Sat,2026-05-16,19:30 (18:30),Charlotte,3–1,Toronto FC,28158,Bank of America Stadium,Allen Chapman,/en/matches/5b8424aa/Charlotte-FC-Toronto-FC-May-16-2026-Major-League-Soccer,,5b8424aa
USA-Major League Soccer,2026,2026-05-16 D.C. United-St. Louis City,Sat,2026-05-16,19:30 (18:30),D.C. United,1–1,St. Louis City,16888,Audi Field,Rodrigo Albuquerque,/en/matches/9e248a86/DC-United-St-Louis-City-May-16-2026-Major-League-Soccer,,9e248a86
USA-Major League Soccer,2026,2026-05-16 Houston-Vancouver,Sat,2026-05-16,19:30,Houston,1–0,Vancouver,20114,Shell Energy Stadium,Ismail Elfath,/en/matches/10d19cd0/Houston-Dynamo-Vancouver-Whitecaps-May-16-2026-Major-League-Soccer,,10d19cd0
USA-Major League Soccer,2026,2026-05-16 NE Revolution-Minnesota Utd,Sat,2026-05-16,19:30 (18:30),NE Revolution,2–1,Minnesota Utd,26385,Gillette Stadium,Rosendo Mendoza,/en/matches/1c0324d5/New-England-Revolution-Minnesota-United-May-16-2026-Major-League-Soccer,,1c0324d5
USA-Major League Soccer,2026,2026-05-16 Orlando City-Atlanta Utd,Sat,2026-05-16,19:30 (18:30),Orlando City,1–1,Atlanta Utd,20074,Inter&Co Stadium,Tori Penso,/en/matches/d4bed8a2/Orlando-City-Atlanta-United-May-16-2026-Major-League-Soccer,,d4bed8a2
USA-Major League Soccer,2026,2026-05-16 Philadelphia-Columbus Crew,Sat,2026-05-16,19:30 (18:30),Philadelphia,1–1,Columbus Crew,17505,Subaru Park,Armando Villarreal,/en/matches/b0c0b381/Philadelphia-Union-Columbus-Crew-May-16-2026-Major-League-Soccer,,b0c0b381
USA-Major League Soccer,2026,2026-05-16 RB New York-NYCFC,Sat,2026-05-16,19:30 (18:30),RB New York,1–1,NYCFC,25219,Sports Illustrated Stadium,Victor Rivas,/en/matches/2841c40d/Red-Bull-New-York-New-York-City-FC-May-16-2026-Major-League-Soccer,,2841c40d
USA-Major League Soccer,2026,2026-05-16 Real Salt Lake-Colorado Rapids,Sat,2026-05-16,19:30 (20:30),Real Salt Lake,2–1,Colorado Rapids,21424,America First Field,Malik Badawi,/en/matches/6e16c0db/Real-Salt-Lake-Colorado-Rapids-May-16-2026-Major-League-Soccer,,6e16c0db
USA-Major League Soccer,2026,2026-05-16 SJ Earthquakes-FC Dallas,Sat,2026-05-16,19:30 (21:30),SJ Earthquakes,2–3,FC Dallas,18000,PayPal Park,Chris Penso,/en/matches/e26312da/San-Jose-Earthquakes-FC-Dallas-May-16-2026-Major-League-Soccer,,e26312da
USA-Major League Soccer,2026,2026-05-16 San Diego FC-FC Cincinnati,Sat,2026-05-16,18:30 (20:30),San Diego FC,3–3,FC Cincinnati,24984,Snapdragon Stadium,Tim Ford,/en/matches/03999cbb/San-Diego-FC-FC-Cincinnati-May-16-2026-Major-League-Soccer,,03999cbb
USA-Major League Soccer,2026,2026-05-16 Seattle Sounders-LA Galaxy,Sat,2026-05-16,18:15 (20:15),Seattle Sounders,0–2,LA Galaxy,32659,Lumen Field,Joe Dickerson,/en/matches/1205c6b7/Seattle-Sounders-LA-Galaxy-May-16-2026-Major-League-Soccer,,1205c6b7
USA-Major League Soccer,2026,2026-05-17 Inter Miami-Portland Timbers,Sun,2026-05-17,18:00 (17:00),Inter Miami,2–0,Portland Timbers,26715,Nu Stadium,Drew Fischer,/en/matches/379b9978/Inter-Miami-Portland-Timbers-May-17-2026-Major-League-Soccer,,379b9978
USA-Major League Soccer,2026,2026-05-17 Nashville SC-LAFC,Sun,2026-05-17,19:00,Nashville SC,3–2,LAFC,27948,Geodis Park,Rubiel Vazquez,/en/matches/2843b9fb/Nashville-SC-Los-Angeles-FC-May-17-2026-Major-League-Soccer,,2843b9fb
USA-Major League Soccer,2026,2026-05-23 Charlotte-NE Revolution,Sat,2026-05-23,19:30 (18:30),Charlotte,1–0,NE Revolution,24640,Bank of America Stadium,Fotis Bazakos,/en/matches/5940e1d8/Charlotte-FC-New-England-Revolution-May-23-2026-Major-League-Soccer,,5940e1d8
USA-Major League Soccer,2026,2026-05-23 Chicago Fire-Toronto FC,Sat,2026-05-23,19:30,Chicago Fire,2–1,Toronto FC,26752,Soldier Field,Sergii Demianchuk,/en/matches/c9f021a2/Chicago-Fire-Toronto-FC-May-23-2026-Major-League-Soccer,,c9f021a2
USA-Major League Soccer,2026,2026-05-23 Colorado Rapids-FC Dallas,Sat,2026-05-23,19:30 (20:30),Colorado Rapids,1–2,FC Dallas,17142,Dick's Sporting Goods Park,Ismail Elfath,/en/matches/496da80a/Colorado-Rapids-FC-Dallas-May-23-2026-Major-League-Soccer,,496da80a
USA-Major League Soccer,2026,2026-05-23 D.C. United-CF Montréal,Sat,2026-05-23,19:30 (18:30),D.C. United,4–4,CF Montréal,19215,Audi Field,Filip Dujic,/en/matches/5b51ae2a/DC-United-CF-Montreal-May-23-2026-Major-League-Soccer,,5b51ae2a
USA-Major League Soccer,2026,2026-05-23 FC Cincinnati-Orlando City,Sat,2026-05-23,19:30 (18:30),FC Cincinnati,6–2,Orlando City,25513,TQL Stadium,Rubiel Vazquez,/en/matches/c8fa1430/FC-Cincinnati-Orlando-City-May-23-2026-Major-League-Soccer,,c8fa1430
USA-Major League Soccer,2026,2026-05-23 LA Galaxy-Houston,Sat,2026-05-23,19:30 (21:30),LA Galaxy,1–1,Houston,23638,Dignity Health Sports Park,Lorenzo Hernandez,/en/matches/0cacb57d/LA-Galaxy-Houston-Dynamo-May-23-2026-Major-League-Soccer,,0cacb57d
USA-Major League Soccer,2026,2026-05-23 Minnesota Utd-Real Salt Lake,Sat,2026-05-23,15:30,Minnesota Utd,1–1,Real Salt Lake,19838,Allianz Field,Tori Penso,/en/matches/74b19398/Minnesota-United-Real-Salt-Lake-May-23-2026-Major-League-Soccer,,74b19398
USA-Major League Soccer,2026,2026-05-23 Nashville SC-NYCFC,Sat,2026-05-23,19:30,Nashville SC,2–1,NYCFC,25835,Geodis Park,Alexis Da Silva,/en/matches/aa9bfff8/Nashville-SC-New-York-City-FC-May-23-2026-Major-League-Soccer,,aa9bfff8
USA-Major League Soccer,2026,2026-05-23 Portland Timbers-SJ Earthquakes,Sat,2026-05-23,18:30 (20:30),Portland Timbers,1–3,SJ Earthquakes,24686,Providence Park,Tim Ford,/en/matches/c197c0b3/Portland-Timbers-San-Jose-Earthquakes-May-23-2026-Major-League-Soccer,,c197c0b3
USA-Major League Soccer,2026,2026-05-23 San Diego FC-Vancouver,Sat,2026-05-23,18:30 (20:30),San Diego FC,2–4,Vancouver,23906,Snapdragon Stadium,Drew Fischer,/en/matches/14b3ce1b/San-Diego-FC-Vancouver-Whitecaps-May-23-2026-Major-League-Soccer,,14b3ce1b
USA-Major League Soccer,2026,2026-05-23 Sporting KC-RB New York,Sat,2026-05-23,19:30,Sporting KC,1–2,RB New York,17575,Sporting Park,Nabil Bensalah,/en/matches/4d65f809/Sporting-Kansas-City-Red-Bull-New-York-May-23-2026-Major-League-Soccer,,4d65f809
USA-Major League Soccer,2026,2026-05-23 St. Louis City-Austin FC,Sat,2026-05-23,13:45,St. Louis City,3–0,Austin FC,22423,Energizer Park,Pierre-Luc Lauziere,/en/matches/ed8df0af/St-Louis-City-Austin-FC-May-23-2026-Major-League-Soccer,,ed8df0af
USA-Major League Soccer,2026,2026-05-24 Columbus Crew-Atlanta Utd,Sun,2026-05-24,17:00 (16:00),Columbus Crew,2–0,Atlanta Utd,19782,ScottsMiracle-Gro Field,Chris Penso,/en/matches/56aca33c/Columbus-Crew-Atlanta-United-May-24-2026-Major-League-Soccer,,56aca33c
USA-Major League Soccer,2026,2026-05-24 Inter Miami-Philadelphia,Sun,2026-05-24,19:00 (18:00),Inter Miami,6–4,Philadelphia,26649,Nu Stadium,Rosendo Mendoza,/en/matches/5cd34f85/Inter-Miami-Philadelphia-Union-May-24-2026-Major-League-Soccer,,5cd34f85
USA-Major League Soccer,2026,2026-05-24 LAFC-Seattle Sounders,Sun,2026-05-24,18:15 (20:15),LAFC,1–0,Seattle Sounders,22146,BMO Stadium,Ramy Touchan,/en/matches/06195a69/Los-Angeles-FC-Seattle-Sounders-May-24-2026-Major-League-Soccer,,06195a69
USA-Major League Soccer,2026,2026-07-16 CF Montréal-Toronto FC,Thu,2026-07-16,19:30 (18:30),CF Montréal,0–0,Toronto FC,17707,Stade Saputo,Guido Gonzalez Jr.,/en/matches/31a23886/CF-Montreal-Toronto-FC-July-16-2026-Major-League-Soccer,,31a23886
USA-Major League Soccer,2026,2026-07-16 Seattle Sounders-Portland Timbers,Thu,2026-07-16,19:30 (21:30),Seattle Sounders,1–5,Portland Timbers,35383,Lumen Field,Rosendo Mendoza,/en/matches/b371367b/Seattle-Sounders-Portland-Timbers-July-16-2026-Major-League-Soccer,,b371367b
USA-Major League Soccer,2026,2026-07-16 St. Louis City-Sporting KC,Thu,2026-07-16,19:30,St. Louis City,3–2,Sporting KC,22423,Energizer Park,Allen Chapman,/en/matches/f705a273/St-Louis-City-Sporting-Kansas-City-July-16-2026-Major-League-Soccer,,f705a273
USA-Major League Soccer,2026,2026-07-17 LA Galaxy-LAFC,Fri,2026-07-17,19:25 (21:25),LA Galaxy,0–3,LAFC,24325,Dignity Health Sports Park,Rubiel Vazquez,/en/matches/92b871a5/El-Trafico-LA-Galaxy-Los-Angeles-FC-July-17-2026-Major-League-Soccer,,92b871a5
USA-Major League Soccer,2026,2026-07-17 Nashville SC-Atlanta Utd,Fri,2026-07-17,19:10,Nashville SC,1–0,Atlanta Utd,11500,Geodis Park,Filip Dujic,/en/matches/d7f2a519/Nashville-SC-Atlanta-United-July-17-2026-Major-League-Soccer,,d7f2a519
USA-Major League Soccer,2026,2026-07-22 Austin FC-Seattle Sounders,Wed,2026-07-22,20:30,Austin FC,3–1,Seattle Sounders,20738,Q2 Stadium,Ricardo Montero,/en/matches/aa531d24/Austin-FC-Seattle-Sounders-July-22-2026-Major-League-Soccer,,aa531d24
USA-Major League Soccer,2026,2026-07-22 Charlotte-Atlanta Utd,Wed,2026-07-22,20:15 (19:15),Charlotte,2–2,Atlanta Utd,28077,Bank of America Stadium,Serhii Boiko,/en/matches/f04aff44/Charlotte-FC-Atlanta-United-July-22-2026-Major-League-Soccer,,f04aff44
USA-Major League Soccer,2026,2026-07-22 Colorado Rapids-San Diego FC,Wed,2026-07-22,19:30 (20:30),Colorado Rapids,1–0,San Diego FC,15109,Dick's Sporting Goods Park,Chris Penso,/en/matches/3b1c031b/Colorado-Rapids-San-Diego-FC-July-22-2026-Major-League-Soccer,,3b1c031b
USA-Major League Soccer,2026,2026-07-22 Columbus Crew-NYCFC,Wed,2026-07-22,19:30 (18:30),Columbus Crew,1–2,NYCFC,20036,ScottsMiracle-Gro Field,Lorenzo Hernandez,/en/matches/468c2a64/Columbus-Crew-New-York-City-FC-July-22-2026-Major-League-Soccer,,468c2a64
USA-Major League Soccer,2026,2026-07-22 FC Cincinnati-Vancouver,Wed,2026-07-22,19:30 (18:30),FC Cincinnati,4–3,Vancouver,25513,TQL Stadium,Jon Freemon,/en/matches/a95bd236/FC-Cincinnati-Vancouver-Whitecaps-July-22-2026-Major-League-Soccer,,a95bd236
USA-Major League Soccer,2026,2026-07-22 Houston-D.C. United,Wed,2026-07-22,19:30,Houston,1–1,D.C. United,17137,Shell Energy Stadium,Victor Rivas,/en/matches/5a41937d/Houston-Dynamo-DC-United-July-22-2026-Major-League-Soccer,,5a41937d
USA-Major League Soccer,2026,2026-07-22 Inter Miami-Chicago Fire,Wed,2026-07-22,19:30 (18:30),Inter Miami,3–2,Chicago Fire,25123,Nu Stadium,Rubiel Vazquez,/en/matches/c061434a/Inter-Miami-Chicago-Fire-July-22-2026-Major-League-Soccer,,c061434a
USA-Major League Soccer,2026,2026-07-22 LA Galaxy-St. Louis City,Wed,2026-07-22,19:30 (21:30),LA Galaxy,1–3,St. Louis City,17322,Dignity Health Sports Park,Malik Badawi,/en/matches/e35a4001/LA-Galaxy-St-Louis-City-July-22-2026-Major-League-Soccer,,e35a4001
USA-Major League Soccer,2026,2026-07-22 LAFC-Real Salt Lake,Wed,2026-07-22,19:30 (21:30),LAFC,3–1,Real Salt Lake,22097,BMO Stadium,Pierre-Luc Lauziere,/en/matches/2f6a1522/Los-Angeles-FC-Real-Salt-Lake-July-22-2026-Major-League-Soccer,,2f6a1522
USA-Major League Soccer,2026,2026-07-22 NE Revolution-Toronto FC,Wed,2026-07-22,19:30 (18:30),NE Revolution,0–0,Toronto FC,17249,Gillette Stadium,Sergii Demianchuk,/en/matches/d67c7a98/New-England-Revolution-Toronto-FC-July-22-2026-Major-League-Soccer,,d67c7a98
USA-Major League Soccer,2026,2026-07-22 Nashville SC-CF Montréal,Wed,2026-07-22,19:30,Nashville SC,1–0,CF Montréal,25490,Geodis Park,Marcos de Oliveira,/en/matches/d2064b39/Nashville-SC-CF-Montreal-July-22-2026-Major-League-Soccer,,d2064b39
USA-Major League Soccer,2026,2026-07-22 Philadelphia-RB New York,Wed,2026-07-22,19:30 (18:30),Philadelphia,3–1,RB New York,18533,Subaru Park,Fotis Bazakos,/en/matches/d1a02166/Philadelphia-Union-Red-Bull-New-York-July-22-2026-Major-League-Soccer,,d1a02166
USA-Major League Soccer,2026,2026-07-22 Portland Timbers-FC Dallas,Wed,2026-07-22,19:30 (21:30),Portland Timbers,2–2,FC Dallas,20184,Providence Park,Alexis Da Silva,/en/matches/e4ab15cd/Portland-Timbers-FC-Dallas-July-22-2026-Major-League-Soccer,,e4ab15cd
USA-Major League Soccer,2026,2026-07-22 SJ Earthquakes-Orlando City,Wed,2026-07-22,19:30 (21:30),SJ Earthquakes,0–4,Orlando City,16211,PayPal Park,Elijio Arreguin,/en/matches/9598717a/San-Jose-Earthquakes-Orlando-City-July-22-2026-Major-League-Soccer,,9598717a
USA-Major League Soccer,2026,2026-07-22 Sporting KC-Minnesota Utd,Wed,2026-07-22,19:30,Sporting KC,2–1,Minnesota Utd,15378,Sporting Park,Mathew Corrigan,/en/matches/51667a13/Sporting-Kansas-City-Minnesota-United-July-22-2026-Major-League-Soccer,,51667a13
USA-Major League Soccer,2026,2026-07-25 CF Montréal-Inter Miami,Sat,2026-07-25,19:30 (18:30),CF Montréal,0–1,Inter Miami,19619,Stade Saputo,Alexis Da Silva,/en/matches/7996ae6d/CF-Montreal-Inter-Miami-July-25-2026-Major-League-Soccer,,7996ae6d
USA-Major League Soccer,2026,2026-07-25 Columbus Crew-FC Cincinnati,Sat,2026-07-25,19:15 (18:15),Columbus Crew,2–1,FC Cincinnati,20307,ScottsMiracle-Gro Field,Allen Chapman,/en/matches/8ea1c3a6/Columbus-Crew-FC-Cincinnati-July-25-2026-Major-League-Soccer,,8ea1c3a6
USA-Major League Soccer,2026,2026-07-25 D.C. United-Toronto FC,Sat,2026-07-25,19:30 (18:30),D.C. United,2–1,Toronto FC,19250,Audi Field,Serhii Boiko,/en/matches/015a3521/DC-United-Toronto-FC-July-25-2026-Major-League-Soccer,,015a3521
USA-Major League Soccer,2026,2026-07-25 Houston-Austin FC,Sat,2026-07-25,19:30,Houston,3–0,Austin FC,19869,Shell Energy Stadium,Filip Dujic,/en/matches/360532b8/Houston-Dynamo-Austin-FC-July-25-2026-Major-League-Soccer,,360532b8
USA-Major League Soccer,2026,2026-07-25 LAFC-Sporting KC,Sat,2026-07-25,19:30 (21:30),LAFC,4–0,Sporting KC,22030,BMO Stadium,Ricardo Fierro,/en/matches/b445825d/Los-Angeles-FC-Sporting-Kansas-City-July-25-2026-Major-League-Soccer,,b445825d
USA-Major League Soccer,2026,2026-07-25 Minnesota Utd-Vancouver,Sat,2026-07-25,19:30,Minnesota Utd,0–0,Vancouver,18845,Allianz Field,Lorenzo Hernandez,/en/matches/409fe780/Minnesota-United-Vancouver-Whitecaps-July-25-2026-Major-League-Soccer,,409fe780
USA-Major League Soccer,2026,2026-07-25 NE Revolution-Atlanta Utd,Sat,2026-07-25,19:30 (18:30),NE Revolution,4–1,Atlanta Utd,34428,Gillette Stadium,Pierre-Luc Lauziere,/en/matches/2b6690d7/New-England-Revolution-Atlanta-United-July-25-2026-Major-League-Soccer,,2b6690d7
USA-Major League Soccer,2026,2026-07-25 NYCFC-Chicago Fire,Sat,2026-07-25,19:30 (18:30),NYCFC,3–1,Chicago Fire,27419,Yankee Stadium,Ricardo Montero,/en/matches/143a04cc/New-York-City-FC-Chicago-Fire-July-25-2026-Major-League-Soccer,,143a04cc
USA-Major League Soccer,2026,2026-07-25 Orlando City-Nashville SC,Sat,2026-07-25,20:46 (19:46),Orlando City,1–0,Nashville SC,24453,Inter&Co Stadium,Ramy Touchan,/en/matches/49b38161/Orlando-City-Nashville-SC-July-25-2026-Major-League-Soccer,,49b38161
USA-Major League Soccer,2026,2026-07-25 Philadelphia-Seattle Sounders,Sat,2026-07-25,19:30 (18:30),Philadelphia,1–0,Seattle Sounders,18520,Subaru Park,Tim Ford,/en/matches/5a0dd962/Philadelphia-Union-Seattle-Sounders-July-25-2026-Major-League-Soccer,,5a0dd962
USA-Major League Soccer,2026,2026-07-25 Portland Timbers-Real Salt Lake,Sat,2026-07-25,19:30 (21:30),Portland Timbers,2–1,Real Salt Lake,22893,Providence Park,Elijio Arreguin,/en/matches/899851f8/Portland-Timbers-Real-Salt-Lake-July-25-2026-Major-League-Soccer,,899851f8
USA-Major League Soccer,2026,2026-07-25 RB New York-Charlotte,Sat,2026-07-25,18:30 (17:30),RB New York,0–2,Charlotte,22087,Sports Illustrated Stadium,Rosendo Mendoza,/en/matches/d5ec55ee/Red-Bull-New-York-Charlotte-FC-July-25-2026-Major-League-Soccer,,d5ec55ee
USA-Major League Soccer,2026,2026-07-25 SJ Earthquakes-LA Galaxy,Sat,2026-07-25,19:30 (21:30),SJ Earthquakes,1–1,LA Galaxy,43026,Stanford Stadium,Armando Villarreal,/en/matches/69891178/California-Clasico-San-Jose-Earthquakes-LA-Galaxy-July-25-2026-Major-League-Soccer,,69891178
USA-Major League Soccer,2026,2026-07-25 San Diego FC-FC Dallas,Sat,2026-07-25,18:30 (20:30),San Diego FC,1–0,FC Dallas,24489,Snapdragon Stadium,Victor Rivas,/en/matches/b479b694/San-Diego-FC-FC-Dallas-July-25-2026-Major-League-Soccer,,b479b694
USA-Major League Soccer,2026,2026-07-25 St. Louis City-Colorado Rapids,Sat,2026-07-25,19:30,St. Louis City,1–0,Colorado Rapids,22423,Energizer Park,Nabil Bensalah,/en/matches/3899e0e4/St-Louis-City-Colorado-Rapids-July-25-2026-Major-League-Soccer,,3899e0e4
USA-Major League Soccer,2026,2026-07-31 NYCFC-Toronto FC,Fri,2026-07-31,19:30 (18:30),NYCFC,1–1,Toronto FC,21085,Yankee Stadium,Ramy Touchan,/en/matches/49f4ab91/New-York-City-FC-Toronto-FC-July-31-2026-Major-League-Soccer,,49f4ab91
USA-Major League Soccer,2026,2026-08-01 CF Montréal-NE Revolution,Sat,2026-08-01,19:30 (18:30),CF Montréal,2–2,NE Revolution,15082,Stade Saputo,Jair Marrufo,/en/matches/717b900a/CF-Montreal-New-England-Revolution-August-1-2026-Major-League-Soccer,,717b900a
USA-Major League Soccer,2026,2026-08-01 Chicago Fire-Charlotte,Sat,2026-08-01,19:30,Chicago Fire,2–1,Charlotte,32183,Soldier Field,Jon Freemon,/en/matches/0fe889f1/Chicago-Fire-Charlotte-FC-August-1-2026-Major-League-Soccer,,0fe889f1
USA-Major League Soccer,2026,2026-08-01 Colorado Rapids-Austin FC,Sat,2026-08-01,19:30 (20:30),Colorado Rapids,1–0,Austin FC,16922,Dick's Sporting Goods Park,Armando Villarreal,/en/matches/1d9ae11f/Colorado-Rapids-Austin-FC-August-1-2026-Major-League-Soccer,,1d9ae11f
USA-Major League Soccer,2026,2026-08-01 D.C. United-Nashville SC,Sat,2026-08-01,19:30 (18:30),D.C. United,2–2,Nashville SC,19215,Audi Field,Ricardo Montero,/en/matches/d4252a8d/DC-United-Nashville-SC-August-1-2026-Major-League-Soccer,,d4252a8d
USA-Major League Soccer,2026,2026-08-01 FC Cincinnati-SJ Earthquakes,Sat,2026-08-01,21:46 (20:46),FC Cincinnati,4–2,SJ Earthquakes,25513,TQL Stadium,Victor Rivas,/en/matches/533b4e30/FC-Cincinnati-San-Jose-Earthquakes-August-1-2026-Major-League-Soccer,,533b4e30
USA-Major League Soccer,2026,2026-08-01 Inter Miami-Columbus Crew,Sat,2026-08-01,20:10 (19:10),Inter Miami,2–2,Columbus Crew,22193,Nu Stadium,Tori Penso,/en/matches/02de3f68/Inter-Miami-Columbus-Crew-August-1-2026-Major-League-Soccer,,02de3f68
USA-Major League Soccer,2026,2026-08-01 LA Galaxy-FC Dallas,Sat,2026-08-01,19:30 (21:30),LA Galaxy,0–0,FC Dallas,18122,Dignity Health Sports Park,Fotis Bazakos,/en/matches/3ccd7c6e/LA-Galaxy-FC-Dallas-August-1-2026-Major-League-Soccer,,3ccd7c6e
USA-Major League Soccer,2026,2026-08-01 Minnesota Utd-San Diego FC,Sat,2026-08-01,19:30,Minnesota Utd,1–1,San Diego FC,19607,Allianz Field,Tim Ford,/en/matches/aa834826/Minnesota-United-San-Diego-FC-August-1-2026-Major-League-Soccer,,aa834826
USA-Major League Soccer,2026,2026-08-01 Philadelphia-Atlanta Utd,Sat,2026-08-01,19:30 (18:30),Philadelphia,3–2,Atlanta Utd,18557,Subaru Park,Allen Chapman,/en/matches/5886a273/Philadelphia-Union-Atlanta-United-August-1-2026-Major-League-Soccer,,5886a273
USA-Major League Soccer,2026,2026-08-01 Portland Timbers-Seattle Sounders,Sat,2026-08-01,19:45 (21:45),Portland Timbers,2–1,Seattle Sounders,24686,Providence Park,Joe Dickerson,/en/matches/38a2f175/Portland-Timbers-Seattle-Sounders-August-1-2026-Major-League-Soccer,,38a2f175
USA-Major League Soccer,2026,2026-08-01 RB New York-Orlando City,Sat,2026-08-01,19:30 (18:30),RB New York,3–2,Orlando City,22104,Sports Illustrated Stadium,Filip Dujic,/en/matches/07d7f6e5/Red-Bull-New-York-Orlando-City-August-1-2026-Major-League-Soccer,,07d7f6e5
USA-Major League Soccer,2026,2026-08-01 Sporting KC-Houston,Sat,2026-08-01,19:30,Sporting KC,0–2,Houston,17268,Sporting Park,Serhii Boiko,/en/matches/4bf79ff4/Sporting-Kansas-City-Houston-Dynamo-August-1-2026-Major-League-Soccer,,4bf79ff4
USA-Major League Soccer,2026,2026-08-01 St. Louis City-Real Salt Lake,Sat,2026-08-01,19:30,St. Louis City,1–1,Real Salt Lake,22423,Energizer Park,Chris Penso,/en/matches/d1fa955b/St-Louis-City-Real-Salt-Lake-August-1-2026-Major-League-Soccer,,d1fa955b
USA-Major League Soccer,2026,2026-08-01 Vancouver-LAFC,Sat,2026-08-01,16:30 (18:30),Vancouver,1–1,LAFC,40086,BC Place Stadium,Elijio Arreguin,/en/matches/0a75ab41/Vancouver-Whitecaps-Los-Angeles-FC-August-1-2026-Major-League-Soccer,,0a75ab41
USA-Major League Soccer,2026,2026-08-08 NE Revolution-Houston,Sat,2026-08-08,16:30 (15:30),NE Revolution,0–2,Houston,22038,Gillette Stadium,Malik Badawi,/en/matches/197ddddb/New-England-Revolution-Houston-Dynamo-August-8-2026-Major-League-Soccer,,197ddddb
USA-Major League Soccer,2026,2026-08-15 Atlanta Utd-RB New York,Sat,2026-08-15,19:30 (18:30),Atlanta Utd,2–1,RB New York,38469,Mercedes-Benz Stadium,Marcos de Oliveira,/en/matches/2b5e2a03/Atlanta-United-Red-Bull-New-York-August-15-2026-Major-League-Soccer,,2b5e2a03
USA-Major League Soccer,2026,2026-08-15 CF Montréal-D.C. United,Sat,2026-08-15,19:30 (18:30),CF Montréal,1–1,D.C. United,15309,Stade Saputo,Pierre-Luc Lauziere,/en/matches/45ae30e4/CF-Montreal-DC-United-August-15-2026-Major-League-Soccer,,45ae30e4
USA-Major League Soccer,2026,2026-08-15 Charlotte-Columbus Crew,Sat,2026-08-15,19:30 (18:30),Charlotte,3–1,Columbus Crew,25470,Bank of America Stadium,Filip Dujic,/en/matches/8ca8a3b6/Charlotte-FC-Columbus-Crew-August-15-2026-Major-League-Soccer,,8ca8a3b6
USA-Major League Soccer,2026,2026-08-15 Colorado Rapids-Sporting KC,Sat,2026-08-15,19:30 (20:30),Colorado Rapids,2–0,Sporting KC,15088,Dick's Sporting Goods Park,Guido Gonzalez Jr.,/en/matches/3f013db3/Colorado-Rapids-Sporting-Kansas-City-August-15-2026-Major-League-Soccer,,3f013db3
USA-Major League Soccer,2026,2026-08-15 Houston-LA Galaxy,Sat,2026-08-15,19:30,Houston,1–0,LA Galaxy,21063,Shell Energy Stadium,Ricardo Fierro,/en/matches/962aa326/Houston-Dynamo-LA-Galaxy-August-15-2026-Major-League-Soccer,,962aa326
USA-Major League Soccer,2026,2026-08-15 LAFC-San Diego FC,Sat,2026-08-15,19:30 (21:30),LAFC,0–1,San Diego FC,22810,BMO Stadium,Ismail Elfath,/en/matches/3f1df786/Los-Angeles-FC-San-Diego-FC-August-15-2026-Major-League-Soccer,,3f1df786
USA-Major League Soccer,2026,2026-08-15 Nashville SC-Inter Miami,Sat,2026-08-15,19:30,Nashville SC,4–1,Inter Miami,30109,Geodis Park,Drew Fischer,/en/matches/e2983058/Nashville-SC-Inter-Miami-August-15-2026-Major-League-Soccer,,e2983058
USA-Major League Soccer,2026,2026-08-15 Orlando City-FC Cincinnati,Sat,2026-08-15,19:30 (18:30),Orlando City,1–1,FC Cincinnati,19015,Inter&Co Stadium,Tori Penso,/en/matches/be010593/Orlando-City-FC-Cincinnati-August-15-2026-Major-League-Soccer,,be010593
USA-Major League Soccer,2026,2026-08-15 Real Salt Lake-Minnesota Utd,Sat,2026-08-15,19:30 (20:30),Real Salt Lake,1–1,Minnesota Utd,20119,America First Field,Rubiel Vazquez,/en/matches/c014cf23/Real-Salt-Lake-Minnesota-United-August-15-2026-Major-League-Soccer,,c014cf23
USA-Major League Soccer,2026,2026-08-15 SJ Earthquakes-St. Louis City,Sat,2026-08-15,19:30 (21:30),SJ Earthquakes,1–3,St. Louis City,15344,PayPal Park,Jon Freemon,/en/matches/65fa98ca/San-Jose-Earthquakes-St-Louis-City-August-15-2026-Major-League-Soccer,,65fa98ca
USA-Major League Soccer,2026,2026-08-15 Toronto FC-NE Revolution,Sat,2026-08-15,19:30 (18:30),Toronto FC,2–1,NE Revolution,21402,BMO Field,Joe Dickerson,/en/matches/fe58089c/Toronto-FC-New-England-Revolution-August-15-2026-Major-League-Soccer,,fe58089c
USA-Major League Soccer,2026,2026-08-16 Austin FC-FC Dallas,Sun,2026-08-16,19:30,Austin FC,1–2,FC Dallas,20738,Q2 Stadium,Ramy Touchan,/en/matches/115ea14d/Austin-FC-FC-Dallas-August-16-2026-Major-League-Soccer,,115ea14d
USA-Major League Soccer,2026,2026-08-16 Chicago Fire-Portland Timbers,Sun,2026-08-16,17:00,Chicago Fire,2–1,Portland Timbers,30168,Soldier Field,Chris Penso,/en/matches/b077cd41/Chicago-Fire-Portland-Timbers-August-16-2026-Major-League-Soccer,,b077cd41
USA-Major League Soccer,2026,2026-08-16 NYCFC-Philadelphia,Sun,2026-08-16,18:00 (17:00),NYCFC,2–3,Philadelphia,20034,Yankee Stadium,Sergii Demianchuk,/en/matches/dcc49d03/New-York-City-FC-Philadelphia-Union-August-16-2026-Major-League-Soccer,,dcc49d03
USA-Major League Soccer,2026,2026-08-16 Seattle Sounders-Vancouver,Sun,2026-08-16,19:30 (21:30),Seattle Sounders,0–2,Vancouver,30026,Lumen Field,Armando Villarreal,/en/matches/076b4cec/Seattle-Sounders-Vancouver-Whitecaps-August-16-2026-Major-League-Soccer,,076b4cec
USA-Major League Soccer,2026,2026-08-19 Colorado Rapids-LAFC,Wed,2026-08-19,19:30 (20:30),Colorado Rapids,1–0,LAFC,15986,Dick's Sporting Goods Park,Joe Dickerson,/en/matches/dcda491d/Colorado-Rapids-Los-Angeles-FC-August-19-2026-Major-League-Soccer,,dcda491d
USA-Major League Soccer,2026,2026-08-19 Columbus Crew-CF Montréal,Wed,2026-08-19,19:30 (18:30),Columbus Crew,1–2,CF Montréal,,ScottsMiracle-Gro Field,Malik Badawi,/en/matches/63429996/Columbus-Crew-CF-Montreal-August-19-2026-Major-League-Soccer,,63429996
USA-Major League Soccer,2026,2026-08-19 D.C. United-NE Revolution,Wed,2026-08-19,19:30 (18:30),D.C. United,0–3,NE Revolution,,Audi Field,Ricardo Fierro,/en/matches/8dba82d7/DC-United-New-England-Revolution-August-19-2026-Major-League-Soccer,,8dba82d7
USA-Major League Soccer,2026,2026-08-19 FC Cincinnati-NYCFC,Wed,2026-08-19,19:30 (18:30),FC Cincinnati,2–1,NYCFC,,TQL Stadium,Fotis Bazakos,/en/matches/988a7135/FC-Cincinnati-New-York-City-FC-August-19-2026-Major-League-Soccer,,988a7135
USA-Major League Soccer,2026,2026-08-19 LA Galaxy-SJ Earthquakes,Wed,2026-08-19,19:30 (21:30),LA Galaxy,1–0,SJ Earthquakes,,Dignity Health Sports Park,Ramy Touchan,/en/matches/c22d267d/California-Clasico-LA-Galaxy-San-Jose-Earthquakes-August-19-2026-Major-League-Soccer,,c22d267d
USA-Major League Soccer,2026,2026-08-19 Minnesota Utd-Atlanta Utd,Wed,2026-08-19,19:30,Minnesota Utd,1–2,Atlanta Utd,19210,Allianz Field,Joshua Encarnacion,/en/matches/8867e37a/Minnesota-United-Atlanta-United-August-19-2026-Major-League-Soccer,,8867e37a
USA-Major League Soccer,2026,2026-08-19 Orlando City-Chicago Fire,Wed,2026-08-19,19:30 (18:30),Orlando City,1–2,Chicago Fire,,Inter&Co Stadium,Rosendo Mendoza,/en/matches/acd192d3/Orlando-City-Chicago-Fire-August-19-2026-Major-League-Soccer,,acd192d3
USA-Major League Soccer,2026,2026-08-19 Philadelphia-Inter Miami,Wed,2026-08-19,19:30 (18:30),Philadelphia,2–2,Inter Miami,,Subaru Park,Filip Dujic,/en/matches/3f104bf2/Philadelphia-Union-Inter-Miami-August-19-2026-Major-League-Soccer,,3f104bf2
USA-Major League Soccer,2026,2026-08-19 Portland Timbers-San Diego FC,Wed,2026-08-19,19:30 (21:30),Portland Timbers,3–1,San Diego FC,20617,Providence Park,Rubiel Vazquez,/en/matches/34efc4a8/Portland-Timbers-San-Diego-FC-August-19-2026-Major-League-Soccer,,34efc4a8
USA-Major League Soccer,2026,2026-08-19 RB New York-Nashville SC,Wed,2026-08-19,19:30 (18:30),RB New York,0–1,Nashville SC,,Sports Illustrated Stadium,Lorenzo Hernandez,/en/matches/56941129/Red-Bull-New-York-Nashville-SC-August-19-2026-Major-League-Soccer,,56941129
USA-Major League Soccer,2026,2026-08-19 Real Salt Lake-FC Dallas,Wed,2026-08-19,19:30 (20:30),Real Salt Lake,3–4,FC Dallas,20632,America First Field,Armando Villarreal,/en/matches/5359ba9f/Real-Salt-Lake-FC-Dallas-August-19-2026-Major-League-Soccer,,5359ba9f
USA-Major League Soccer,2026,2026-08-19 Seattle Sounders-Austin FC,Wed,2026-08-19,18:30 (20:30),Seattle Sounders,1–2,Austin FC,28836,Lumen Field,Allen Chapman,/en/matches/247d8ac7/Seattle-Sounders-Austin-FC-August-19-2026-Major-League-Soccer,,247d8ac7
USA-Major League Soccer,2026,2026-08-19 Sporting KC-St. Louis City,Wed,2026-08-19,19:00,Sporting KC,1–1,St. Louis City,,Sporting Park,Victor Rivas,/en/matches/9063f234/Sporting-Kansas-City-St-Louis-City-August-19-2026-Major-League-Soccer,,9063f234
USA-Major League Soccer,2026,2026-08-19 Toronto FC-Charlotte,Wed,2026-08-19,19:30 (18:30),Toronto FC,3–3,Charlotte,,BMO Field,Alexis Da Silva,/en/matches/6fb55b8e/Toronto-FC-Charlotte-FC-August-19-2026-Major-League-Soccer,,6fb55b8e
USA-Major League Soccer,2026,2026-08-19 Vancouver-Houston,Wed,2026-08-19,19:30 (21:30),Vancouver,0–1,Houston,,BC Place Stadium,Ricardo Montero,/en/matches/7705711d/Vancouver-Whitecaps-Houston-Dynamo-August-19-2026-Major-League-Soccer,,7705711d
USA-Major League Soccer,2026,2026-08-22 Austin FC-Philadelphia,Sat,2026-08-22,19:30,Austin FC,,Philadelphia,,Q2 Stadium,,,,
USA-Major League Soccer,2026,2026-08-22 CF Montréal-LA Galaxy,Sat,2026-08-22,19:30 (18:30),CF Montréal,,LA Galaxy,,Stade Saputo,,,,
USA-Major League Soccer,2026,2026-08-22 Charlotte-D.C. United,Sat,2026-08-22,19:30 (18:30),Charlotte,,D.C. United,,Bank of America Stadium,,,,
USA-Major League Soccer,2026,2026-08-22 FC Cincinnati-Seattle Sounders,Sat,2026-08-22,19:30 (18:30),FC Cincinnati,,Seattle Sounders,,TQL Stadium,,,,
USA-Major League Soccer,2026,2026-08-22 Inter Miami-Toronto FC,Sat,2026-08-22,19:30 (18:30),Inter Miami,,Toronto FC,,Nu Stadium,,,,
USA-Major League Soccer,2026,2026-08-22 LAFC-Portland Timbers,Sat,2026-08-22,19:30 (21:30),LAFC,,Portland Timbers,,BMO Stadium,,,,
USA-Major League Soccer,2026,2026-08-22 Nashville SC-Columbus Crew,Sat,2026-08-22,19:30,Nashville SC,,Columbus Crew,,Geodis Park,,,,
USA-Major League Soccer,2026,2026-08-22 Orlando City-Real Salt Lake,Sat,2026-08-22,19:30 (18:30),Orlando City,,Real Salt Lake,,Inter&Co Stadium,,,,
USA-Major League Soccer,2026,2026-08-22 RB New York-Chicago Fire,Sat,2026-08-22,19:30 (18:30),RB New York,,Chicago Fire,,Sports Illustrated Stadium,,,,
USA-Major League Soccer,2026,2026-08-22 SJ Earthquakes-Minnesota Utd,Sat,2026-08-22,19:30 (21:30),SJ Earthquakes,,Minnesota Utd,,PayPal Park,,,,
USA-Major League Soccer,2026,2026-08-22 San Diego FC-Colorado Rapids,Sat,2026-08-22,19:30 (21:30),San Diego FC,,Colorado Rapids,,Snapdragon Stadium,,,,
USA-Major League Soccer,2026,2026-08-22 St. Louis City-Houston,Sat,2026-08-22,19:30,St. Louis City,,Houston,,Energizer Park,,,,
USA-Major League Soccer,2026,2026-08-22 Vancouver-FC Dallas,Sat,2026-08-22,18:30 (20:30),Vancouver,,FC Dallas,,BC Place Stadium,,,,
USA-Major League Soccer,2026,2026-08-23 Atlanta Utd-Sporting KC,Sun,2026-08-23,19:00 (18:00),Atlanta Utd,,Sporting KC,,Mercedes-Benz Stadium,,,,
USA-Major League Soccer,2026,2026-08-23 NE Revolution-NYCFC,Sun,2026-08-23,16:30 (15:30),NE Revolution,,NYCFC,,Gillette Stadium,,,,
USA-Major League Soccer,2026,2026-08-29 Atlanta Utd-Charlotte,Sat,2026-08-29,19:30 (18:30),Atlanta Utd,,Charlotte,,Mercedes-Benz Stadium,,,,
USA-Major League Soccer,2026,2026-08-29 Colorado Rapids-Real Salt Lake,Sat,2026-08-29,19:30 (20:30),Colorado Rapids,,Real Salt Lake,,Dick's Sporting Goods Park,,,,
USA-Major League Soccer,2026,2026-08-29 Columbus Crew-NE Revolution,Sat,2026-08-29,19:30 (18:30),Columbus Crew,,NE Revolution,,ScottsMiracle-Gro Field,,,,
USA-Major League Soccer,2026,2026-08-29 D.C. United-LAFC,Sat,2026-08-29,19:30 (18:30),D.C. United,,LAFC,,Audi Field,,,,
USA-Major League Soccer,2026,2026-08-29 Houston-SJ Earthquakes,Sat,2026-08-29,19:30,Houston,,SJ Earthquakes,,Shell Energy Stadium,,,,
USA-Major League Soccer,2026,2026-08-29 Inter Miami-CF Montréal,Sat,2026-08-29,19:30 (18:30),Inter Miami,,CF Montréal,,Nu Stadium,,,,
USA-Major League Soccer,2026,2026-08-29 Minnesota Utd-Orlando City,Sat,2026-08-29,19:30,Minnesota Utd,,Orlando City,,Allianz Field,,,,
USA-Major League Soccer,2026,2026-08-29 Nashville SC-FC Cincinnati,Sat,2026-08-29,19:30,Nashville SC,,FC Cincinnati,,Geodis Park,,,,
USA-Major League Soccer,2026,2026-08-29 Portland Timbers-Austin FC,Sat,2026-08-29,19:30 (21:30),Portland Timbers,,Austin FC,,Providence Park,,,,
USA-Major League Soccer,2026,2026-08-29 RB New York-Philadelphia,Sat,2026-08-29,19:30 (18:30),RB New York,,Philadelphia,,Sports Illustrated Stadium,,,,
USA-Major League Soccer,2026,2026-08-29 San Diego FC-LA Galaxy,Sat,2026-08-29,19:30 (21:30),San Diego FC,,LA Galaxy,,Snapdragon Stadium,,,,
USA-Major League Soccer,2026,2026-08-29 Seattle Sounders-Chicago Fire,Sat,2026-08-29,13:30 (15:30),Seattle Sounders,,Chicago Fire,,Lumen Field,,,,
USA-Major League Soccer,2026,2026-08-29 Sporting KC-Vancouver,Sat,2026-08-29,19:30,Sporting KC,,Vancouver,,Sporting Park,,,,
USA-Major League Soccer,2026,2026-08-29 Toronto FC-NYCFC,Sat,2026-08-29,19:30 (18:30),Toronto FC,,NYCFC,,BMO Field,,,,
USA-Major League Soccer,2026,2026-08-30 St. Louis City-FC Dallas,Sun,2026-08-30,18:00,St. Louis City,,FC Dallas,,Energizer Park,,,,
USA-Major League Soccer,2026,2026-09-04 NYCFC-Nashville SC,Fri,2026-09-04,19:30 (18:30),NYCFC,,Nashville SC,,Yankee Stadium,,,,
USA-Major League Soccer,2026,2026-09-05 Austin FC-SJ Earthquakes,Sat,2026-09-05,19:30,Austin FC,,SJ Earthquakes,,Q2 Stadium,,,,
USA-Major League Soccer,2026,2026-09-05 Charlotte-Houston,Sat,2026-09-05,19:30 (18:30),Charlotte,,Houston,,Bank of America Stadium,,,,
USA-Major League Soccer,2026,2026-09-05 Columbus Crew-Colorado Rapids,Sat,2026-09-05,19:30 (18:30),Columbus Crew,,Colorado Rapids,,ScottsMiracle-Gro Field,,,,
USA-Major League Soccer,2026,2026-09-05 FC Cincinnati-D.C. United,Sat,2026-09-05,19:30 (18:30),FC Cincinnati,,D.C. United,,TQL Stadium,,,,
USA-Major League Soccer,2026,2026-09-05 FC Dallas-Sporting KC,Sat,2026-09-05,19:30,FC Dallas,,Sporting KC,,Toyota Stadium,,,,
USA-Major League Soccer,2026,2026-09-05 Inter Miami-Atlanta Utd,Sat,2026-09-05,19:30 (18:30),Inter Miami,,Atlanta Utd,,Nu Stadium,,,,
USA-Major League Soccer,2026,2026-09-05 LA Galaxy-NE Revolution,Sat,2026-09-05,18:30 (20:30),LA Galaxy,,NE Revolution,,Dignity Health Sports Park,,,,
USA-Major League Soccer,2026,2026-09-05 Orlando City-San Diego FC,Sat,2026-09-05,19:30 (18:30),Orlando City,,San Diego FC,,Inter&Co Stadium,,,,
USA-Major League Soccer,2026,2026-09-05 Philadelphia-CF Montréal,Sat,2026-09-05,19:30 (18:30),Philadelphia,,CF Montréal,,Subaru Park,,,,
USA-Major League Soccer,2026,2026-09-05 Portland Timbers-Minnesota Utd,Sat,2026-09-05,19:30 (21:30),Portland Timbers,,Minnesota Utd,,Providence Park,,,,
USA-Major League Soccer,2026,2026-09-05 Real Salt Lake-LAFC,Sat,2026-09-05,19:30 (20:30),Real Salt Lake,,LAFC,,America First Field,,,,
USA-Major League Soccer,2026,2026-09-05 Seattle Sounders-RB New York,Sat,2026-09-05,17:30 (19:30),Seattle Sounders,,RB New York,,Lumen Field,,,,
USA-Major League Soccer,2026,2026-09-05 Toronto FC-Chicago Fire,Sat,2026-09-05,19:30 (18:30),Toronto FC,,Chicago Fire,,BMO Field,,,,
USA-Major League Soccer,2026,2026-09-05 Vancouver-St. Louis City,Sat,2026-09-05,19:30 (21:30),Vancouver,,St. Louis City,,BC Place Stadium,,,,
USA-Major League Soccer,2026,2026-09-09 Atlanta Utd-Orlando City,Wed,2026-09-09,19:30 (18:30),Atlanta Utd,,Orlando City,,Mercedes-Benz Stadium,,,,
USA-Major League Soccer,2026,2026-09-09 Austin FC-Colorado Rapids,Wed,2026-09-09,19:30,Austin FC,,Colorado Rapids,,Q2 Stadium,,,,
USA-Major League Soccer,2026,2026-09-09 CF Montréal-Charlotte,Wed,2026-09-09,19:30 (18:30),CF Montréal,,Charlotte,,Stade Saputo,,,,
USA-Major League Soccer,2026,2026-09-09 Chicago Fire-Inter Miami,Wed,2026-09-09,19:30,Chicago Fire,,Inter Miami,,Soldier Field,,,,
USA-Major League Soccer,2026,2026-09-09 D.C. United-Columbus Crew,Wed,2026-09-09,19:30 (18:30),D.C. United,,Columbus Crew,,Audi Field,,,,
USA-Major League Soccer,2026,2026-09-09 Houston-Real Salt Lake,Wed,2026-09-09,19:30,Houston,,Real Salt Lake,,Shell Energy Stadium,,,,
USA-Major League Soccer,2026,2026-09-09 LAFC-RB New York,Wed,2026-09-09,19:30 (21:30),LAFC,,RB New York,,BMO Stadium,,,,
USA-Major League Soccer,2026,2026-09-09 Minnesota Utd-FC Dallas,Wed,2026-09-09,19:30,Minnesota Utd,,FC Dallas,,Allianz Field,,,,
USA-Major League Soccer,2026,2026-09-09 NYCFC-NE Revolution,Wed,2026-09-09,19:30 (18:30),NYCFC,,NE Revolution,,Citi Field,,,,
USA-Major League Soccer,2026,2026-09-09 Philadelphia-FC Cincinnati,Wed,2026-09-09,19:30 (18:30),Philadelphia,,FC Cincinnati,,Subaru Park,,,,
USA-Major League Soccer,2026,2026-09-09 Portland Timbers-St. Louis City,Wed,2026-09-09,19:30 (21:30),Portland Timbers,,St. Louis City,,Providence Park,,,,
USA-Major League Soccer,2026,2026-09-09 San Diego FC-SJ Earthquakes,Wed,2026-09-09,19:30 (21:30),San Diego FC,,SJ Earthquakes,,Snapdragon Stadium,,,,
USA-Major League Soccer,2026,2026-09-09 Toronto FC-Nashville SC,Wed,2026-09-09,19:30 (18:30),Toronto FC,,Nashville SC,,BMO Field,,,,
USA-Major League Soccer,2026,2026-09-09 Vancouver-LA Galaxy,Wed,2026-09-09,19:30 (21:30),Vancouver,,LA Galaxy,,BC Place Stadium,,,,
USA-Major League Soccer,2026,2026-09-12 Colorado Rapids-CF Montréal,Sat,2026-09-12,19:30 (20:30),Colorado Rapids,,CF Montréal,,Dick's Sporting Goods Park,,,,
USA-Major League Soccer,2026,2026-09-12 Columbus Crew-RB New York,Sat,2026-09-12,19:30 (18:30),Columbus Crew,,RB New York,,ScottsMiracle-Gro Field,,,,
USA-Major League Soccer,2026,2026-09-12 D.C. United-Atlanta Utd,Sat,2026-09-12,19:30 (18:30),D.C. United,,Atlanta Utd,,Audi Field,,,,
USA-Major League Soccer,2026,2026-09-12 FC Cincinnati-Charlotte,Sat,2026-09-12,19:30 (18:30),FC Cincinnati,,Charlotte,,TQL Stadium,,,,
USA-Major League Soccer,2026,2026-09-12 FC Dallas-Portland Timbers,Sat,2026-09-12,19:30,FC Dallas,,Portland Timbers,,Toyota Stadium,,,,
USA-Major League Soccer,2026,2026-09-12 Inter Miami-Nashville SC,Sat,2026-09-12,19:30 (18:30),Inter Miami,,Nashville SC,,Nu Stadium,,,,
USA-Major League Soccer,2026,2026-09-12 LA Galaxy-Seattle Sounders,Sat,2026-09-12,19:30 (21:30),LA Galaxy,,Seattle Sounders,,Dignity Health Sports Park,,,,
USA-Major League Soccer,2026,2026-09-12 Orlando City-Toronto FC,Sat,2026-09-12,19:30 (18:30),Orlando City,,Toronto FC,,Inter&Co Stadium,,,,
USA-Major League Soccer,2026,2026-09-12 Real Salt Lake-NYCFC,Sat,2026-09-12,19:30 (20:30),Real Salt Lake,,NYCFC,,America First Field,,,,
USA-Major League Soccer,2026,2026-09-12 SJ Earthquakes-Houston,Sat,2026-09-12,19:30 (21:30),SJ Earthquakes,,Houston,,PayPal Park,,,,
USA-Major League Soccer,2026,2026-09-12 Sporting KC-LAFC,Sat,2026-09-12,19:30,Sporting KC,,LAFC,,Sporting Park,,,,
USA-Major League Soccer,2026,2026-09-12 St. Louis City-Minnesota Utd,Sat,2026-09-12,19:30,St. Louis City,,Minnesota Utd,,Energizer Park,,,,
USA-Major League Soccer,2026,2026-09-13 Chicago Fire-NE Revolution,Sun,2026-09-13,16:30,Chicago Fire,,NE Revolution,,Soldier Field,,,,
USA-Major League Soccer,2026,2026-09-13 San Diego FC-Philadelphia,Sun,2026-09-13,18:00 (20:00),San Diego FC,,Philadelphia,,Snapdragon Stadium,,,,
USA-Major League Soccer,2026,2026-09-13 Vancouver-Austin FC,Sun,2026-09-13,15:30 (17:30),Vancouver,,Austin FC,,BC Place Stadium,,,,
USA-Major League Soccer,2026,2026-09-18 NYCFC-RB New York,Fri,2026-09-18,19:30 (18:30),NYCFC,,RB New York,,Yankee Stadium,,,,
USA-Major League Soccer,2026,2026-09-19 CF Montréal-Columbus Crew,Sat,2026-09-19,19:30 (18:30),CF Montréal,,Columbus Crew,,Stade Saputo,,,,
USA-Major League Soccer,2026,2026-09-19 Colorado Rapids-Seattle Sounders,Sat,2026-09-19,19:30 (20:30),Colorado Rapids,,Seattle Sounders,,Dick's Sporting Goods Park,,,,
USA-Major League Soccer,2026,2026-09-19 D.C. United-Charlotte,Sat,2026-09-19,19:30 (18:30),D.C. United,,Charlotte,,Audi Field,,,,
USA-Major League Soccer,2026,2026-09-19 FC Dallas-Austin FC,Sat,2026-09-19,19:30,FC Dallas,,Austin FC,,Toyota Stadium,,,,
USA-Major League Soccer,2026,2026-09-19 Houston-FC Cincinnati,Sat,2026-09-19,19:30,Houston,,FC Cincinnati,,Shell Energy Stadium,,,,
USA-Major League Soccer,2026,2026-09-19 Minnesota Utd-LA Galaxy,Sat,2026-09-19,19:30,Minnesota Utd,,LA Galaxy,,Allianz Field,,,,
USA-Major League Soccer,2026,2026-09-19 NE Revolution-Orlando City,Sat,2026-09-19,19:30 (18:30),NE Revolution,,Orlando City,,Gillette Stadium,,,,
USA-Major League Soccer,2026,2026-09-19 Nashville SC-Chicago Fire,Sat,2026-09-19,20:30,Nashville SC,,Chicago Fire,,Geodis Park,,,,
USA-Major League Soccer,2026,2026-09-19 Portland Timbers-Atlanta Utd,Sat,2026-09-19,19:30 (21:30),Portland Timbers,,Atlanta Utd,,Providence Park,,,,
USA-Major League Soccer,2026,2026-09-19 Real Salt Lake-Vancouver,Sat,2026-09-19,19:30 (20:30),Real Salt Lake,,Vancouver,,America First Field,,,,
USA-Major League Soccer,2026,2026-09-19 SJ Earthquakes-LAFC,Sat,2026-09-19,16:30 (18:30),SJ Earthquakes,,LAFC,,Levi's Stadium,,,,
USA-Major League Soccer,2026,2026-09-19 Sporting KC-Philadelphia,Sat,2026-09-19,19:30,Sporting KC,,Philadelphia,,Sporting Park,,,,
USA-Major League Soccer,2026,2026-09-19 St. Louis City-Toronto FC,Sat,2026-09-19,19:30,St. Louis City,,Toronto FC,,Energizer Park,,,,
USA-Major League Soccer,2026,2026-09-20 Inter Miami-San Diego FC,Sun,2026-09-20,19:00 (18:00),Inter Miami,,San Diego FC,,Nu Stadium,,,,
USA-Major League Soccer,2026,2026-09-23 Seattle Sounders-Real Salt Lake,Wed,2026-09-23,18:30 (20:30),Seattle Sounders,,Real Salt Lake,,Lumen Field,,,,
USA-Major League Soccer,2026,2026-09-26 Atlanta Utd-NYCFC,Sat,2026-09-26,19:30 (18:30),Atlanta Utd,,NYCFC,,Mercedes-Benz Stadium,,,,
USA-Major League Soccer,2026,2026-09-26 Austin FC-San Diego FC,Sat,2026-09-26,19:30,Austin FC,,San Diego FC,,Q2 Stadium,,,,
USA-Major League Soccer,2026,2026-09-26 CF Montréal-FC Cincinnati,Sat,2026-09-26,19:30 (18:30),CF Montréal,,FC Cincinnati,,Stade Saputo,,,,
USA-Major League Soccer,2026,2026-09-26 Charlotte-Chicago Fire,Sat,2026-09-26,19:30 (18:30),Charlotte,,Chicago Fire,,Bank of America Stadium,,,,
USA-Major League Soccer,2026,2026-09-26 FC Dallas-LAFC,Sat,2026-09-26,19:30,FC Dallas,,LAFC,,Toyota Stadium,,,,
USA-Major League Soccer,2026,2026-09-26 Houston-Sporting KC,Sat,2026-09-26,19:30,Houston,,Sporting KC,,Shell Energy Stadium,,,,
USA-Major League Soccer,2026,2026-09-26 LA Galaxy-Colorado Rapids,Sat,2026-09-26,19:30 (21:30),LA Galaxy,,Colorado Rapids,,Dignity Health Sports Park,,,,
USA-Major League Soccer,2026,2026-09-26 Nashville SC-Toronto FC,Sat,2026-09-26,19:30,Nashville SC,,Toronto FC,,Geodis Park,,,,
USA-Major League Soccer,2026,2026-09-26 Philadelphia-Orlando City,Sat,2026-09-26,19:30 (18:30),Philadelphia,,Orlando City,,Subaru Park,,,,
USA-Major League Soccer,2026,2026-09-26 RB New York-St. Louis City,Sat,2026-09-26,19:30 (18:30),RB New York,,St. Louis City,,Sports Illustrated Stadium,,,,
USA-Major League Soccer,2026,2026-09-26 Real Salt Lake-NE Revolution,Sat,2026-09-26,19:30 (20:30),Real Salt Lake,,NE Revolution,,America First Field,,,,
USA-Major League Soccer,2026,2026-09-26 SJ Earthquakes-Portland Timbers,Sat,2026-09-26,19:30 (21:30),SJ Earthquakes,,Portland Timbers,,PayPal Park,,,,
USA-Major League Soccer,2026,2026-09-26 Seattle Sounders-Minnesota Utd,Sat,2026-09-26,17:30 (19:30),Seattle Sounders,,Minnesota Utd,,Lumen Field,,,,
USA-Major League Soccer,2026,2026-09-26 Vancouver-D.C. United,Sat,2026-09-26,19:30 (21:30),Vancouver,,D.C. United,,BC Place Stadium,,,,
USA-Major League Soccer,2026,2026-09-27 Columbus Crew-Inter Miami,Sun,2026-09-27,19:00 (18:00),Columbus Crew,,Inter Miami,,ScottsMiracle-Gro Field,,,,
USA-Major League Soccer,2026,2026-10-01 Seattle Sounders-Sporting KC,Thu,2026-10-01,18:30 (20:30),Seattle Sounders,,Sporting KC,,Lumen Field,,,,
USA-Major League Soccer,2026,2026-10-06 Chicago Fire-Vancouver,Tue,2026-10-06,19:30,Chicago Fire,,Vancouver,,Soldier Field,,,,
USA-Major League Soccer,2026,2026-10-10 Atlanta Utd-FC Cincinnati,Sat,2026-10-10,19:30 (18:30),Atlanta Utd,,FC Cincinnati,,Mercedes-Benz Stadium,,,,
USA-Major League Soccer,2026,2026-10-10 Austin FC-Nashville SC,Sat,2026-10-10,19:30,Austin FC,,Nashville SC,,Q2 Stadium,,,,
USA-Major League Soccer,2026,2026-10-10 Charlotte-FC Dallas,Sat,2026-10-10,19:30 (18:30),Charlotte,,FC Dallas,,Bank of America Stadium,,,,
USA-Major League Soccer,2026,2026-10-10 Chicago Fire-NYCFC,Sat,2026-10-10,13:30,Chicago Fire,,NYCFC,,Soldier Field,,,,
USA-Major League Soccer,2026,2026-10-10 Colorado Rapids-SJ Earthquakes,Sat,2026-10-10,19:30 (20:30),Colorado Rapids,,SJ Earthquakes,,Dick's Sporting Goods Park,,,,
USA-Major League Soccer,2026,2026-10-10 Inter Miami-D.C. United,Sat,2026-10-10,19:30 (18:30),Inter Miami,,D.C. United,,Nu Stadium,,,,
USA-Major League Soccer,2026,2026-10-10 LAFC-Vancouver,Sat,2026-10-10,19:30 (21:30),LAFC,,Vancouver,,BMO Stadium,,,,
USA-Major League Soccer,2026,2026-10-10 Minnesota Utd-Houston,Sat,2026-10-10,19:30,Minnesota Utd,,Houston,,Allianz Field,,,,
USA-Major League Soccer,2026,2026-10-10 NE Revolution-Seattle Sounders,Sat,2026-10-10,19:30 (18:30),NE Revolution,,Seattle Sounders,,Gillette Stadium,,,,
USA-Major League Soccer,2026,2026-10-10 Orlando City-Columbus Crew,Sat,2026-10-10,19:30 (18:30),Orlando City,,Columbus Crew,,Inter&Co Stadium,,,,
USA-Major League Soccer,2026,2026-10-10 Philadelphia-Real Salt Lake,Sat,2026-10-10,19:30 (18:30),Philadelphia,,Real Salt Lake,,Subaru Park,,,,
USA-Major League Soccer,2026,2026-10-10 RB New York-San Diego FC,Sat,2026-10-10,19:30 (18:30),RB New York,,San Diego FC,,Sports Illustrated Stadium,,,,
USA-Major League Soccer,2026,2026-10-10 Sporting KC-Portland Timbers,Sat,2026-10-10,19:30,Sporting KC,,Portland Timbers,,Sporting Park,,,,
USA-Major League Soccer,2026,2026-10-10 Toronto FC-CF Montréal,Sat,2026-10-10,13:00 (12:00),Toronto FC,,CF Montréal,,BMO Field,,,,
USA-Major League Soccer,2026,2026-10-11 St. Louis City-LA Galaxy,Sun,2026-10-11,18:00,St. Louis City,,LA Galaxy,,Energizer Park,,,,
USA-Major League Soccer,2026,2026-10-14 CF Montréal-Atlanta Utd,Wed,2026-10-14,19:30 (18:30),CF Montréal,,Atlanta Utd,,Stade Saputo,,,,
USA-Major League Soccer,2026,2026-10-14 Chicago Fire-Philadelphia,Wed,2026-10-14,19:30,Chicago Fire,,Philadelphia,,Soldier Field,,,,
USA-Major League Soccer,2026,2026-10-14 Colorado Rapids-Minnesota Utd,Wed,2026-10-14,19:30 (20:30),Colorado Rapids,,Minnesota Utd,,Dick's Sporting Goods Park,,,,
USA-Major League Soccer,2026,2026-10-14 Columbus Crew-Charlotte,Wed,2026-10-14,19:30 (18:30),Columbus Crew,,Charlotte,,ScottsMiracle-Gro Field,,,,
USA-Major League Soccer,2026,2026-10-14 D.C. United-RB New York,Wed,2026-10-14,19:30 (18:30),D.C. United,,RB New York,,Audi Field,,,,
USA-Major League Soccer,2026,2026-10-14 FC Cincinnati-NE Revolution,Wed,2026-10-14,19:30 (18:30),FC Cincinnati,,NE Revolution,,TQL Stadium,,,,
USA-Major League Soccer,2026,2026-10-14 FC Dallas-Seattle Sounders,Wed,2026-10-14,19:30,FC Dallas,,Seattle Sounders,,Toyota Stadium,,,,
USA-Major League Soccer,2026,2026-10-14 Inter Miami-NYCFC,Wed,2026-10-14,19:30 (18:30),Inter Miami,,NYCFC,,Nu Stadium,,,,
USA-Major League Soccer,2026,2026-10-14 LA Galaxy-Portland Timbers,Wed,2026-10-14,19:30 (21:30),LA Galaxy,,Portland Timbers,,Dignity Health Sports Park,,,,
USA-Major League Soccer,2026,2026-10-14 LAFC-Austin FC,Wed,2026-10-14,19:30 (21:30),LAFC,,Austin FC,,BMO Stadium,,,,
USA-Major League Soccer,2026,2026-10-14 Nashville SC-Sporting KC,Wed,2026-10-14,19:30,Nashville SC,,Sporting KC,,Geodis Park,,,,
USA-Major League Soccer,2026,2026-10-14 Real Salt Lake-SJ Earthquakes,Wed,2026-10-14,19:30 (20:30),Real Salt Lake,,SJ Earthquakes,,America First Field,,,,
USA-Major League Soccer,2026,2026-10-14 San Diego FC-Houston,Wed,2026-10-14,19:30 (21:30),San Diego FC,,Houston,,Snapdragon Stadium,,,,
USA-Major League Soccer,2026,2026-10-14 St. Louis City-Vancouver,Wed,2026-10-14,19:30,St. Louis City,,Vancouver,,Energizer Park,,,,
USA-Major League Soccer,2026,2026-10-14 Toronto FC-Orlando City,Wed,2026-10-14,19:30 (18:30),Toronto FC,,Orlando City,,BMO Field,,,,
USA-Major League Soccer,2026,2026-10-17 Atlanta Utd-Inter Miami,Sat,2026-10-17,19:30 (18:30),Atlanta Utd,,Inter Miami,,Mercedes-Benz Stadium,,,,
USA-Major League Soccer,2026,2026-10-17 Austin FC-Vancouver,Sat,2026-10-17,19:30,Austin FC,,Vancouver,,Q2 Stadium,,,,
USA-Major League Soccer,2026,2026-10-17 Houston-FC Dallas,Sat,2026-10-17,19:30,Houston,,FC Dallas,,Shell Energy Stadium,,,,
USA-Major League Soccer,2026,2026-10-17 LA Galaxy-San Diego FC,Sat,2026-10-17,19:30 (21:30),LA Galaxy,,San Diego FC,,Dignity Health Sports Park,,,,
USA-Major League Soccer,2026,2026-10-17 Minnesota Utd-St. Louis City,Sat,2026-10-17,15:30,Minnesota Utd,,St. Louis City,,Allianz Field,,,,
USA-Major League Soccer,2026,2026-10-17 NE Revolution-Chicago Fire,Sat,2026-10-17,19:30 (18:30),NE Revolution,,Chicago Fire,,Gillette Stadium,,,,
USA-Major League Soccer,2026,2026-10-17 Orlando City-D.C. United,Sat,2026-10-17,19:30 (18:30),Orlando City,,D.C. United,,Inter&Co Stadium,,,,
USA-Major League Soccer,2026,2026-10-17 Philadelphia-Charlotte,Sat,2026-10-17,14:30 (13:30),Philadelphia,,Charlotte,,Subaru Park,,,,
USA-Major League Soccer,2026,2026-10-17 Portland Timbers-Colorado Rapids,Sat,2026-10-17,19:30 (21:30),Portland Timbers,,Colorado Rapids,,Providence Park,,,,
USA-Major League Soccer,2026,2026-10-17 RB New York-Toronto FC,Sat,2026-10-17,19:30 (18:30),RB New York,,Toronto FC,,Sports Illustrated Stadium,,,,
USA-Major League Soccer,2026,2026-10-17 SJ Earthquakes-Nashville SC,Sat,2026-10-17,19:30 (21:30),SJ Earthquakes,,Nashville SC,,PayPal Park,,,,
USA-Major League Soccer,2026,2026-10-17 Seattle Sounders-CF Montréal,Sat,2026-10-17,19:30 (21:30),Seattle Sounders,,CF Montréal,,Lumen Field,,,,
USA-Major League Soccer,2026,2026-10-17 Sporting KC-Real Salt Lake,Sat,2026-10-17,19:30,Sporting KC,,Real Salt Lake,,Sporting Park,,,,
USA-Major League Soccer,2026,2026-10-18 FC Cincinnati-Columbus Crew,Sun,2026-10-18,19:00 (18:00),FC Cincinnati,,Columbus Crew,,TQL Stadium,,,,
USA-Major League Soccer,2026,2026-10-24 Atlanta Utd-Chicago Fire,Sat,2026-10-24,19:30 (18:30),Atlanta Utd,,Chicago Fire,,Mercedes-Benz Stadium,,,,
USA-Major League Soccer,2026,2026-10-24 CF Montréal-Nashville SC,Sat,2026-10-24,13:30 (12:30),CF Montréal,,Nashville SC,,Stade Saputo,,,,
USA-Major League Soccer,2026,2026-10-24 Colorado Rapids-Vancouver,Sat,2026-10-24,19:30 (20:30),Colorado Rapids,,Vancouver,,Dick's Sporting Goods Park,,,,
USA-Major League Soccer,2026,2026-10-24 Columbus Crew-Toronto FC,Sat,2026-10-24,15:30 (14:30),Columbus Crew,,Toronto FC,,ScottsMiracle-Gro Field,,,,
USA-Major League Soccer,2026,2026-10-24 D.C. United-FC Cincinnati,Sat,2026-10-24,19:30 (18:30),D.C. United,,FC Cincinnati,,Audi Field,,,,
USA-Major League Soccer,2026,2026-10-24 FC Dallas-SJ Earthquakes,Sat,2026-10-24,20:30,FC Dallas,,SJ Earthquakes,,Toyota Stadium,,,,
USA-Major League Soccer,2026,2026-10-24 Houston-Minnesota Utd,Sat,2026-10-24,20:30,Houston,,Minnesota Utd,,Shell Energy Stadium,,,,
USA-Major League Soccer,2026,2026-10-24 Orlando City-NYCFC,Sat,2026-10-24,19:30 (18:30),Orlando City,,NYCFC,,Inter&Co Stadium,,,,
USA-Major League Soccer,2026,2026-10-24 Philadelphia-NE Revolution,Sat,2026-10-24,19:30 (18:30),Philadelphia,,NE Revolution,,Subaru Park,,,,
USA-Major League Soccer,2026,2026-10-24 Portland Timbers-Charlotte,Sat,2026-10-24,19:30 (21:30),Portland Timbers,,Charlotte,,Providence Park,,,,
USA-Major League Soccer,2026,2026-10-24 RB New York-Inter Miami,Sat,2026-10-24,17:30 (16:30),RB New York,,Inter Miami,,Sports Illustrated Stadium,,,,
USA-Major League Soccer,2026,2026-10-24 Real Salt Lake-St. Louis City,Sat,2026-10-24,19:30 (20:30),Real Salt Lake,,St. Louis City,,America First Field,,,,
USA-Major League Soccer,2026,2026-10-24 San Diego FC-Seattle Sounders,Sat,2026-10-24,19:30 (21:30),San Diego FC,,Seattle Sounders,,Snapdragon Stadium,,,,
USA-Major League Soccer,2026,2026-10-24 Sporting KC-Austin FC,Sat,2026-10-24,20:30,Sporting KC,,Austin FC,,Sporting Park,,,,
USA-Major League Soccer,2026,2026-10-25 LAFC-LA Galaxy,Sun,2026-10-25,18:00 (20:00),LAFC,,LA Galaxy,,BMO Stadium,,,,
USA-Major League Soccer,2026,2026-10-28 Austin FC-Real Salt Lake,Wed,2026-10-28,19:30,Austin FC,,Real Salt Lake,,Q2 Stadium,,,,
USA-Major League Soccer,2026,2026-10-28 Charlotte-CF Montréal,Wed,2026-10-28,19:30 (18:30),Charlotte,,CF Montréal,,Bank of America Stadium,,,,
USA-Major League Soccer,2026,2026-10-28 Chicago Fire-Orlando City,Wed,2026-10-28,19:30,Chicago Fire,,Orlando City,,Soldier Field,,,,
USA-Major League Soccer,2026,2026-10-28 FC Dallas-Columbus Crew,Wed,2026-10-28,19:30,FC Dallas,,Columbus Crew,,Toyota Stadium,,,,
USA-Major League Soccer,2026,2026-10-28 Inter Miami-FC Cincinnati,Wed,2026-10-28,19:30 (18:30),Inter Miami,,FC Cincinnati,,Nu Stadium,,,,
USA-Major League Soccer,2026,2026-10-28 Minnesota Utd-Sporting KC,Wed,2026-10-28,19:30,Minnesota Utd,,Sporting KC,,Allianz Field,,,,
USA-Major League Soccer,2026,2026-10-28 NE Revolution-RB New York,Wed,2026-10-28,19:30 (18:30),NE Revolution,,RB New York,,Gillette Stadium,,,,
USA-Major League Soccer,2026,2026-10-28 NYCFC-Atlanta Utd,Wed,2026-10-28,19:30 (18:30),NYCFC,,Atlanta Utd,,Yankee Stadium,,,,
USA-Major League Soccer,2026,2026-10-28 Nashville SC-Philadelphia,Wed,2026-10-28,19:30,Nashville SC,,Philadelphia,,Geodis Park,,,,
USA-Major League Soccer,2026,2026-10-28 SJ Earthquakes-Colorado Rapids,Wed,2026-10-28,19:30 (21:30),SJ Earthquakes,,Colorado Rapids,,PayPal Park,,,,
USA-Major League Soccer,2026,2026-10-28 Seattle Sounders-Houston,Wed,2026-10-28,19:30 (21:30),Seattle Sounders,,Houston,,Lumen Field,,,,
USA-Major League Soccer,2026,2026-10-28 St. Louis City-Portland Timbers,Wed,2026-10-28,19:30,St. Louis City,,Portland Timbers,,Energizer Park,,,,
USA-Major League Soccer,2026,2026-10-28 Toronto FC-D.C. United,Wed,2026-10-28,19:30 (18:30),Toronto FC,,D.C. United,,BMO Field,,,,
USA-Major League Soccer,2026,2026-10-28 Vancouver-San Diego FC,Wed,2026-10-28,19:30 (21:30),Vancouver,,San Diego FC,,BC Place Stadium,,,,
USA-Major League Soccer,2026,2026-10-31 Charlotte-Orlando City,Sat,2026-10-31,13:00 (12:00),Charlotte,,Orlando City,,Bank of America Stadium,,,,
USA-Major League Soccer,2026,2026-10-31 Colorado Rapids-Chicago Fire,Sat,2026-10-31,19:30 (20:30),Colorado Rapids,,Chicago Fire,,Dick's Sporting Goods Park,,,,
USA-Major League Soccer,2026,2026-10-31 Columbus Crew-D.C. United,Sat,2026-10-31,14:00 (13:00),Columbus Crew,,D.C. United,,ScottsMiracle-Gro Field,,,,
USA-Major League Soccer,2026,2026-10-31 FC Cincinnati-Philadelphia,Sat,2026-10-31,,FC Cincinnati,,Philadelphia,,TQL Stadium,,,,
USA-Major League Soccer,2026,2026-10-31 LA Galaxy-Austin FC,Sat,2026-10-31,14:00 (16:00),LA Galaxy,,Austin FC,,Dignity Health Sports Park,,,,
USA-Major League Soccer,2026,2026-10-31 Sporting KC-FC Dallas,Sat,2026-10-31,14:00,Sporting KC,,FC Dallas,,Sporting Park,,,,
USA-Major League Soccer,2026,2026-11-01 Atlanta Utd-Toronto FC,Sun,2026-11-01,16:30 (15:30),Atlanta Utd,,Toronto FC,,Mercedes-Benz Stadium,,,,
USA-Major League Soccer,2026,2026-11-01 LAFC-Minnesota Utd,Sun,2026-11-01,,LAFC,,Minnesota Utd,,BMO Stadium,,,,
USA-Major League Soccer,2026,2026-11-01 NE Revolution-Inter Miami,Sun,2026-11-01,18:00 (17:00),NE Revolution,,Inter Miami,,Gillette Stadium,,,,
USA-Major League Soccer,2026,2026-11-01 NYCFC-CF Montréal,Sun,2026-11-01,,NYCFC,,CF Montréal,,Yankee Stadium,,,,
USA-Major League Soccer,2026,2026-11-01 Nashville SC-RB New York,Sun,2026-11-01,15:30,Nashville SC,,RB New York,,Geodis Park,,,,
USA-Major League Soccer,2026,2026-11-01 Portland Timbers-Houston,Sun,2026-11-01,17:00 (19:00),Portland Timbers,,Houston,,Providence Park,,,,
USA-Major League Soccer,2026,2026-11-01 SJ Earthquakes-Real Salt Lake,Sun,2026-11-01,,SJ Earthquakes,,Real Salt Lake,,PayPal Park,,,,
USA-Major League Soccer,2026,2026-11-01 St. Louis City-San Diego FC,Sun,2026-11-01,,St. Louis City,,San Diego FC,,Energizer Park,,,,
USA-Major League Soccer,2026,2026-11-01 Vancouver-Seattle Sounders,Sun,2026-11-01,13:30 (15:30),Vancouver,,Seattle Sounders,,BC Place Stadium,,,,
USA-Major League Soccer,2026,2026-11-04 NYCFC-LAFC,Wed,2026-11-04,19:30 (18:30),NYCFC,,LAFC,,Citi Field,,,,
USA-Major League Soccer,2026,2026-11-07 Austin FC-Portland Timbers,Sat,2026-11-07,18:00,Austin FC,,Portland Timbers,,Q2 Stadium,,,,
USA-Major League Soccer,2026,2026-11-07 CF Montréal-Vancouver,Sat,2026-11-07,16:00 (15:00),CF Montréal,,Vancouver,,Stade Saputo,,,,
USA-Major League Soccer,2026,2026-11-07 Chicago Fire-Columbus Crew,Sat,2026-11-07,15:00,Chicago Fire,,Columbus Crew,,SeatGeek Stadium,,,,
USA-Major League Soccer,2026,2026-11-07 D.C. United-NYCFC,Sat,2026-11-07,16:00 (15:00),D.C. United,,NYCFC,,Audi Field,,,,
USA-Major League Soccer,2026,2026-11-07 FC Cincinnati-Nashville SC,Sat,2026-11-07,16:00 (15:00),FC Cincinnati,,Nashville SC,,TQL Stadium,,,,
USA-Major League Soccer,2026,2026-11-07 FC Dallas-Colorado Rapids,Sat,2026-11-07,18:00,FC Dallas,,Colorado Rapids,,Toyota Stadium,,,,
USA-Major League Soccer,2026,2026-11-07 Houston-St. Louis City,Sat,2026-11-07,18:00,Houston,,St. Louis City,,Shell Energy Stadium,,,,
USA-Major League Soccer,2026,2026-11-07 Inter Miami-Charlotte,Sat,2026-11-07,16:00 (15:00),Inter Miami,,Charlotte,,Nu Stadium,,,,
USA-Major League Soccer,2026,2026-11-07 Minnesota Utd-SJ Earthquakes,Sat,2026-11-07,18:00,Minnesota Utd,,SJ Earthquakes,,Allianz Field,,,,
USA-Major League Soccer,2026,2026-11-07 Orlando City-NE Revolution,Sat,2026-11-07,16:00 (15:00),Orlando City,,NE Revolution,,Inter&Co Stadium,,,,
USA-Major League Soccer,2026,2026-11-07 Philadelphia-Toronto FC,Sat,2026-11-07,16:00 (15:00),Philadelphia,,Toronto FC,,Subaru Park,,,,
USA-Major League Soccer,2026,2026-11-07 RB New York-Atlanta Utd,Sat,2026-11-07,16:00 (15:00),RB New York,,Atlanta Utd,,Sports Illustrated Stadium,,,,
USA-Major League Soccer,2026,2026-11-07 Real Salt Lake-LA Galaxy,Sat,2026-11-07,17:00 (18:00),Real Salt Lake,,LA Galaxy,,America First Field,,,,
USA-Major League Soccer,2026,2026-11-07 San Diego FC-Sporting KC,Sat,2026-11-07,16:00 (18:00),San Diego FC,,Sporting KC,,Snapdragon Stadium,,,,
USA-Major League Soccer,2026,2026-11-07 Seattle Sounders-LAFC,Sat,2026-11-07,16:00 (18:00),Seattle Sounders,,LAFC,,Lumen Field,,,,
