league,season,game,team,player,jersey_number,nation,pos,age,min,Performance_Gls,Performance_Ast,Performance_PK,Performance_PKatt,Performance_Sh,Performance_SoT,Performance_CrdY,Performance_CrdR,Performance_Fls,Performance_Fld,Performance_Off,Performance_Crs,Performance_TklW,Performance_Int,Performance_OG,Performance_PKwon,Performance_PKcon,game_id,Min_Clean,Shots,SoT,Goals,Assists
USA-Major League Soccer,2026,2026-07-25 CF Montréal-Inter Miami,CF Montréal,Brandan Craig,5,USA,DF,22-109,1,0,0,0,0,0,0,0,0,0,0,0,0,0,0,0,,,7996ae6d,0.0,0,0,0,0
USA-Major League Soccer,2026,2026-07-25 CF Montréal-Inter Miami,CF Montréal,Brayan Vera,4,COL,CB,27-191,90,0,0,0,0,0,0,0,0,0,0,0,0,0,1,0,,,7996ae6d,0.0,0,0,0,0
USA-Major League Soccer,2026,2026-07-25 CF Montréal-Inter Miami,CF Montréal,Daniel Armando Ríos,14,MEX,FW,31-153,61,0,0,0,0,1,0,0,0,0,2,0,0,0,1,0,,,7996ae6d,0.0,1,0,0,0
USA-Major League Soccer,2026,2026-07-25 CF Montréal-Inter Miami,CF Montréal,Daniel Pereira,7,VEN,MF,26-011,30,0,0,0,0,0,0,0,0,0,2,0,0,0,0,0,,,7996ae6d,0.0,0,0,0,0
USA-Major League Soccer,2026,2026-07-25 CF Montréal-Inter Miami,CF Montréal,Dawid Bugaj,27,POL,RB,22-016,90,0,0,0,0,0,0,0,0,1,1,0,1,1,3,0,,,7996ae6d,0.0,0,0,0,0
USA-Major League Soccer,2026,2026-07-25 CF Montréal-Inter Miami,CF Montréal,Efrain Morales,24,BOL,CB,22-143,89,0,0,0,0,1,0,0,0,1,1,0,0,2,2,0,,,7996ae6d,0.0,1,0,0,0
USA-Major League Soccer,2026,2026-07-25 CF Montréal-Inter Miami,CF Montréal,Fabian Herbers,21,GER,"FW,MF",32-342,11,0,0,0,0,0,0,0,0,0,1,0,1,0,1,0,,,7996ae6d,0.0,0,0,0,0
USA-Major League Soccer,2026,2026-07-25 CF Montréal-Inter Miami,CF Montréal,Hennadii Synchuk,18,UKR,FW,20-015,90,0,0,0,0,3,2,0,0,0,1,0,9,0,1,0,,,7996ae6d,0.0,3,2,0,0
USA-Major League Soccer,2026,2026-07-25 CF Montréal-Inter Miami,CF Montréal,Luca Petrasso,13,CAN,LB,26-039,90,0,0,0,0,0,0,0,0,0,1,1,4,1,0,0,,,7996ae6d,0.0,0,0,0,0
USA-Major League Soccer,2026,2026-07-25 CF Montréal-Inter Miami,CF Montréal,Matthew Longstaff,8,ENG,CM,26-126,79,0,0,0,0,1,0,0,0,1,1,0,3,0,0,0,,,7996ae6d,0.0,1,0,0,0
USA-Major League Soccer,2026,2026-07-25 CF Montréal-Inter Miami,CF Montréal,Noah Streit,23,SUI,FW,20-287,29,0,0,0,0,0,0,0,0,0,0,0,2,0,0,0,,,7996ae6d,0.0,0,0,0,0
USA-Major League Soccer,2026,2026-07-25 CF Montréal-Inter Miami,CF Montréal,Olger Escobar,29,GUA,FW,19-317,1,0,0,0,0,0,0,0,0,0,0,0,0,0,0,0,,,7996ae6d,0.0,0,0,0,0
USA-Major League Soccer,2026,2026-07-25 CF Montréal-Inter Miami,CF Montréal,Prince Owusu,9,GHA,FW,29-199,90,0,0,0,0,2,0,0,0,4,1,0,2,1,0,0,,,7996ae6d,0.0,2,0,0,0
USA-Major League Soccer,2026,2026-07-25 CF Montréal-Inter Miami,CF Montréal,Samuel Piette,6,CAN,CM,31-255,60,0,0,0,0,0,0,0,0,0,0,0,0,0,0,0,,,7996ae6d,0.0,0,0,0,0
USA-Major League Soccer,2026,2026-07-25 CF Montréal-Inter Miami,CF Montréal,Sebastian Breza,1,CAN,GK,28-132,90,0,0,0,0,0,0,0,0,0,1,0,0,0,0,0,,,7996ae6d,0.0,0,0,0,0
USA-Major League Soccer,2026,2026-07-25 CF Montréal-Inter Miami,CF Montréal,Victor Loturi,22,CAN,CM,25-065,89,0,0,0,0,0,0,0,0,0,1,0,0,0,2,0,,,7996ae6d,0.0,0,0,0,0
USA-Major League Soccer,2026,2026-07-25 CF Montréal-Inter Miami,Inter Miami,Casemiro,5,BRA,CM,34-152,90,0,0,0,0,2,0,0,0,2,1,0,0,1,0,0,,,7996ae6d,0.0,2,0,0,0
USA-Major League Soccer,2026,2026-07-25 CF Montréal-Inter Miami,Inter Miami,David Ruíz,41,HON,MF,22-167,1,0,0,0,0,0,0,0,0,1,0,0,0,0,0,0,,,7996ae6d,0.0,0,0,0,0
USA-Major League Soccer,2026,2026-07-25 CF Montréal-Inter Miami,Inter Miami,Facundo Mura,4,ARG,RB,27-124,90,0,0,0,0,0,0,0,0,1,0,0,0,0,0,0,,,7996ae6d,0.0,0,0,0,0
USA-Major League Soccer,2026,2026-07-25 CF Montréal-Inter Miami,Inter Miami,Germán Berterame,19,MEX,FW,27-254,79,0,0,0,0,2,0,0,0,0,1,0,0,0,0,0,,,7996ae6d,0.0,2,0,0,0
USA-Major League Soccer,2026,2026-07-25 CF Montréal-Inter Miami,Inter Miami,Ian Fray,17,JAM,CB,23-328,90,0,0,0,0,1,0,1,0,1,2,0,0,1,1,0,,,7996ae6d,0.0,1,0,0,0
USA-Major League Soccer,2026,2026-07-25 CF Montréal-Inter Miami,Inter Miami,Luis Suárez,9,URU,FW,39-182,90,1,0,1,1,3,1,0,0,1,0,0,0,0,0,0,,,7996ae6d,0.0,3,1,1,0
USA-Major League Soccer,2026,2026-07-25 CF Montréal-Inter Miami,Inter Miami,Mateo Silvetti,24,ARG,LM,20-192,90,0,0,0,0,5,0,0,0,3,1,1,4,0,0,0,,,7996ae6d,0.0,5,0,0,0
USA-Major League Soccer,2026,2026-07-25 CF Montréal-Inter Miami,Inter Miami,Micael,16,BRA,CB,25-347,90,0,0,0,0,1,0,0,0,1,1,0,0,0,1,0,,,7996ae6d,0.0,1,0,0,0
USA-Major League Soccer,2026,2026-07-25 CF Montréal-Inter Miami,Inter Miami,Noah Allen,32,GRE,DF,22-088,32,0,0,0,0,0,0,0,0,0,0,0,0,1,0,0,,,7996ae6d,0.0,0,0,0,0
USA-Major League Soccer,2026,2026-07-25 CF Montréal-Inter Miami,Inter Miami,Preston Plambeck,59,USA,MF,20-217,11,0,0,0,0,1,0,0,0,0,0,0,0,1,0,0,,,7996ae6d,0.0,1,0,0,0
USA-Major League Soccer,2026,2026-07-25 CF Montréal-Inter Miami,Inter Miami,Rocco Ríos Novo,34,ARG,GK,24-051,90,0,0,0,0,0,0,0,0,0,0,0,0,1,0,0,,,7996ae6d,0.0,0,0,0,0
USA-Major League Soccer,2026,2026-07-25 CF Montréal-Inter Miami,Inter Miami,Sergio Reguilón,3,ESP,LB,29-221,58,0,0,0,0,0,0,0,0,0,0,0,8,1,1,0,,,7996ae6d,0.0,0,0,0,0
USA-Major League Soccer,2026,2026-07-25 CF Montréal-Inter Miami,Inter Miami,Telasco Segovia,8,VEN,CM,23-114,90,0,0,0,0,4,1,1,0,2,0,0,1,1,1,0,,,7996ae6d,0.0,4,1,0,0
USA-Major League Soccer,2026,2026-07-25 CF Montréal-Inter Miami,Inter Miami,Yannick Bright,42,ITA,RM,24-325,89,0,0,0,0,1,0,0,0,2,1,0,0,1,1,0,,,7996ae6d,0.0,1,0,0,0
USA-Major League Soccer,2026,2026-07-25 Columbus Crew-FC Cincinnati,Columbus Crew,André Gomes,20,POR,MF,32-360,45,0,0,0,0,0,0,1,0,0,0,0,2,2,1,0,,,8ea1c3a6,0.0,0,0,0,0
USA-Major League Soccer,2026,2026-07-25 Columbus Crew-FC Cincinnati,Columbus Crew,Chase Adams,46,USA,MF,18-099,6,0,0,0,0,0,0,0,0,0,0,1,0,1,0,0,,,8ea1c3a6,0.0,0,0,0,0
USA-Major League Soccer,2026,2026-07-25 Columbus Crew-FC Cincinnati,Columbus Crew,Dylan Chambost,7,FRA,DM,28-340,68,0,1,0,0,2,0,0,0,1,1,0,5,0,0,0,,,8ea1c3a6,0.0,2,0,0,1
USA-Major League Soccer,2026,2026-07-25 Columbus Crew-FC Cincinnati,Columbus Crew,Dániel Gazdag,8,HUN,AM,30-145,84,1,0,1,1,4,2,0,0,2,0,0,0,0,0,0,,,8ea1c3a6,0.0,4,2,1,0
USA-Major League Soccer,2026,2026-07-25 Columbus Crew-FC Cincinnati,Columbus Crew,Hugo Picard,30,FRA,MF,23-077,12,0,0,0,0,0,0,0,0,0,0,0,0,0,0,0,,,8ea1c3a6,0.0,0,0,0,0
USA-Major League Soccer,2026,2026-07-25 Columbus Crew-FC Cincinnati,Columbus Crew,Jamal Thiaré,19,SEN,FW,33-116,78,1,0,0,0,3,1,0,0,2,2,0,0,0,0,0,,,8ea1c3a6,0.0,3,1,1,0
USA-Major League Soccer,2026,2026-07-25 Columbus Crew-FC Cincinnati,Columbus Crew,Malte Amundsen,18,DEN,DF,28-164,6,0,0,0,0,0,0,0,0,0,0,0,0,0,0,0,,,8ea1c3a6,0.0,0,0,0,0
USA-Major League Soccer,2026,2026-07-25 Columbus Crew-FC Cincinnati,Columbus Crew,Max Arfsten,27,USA,DM,25-097,90,0,0,0,0,1,1,0,0,1,2,1,5,1,0,0,,,8ea1c3a6,0.0,1,1,0,0
USA-Major League Soccer,2026,2026-07-25 Columbus Crew-FC Cincinnati,Columbus Crew,Mohamed Farsi,23,ALG,DM,26-221,90,0,0,0,0,0,0,0,0,0,0,0,0,1,1,0,,,8ea1c3a6,0.0,0,0,0,0
USA-Major League Soccer,2026,2026-07-25 Columbus Crew-FC Cincinnati,Columbus Crew,Patrick Schulte,28,USA,GK,25-134,90,0,0,0,0,0,0,0,0,0,1,0,0,0,0,0,,,8ea1c3a6,0.0,0,0,0,0
USA-Major League Soccer,2026,2026-07-25 Columbus Crew-FC Cincinnati,Columbus Crew,Rudy Camacho,4,FRA,CB,35-142,90,0,0,0,0,0,0,0,0,0,0,0,1,2,0,0,,,8ea1c3a6,0.0,0,0,0,0
USA-Major League Soccer,2026,2026-07-25 Columbus Crew-FC Cincinnati,Columbus Crew,Sean Zawadzki,25,USA,CB,26-095,90,0,0,0,0,0,0,0,0,0,0,0,0,3,1,0,,,8ea1c3a6,0.0,0,0,0,0
USA-Major League Soccer,2026,2026-07-25 Columbus Crew-FC Cincinnati,Columbus Crew,Steven Moreira,31,CPV,CB,31-346,84,0,0,0,0,1,1,0,0,0,0,0,0,1,1,0,,,8ea1c3a6,0.0,1,1,0,0
USA-Major League Soccer,2026,2026-07-25 Columbus Crew-FC Cincinnati,Columbus Crew,Sékou Tidiany Bangoura,17,GUI,DM,24-111,45,0,0,0,0,0,0,0,0,1,1,0,0,1,2,0,,,8ea1c3a6,0.0,0,0,0,0
USA-Major League Soccer,2026,2026-07-25 Columbus Crew-FC Cincinnati,Columbus Crew,Taha Habroune,16,USA,AM,20-170,90,0,0,0,0,2,1,0,0,2,1,0,4,3,1,0,,,8ea1c3a6,0.0,2,1,0,0
USA-Major League Soccer,2026,2026-07-25 Columbus Crew-FC Cincinnati,Columbus Crew,Tarun Karumanchi,50,USA,MF,23-115,22,0,0,0,0,0,0,0,0,2,0,0,0,1,0,0,,,8ea1c3a6,0.0,0,0,0,0
USA-Major League Soccer,2026,2026-07-25 Columbus Crew-FC Cincinnati,FC Cincinnati,Ayoub Jabbari,99,MAR,FW,26-176,21,0,0,0,0,1,0,0,0,1,1,1,0,0,0,0,,,8ea1c3a6,0.0,1,0,0,0
USA-Major League Soccer,2026,2026-07-25 Columbus Crew-FC Cincinnati,FC Cincinnati,Brian Anunga,27,CMR,MF,29-349,6,0,0,0,0,0,0,0,0,0,0,0,0,1,0,0,,,8ea1c3a6,0.0,0,0,0,0
USA-Major League Soccer,2026,2026-07-25 Columbus Crew-FC Cincinnati,FC Cincinnati,Bryan Ramírez,29,ECU,"DF,FW",25-348,27,0,0,0,0,0,0,0,0,0,1,0,5,1,0,0,,,8ea1c3a6,0.0,0,0,0,0
USA-Major League Soccer,2026,2026-07-25 Columbus Crew-FC Cincinnati,FC Cincinnati,Ender Echenique,66,VEN,LM,22-114,63,0,0,0,0,0,0,0,0,0,1,0,1,0,0,0,,,8ea1c3a6,0.0,0,0,0,0
USA-Major League Soccer,2026,2026-07-25 Columbus Crew-FC Cincinnati,FC Cincinnati,Evander,10,BRA,FW,28-046,90,0,1,0,0,4,1,0,0,1,2,0,6,1,0,0,,,8ea1c3a6,0.0,4,1,0,1
USA-Major League Soccer,2026,2026-07-25 Columbus Crew-FC Cincinnati,FC Cincinnati,Gerardo Valenzuela,22,USA,CM,21-300,89,0,0,0,0,2,1,0,1,1,3,0,1,0,2,0,,,8ea1c3a6,0.0,2,1,0,0
USA-Major League Soccer,2026,2026-07-25 Columbus Crew-FC Cincinnati,FC Cincinnati,Kenji Mboma Dem,17,FRA,FW,24-184,63,0,0,0,0,1,0,0,0,1,0,0,2,1,1,0,,,8ea1c3a6,0.0,1,0,0,0
USA-Major League Soccer,2026,2026-07-25 Columbus Crew-FC Cincinnati,FC Cincinnati,Kyle Smith,24,USA,"DF,MF",34-197,21,0,0,0,0,0,0,0,0,0,0,1,0,0,0,0,,,8ea1c3a6,0.0,0,0,0,0
USA-Major League Soccer,2026,2026-07-25 Columbus Crew-FC Cincinnati,FC Cincinnati,Kévin Denkey,9,TOG,FW,25-237,69,1,0,0,0,3,2,0,0,0,0,0,0,0,2,0,,,8ea1c3a6,0.0,3,2,1,0
USA-Major League Soccer,2026,2026-07-25 Columbus Crew-FC Cincinnati,FC Cincinnati,Matt Miazga,21,USA,CB,31-006,69,0,0,0,0,0,0,1,0,2,0,0,0,0,1,0,,,8ea1c3a6,0.0,0,0,0,0
USA-Major League Soccer,2026,2026-07-25 Columbus Crew-FC Cincinnati,FC Cincinnati,Miles Robinson,12,USA,CB,29-133,90,0,0,0,0,0,0,0,0,0,0,0,0,1,1,0,,,8ea1c3a6,0.0,0,0,0,0
USA-Major League Soccer,2026,2026-07-25 Columbus Crew-FC Cincinnati,FC Cincinnati,Obinna Nwobodo,5,NGA,CM,29-238,84,0,0,0,0,0,0,0,0,1,1,0,1,3,0,0,,,8ea1c3a6,0.0,0,0,0,0
USA-Major League Soccer,2026,2026-07-25 Columbus Crew-FC Cincinnati,FC Cincinnati,Pavel Bucha,20,CZE,RM,28-136,90,0,0,0,0,0,0,0,0,1,0,0,5,2,0,0,,,8ea1c3a6,0.0,0,0,0,0
USA-Major League Soccer,2026,2026-07-25 Columbus Crew-FC Cincinnati,FC Cincinnati,Roman Celentano,18,USA,GK,25-314,90,0,0,0,0,0,0,0,0,0,0,0,0,0,0,0,,,8ea1c3a6,0.0,0,0,0,0
USA-Major League Soccer,2026,2026-07-25 Columbus Crew-FC Cincinnati,FC Cincinnati,Samuel Gidi,11,SVK,CB,22-101,90,0,0,0,0,0,0,0,0,0,2,0,2,1,5,0,,,8ea1c3a6,0.0,0,0,0,0
USA-Major League Soccer,2026,2026-07-25 Columbus Crew-FC Cincinnati,FC Cincinnati,Tom Barlow,16,USA,FW,31-017,27,0,0,0,0,1,1,0,0,0,0,0,0,0,0,0,,,8ea1c3a6,0.0,1,1,0,0
USA-Major League Soccer,2026,2026-07-25 D.C. United-Toronto FC,D.C. United,Andre Dozzell,21,ENG,CM,27-084,90,0,0,0,0,1,1,0,0,2,1,0,1,0,0,0,,,015a3521,0.0,1,1,0,0
USA-Major League Soccer,2026,2026-07-25 D.C. United-Toronto FC,D.C. United,Brandon Servania,23,USA,CM,27-135,79,0,0,0,0,1,0,0,0,0,0,0,1,0,0,0,,,015a3521,0.0,1,0,0,0
USA-Major League Soccer,2026,2026-07-25 D.C. United-Toronto FC,D.C. United,Hosei Kijima,77,JPN,MF,24-024,11,0,0,0,0,1,0,0,0,1,1,0,3,0,0,0,,,015a3521,0.0,1,0,0,0
USA-Major League Soccer,2026,2026-07-25 D.C. United-Toronto FC,D.C. United,Jackson Hopkins,25,USA,RM,22-024,64,0,0,0,0,3,2,0,0,1,0,0,4,1,1,0,,,015a3521,0.0,3,2,0,0
USA-Major League Soccer,2026,2026-07-25 D.C. United-Toronto FC,D.C. United,Jared Stroud,8,USA,"FW,MF",30-015,26,0,0,0,0,1,0,0,0,0,0,0,2,1,0,0,,,015a3521,0.0,1,0,0,0
USA-Major League Soccer,2026,2026-07-25 D.C. United-Toronto FC,D.C. United,Keisuke Kurokawa,6,JPN,LB,29-103,90,0,0,0,0,0,0,0,0,1,2,0,10,4,2,0,,,015a3521,0.0,0,0,0,0
USA-Major League Soccer,2026,2026-07-25 D.C. United-Toronto FC,D.C. United,Kye Rowles,15,AUS,CB,28-031,79,0,0,0,0,1,1,0,0,0,0,0,0,2,1,0,,,015a3521,0.0,1,1,0,0
USA-Major League Soccer,2026,2026-07-25 D.C. United-Toronto FC,D.C. United,Louis Munteanu,11,ROU,FW,24-039,84,0,0,0,0,3,3,1,0,3,0,0,1,0,0,0,,,015a3521,0.0,3,3,0,0
USA-Major League Soccer,2026,2026-07-25 D.C. United-Toronto FC,D.C. United,Lucas Bartlett,3,USA,CB,28-364,90,0,0,0,0,1,0,0,0,2,0,0,0,0,1,0,,,015a3521,0.0,1,0,0,0
USA-Major League Soccer,2026,2026-07-25 D.C. United-Toronto FC,D.C. United,Matti Peltola,4,FIN,"DF,MF",24-022,26,0,0,0,0,0,0,0,0,1,0,0,0,0,0,0,,,015a3521,0.0,0,0,0,0
USA-Major League Soccer,2026,2026-07-25 D.C. United-Toronto FC,D.C. United,Nathan Ordaz,22,SLV,FW,22-194,6,0,0,0,0,0,0,0,0,0,0,0,0,0,0,0,,,015a3521,0.0,0,0,0,0
USA-Major League Soccer,2026,2026-07-25 D.C. United-Toronto FC,D.C. United,Peglow,7,BRA,LM,24-199,64,0,0,0,0,2,0,0,0,0,1,0,1,1,1,0,,,015a3521,0.0,2,0,0,0
USA-Major League Soccer,2026,2026-07-25 D.C. United-Toronto FC,D.C. United,Sean Johnson,1,USA,GK,37-055,90,0,0,0,0,0,0,0,0,0,0,0,0,0,0,0,,,015a3521,0.0,0,0,0,0
USA-Major League Soccer,2026,2026-07-25 D.C. United-Toronto FC,D.C. United,Sean Nealis,13,USA,DF,29-193,11,0,0,0,0,0,0,0,0,0,1,0,0,1,0,0,,,015a3521,0.0,0,0,0,0
USA-Major League Soccer,2026,2026-07-25 D.C. United-Toronto FC,D.C. United,Silvan Hefti,5,SUI,RB,28-273,90,0,0,0,0,1,0,0,0,1,0,0,1,4,1,0,,,015a3521,0.0,1,0,0,0
USA-Major League Soccer,2026,2026-07-25 D.C. United-Toronto FC,D.C. United,Tai Baribo,9,ISR,FW,28-191,90,1,0,1,1,2,1,0,0,2,1,0,1,1,1,0,,,015a3521,0.0,2,1,1,0
USA-Major League Soccer,2026,2026-07-25 D.C. United-Toronto FC,Toronto FC,Alonso Coello,14,ESP,MF,26-286,45,0,0,0,0,2,0,0,0,0,1,0,5,2,0,0,,,015a3521,0.0,2,0,0,0
USA-Major League Soccer,2026,2026-07-25 D.C. United-Toronto FC,Toronto FC,Deandre Kerr,29,CAN,FW,23-248,37,0,0,0,0,0,0,0,0,1,0,0,0,1,0,0,,,015a3521,0.0,0,0,0,0
USA-Major League Soccer,2026,2026-07-25 D.C. United-Toronto FC,Toronto FC,Derrick Etienne,11,HAI,AM,29-242,53,0,0,0,0,1,1,0,0,0,0,0,0,0,0,0,,,015a3521,0.0,1,1,0,0
USA-Major League Soccer,2026,2026-07-25 D.C. United-Toronto FC,Toronto FC,Djordje Mihailovic,10,USA,"FW,MF",27-257,37,0,0,0,0,4,2,0,0,0,1,0,1,1,0,0,,,015a3521,0.0,4,2,0,0
USA-Major League Soccer,2026,2026-07-25 D.C. United-Toronto FC,Toronto FC,Dániel Sallói,20,HUN,DM,30-006,90,0,0,0,0,1,1,0,0,0,1,0,1,0,0,0,,,015a3521,0.0,1,1,0,0
USA-Major League Soccer,2026,2026-07-25 D.C. United-Toronto FC,Toronto FC,Emilio Aristizábal,17,COL,FW,20-354,53,0,0,0,0,0,0,0,0,0,0,0,0,0,0,0,,,015a3521,0.0,0,0,0,0
USA-Major League Soccer,2026,2026-07-25 D.C. United-Toronto FC,Toronto FC,Jackson Gilman,38,USA,CB,22-087,90,0,0,0,0,0,0,0,0,1,1,0,1,0,1,0,,,015a3521,0.0,0,0,0,0
USA-Major League Soccer,2026,2026-07-25 D.C. United-Toronto FC,Toronto FC,Jonathan Osorio,21,CAN,DM,34-043,90,0,0,0,0,3,2,1,0,2,1,1,1,1,0,0,,,015a3521,0.0,3,2,0,0
USA-Major League Soccer,2026,2026-07-25 D.C. United-Toronto FC,Toronto FC,Kobe Franklin,19,CAN,DM,23-076,90,0,0,0,0,0,0,0,0,1,0,0,1,1,2,1,,,015a3521,0.0,0,0,0,0
USA-Major League Soccer,2026,2026-07-25 D.C. United-Toronto FC,Toronto FC,Luka Gavran,1,CAN,GK,26-077,90,0,0,0,0,0,0,0,0,0,0,0,0,0,0,0,,,015a3521,0.0,0,0,0,0
USA-Major League Soccer,2026,2026-07-25 D.C. United-Toronto FC,Toronto FC,Malik Henry,78,CAN,MF,24-002,1,0,0,0,0,0,0,0,0,1,0,0,0,0,0,0,,,015a3521,0.0,0,0,0,0
USA-Major League Soccer,2026,2026-07-25 D.C. United-Toronto FC,Toronto FC,Richie Laryea,22,CAN,DM,31-199,90,0,0,0,0,1,0,0,0,0,5,0,0,0,1,0,,,015a3521,0.0,1,0,0,0
USA-Major League Soccer,2026,2026-07-25 D.C. United-Toronto FC,Toronto FC,Theo Corbeanu,7,CAN,AM,24-069,89,1,0,0,0,1,1,0,0,0,1,1,8,0,0,0,,,015a3521,0.0,1,1,1,0
USA-Major League Soccer,2026,2026-07-25 D.C. United-Toronto FC,Toronto FC,Walker Zimmerman,25,USA,CB,33-067,90,0,0,0,0,0,0,0,0,1,2,0,1,0,3,0,,,015a3521,0.0,0,0,0,0
USA-Major League Soccer,2026,2026-07-25 D.C. United-Toronto FC,Toronto FC,Zane Monlouis,12,ENG,CB,22-282,45,0,0,0,0,0,0,0,0,0,0,0,0,1,0,0,,,015a3521,0.0,0,0,0,0
USA-Major League Soccer,2026,2026-07-25 Houston-Austin FC,Austin FC,Besard Sabovic,14,SWE,MF,28-201,31,0,0,0,0,0,0,1,0,0,0,0,0,0,0,0,,,360532b8,0.0,0,0,0,0
USA-Major League Soccer,2026,2026-07-25 Houston-Austin FC,Austin FC,Brad Stuver,1,USA,GK,35-100,90,0,0,0,0,0,0,0,0,0,0,0,0,0,0,0,,,360532b8,0.0,0,0,0,0
USA-Major League Soccer,2026,2026-07-25 Houston-Austin FC,Austin FC,Brandon Vazquez,9,USA,FW,27-284,90,0,0,0,0,6,3,0,0,1,3,0,0,0,0,0,,,360532b8,0.0,6,3,0,0
USA-Major League Soccer,2026,2026-07-25 Houston-Austin FC,Austin FC,Brendan Hines-Ike,4,USA,CB,31-237,90,0,0,0,0,0,0,0,0,0,1,0,0,1,0,0,,,360532b8,0.0,0,0,0,0
USA-Major League Soccer,2026,2026-07-25 Houston-Austin FC,Austin FC,Ervin Torres,38,USA,DF,18-253,20,0,0,0,0,0,0,0,0,0,0,0,2,1,0,0,,,360532b8,0.0,0,0,0,0
USA-Major League Soccer,2026,2026-07-25 Houston-Austin FC,Austin FC,Facundo Torres,11,URU,FW,26-103,70,0,0,0,0,2,0,0,0,1,2,0,9,0,0,0,,,360532b8,0.0,2,0,0,0
USA-Major League Soccer,2026,2026-07-25 Houston-Austin FC,Austin FC,Guilherme Biro,29,BRA,CB,26-085,90,0,0,0,0,1,0,0,0,2,0,0,0,1,0,0,,,360532b8,0.0,1,0,0,0
USA-Major League Soccer,2026,2026-07-25 Houston-Austin FC,Austin FC,Ilie Sánchez,6,ESP,CM,35-246,59,0,0,0,0,0,0,1,0,1,2,0,0,0,0,0,,,360532b8,0.0,0,0,0,0
USA-Major League Soccer,2026,2026-07-25 Houston-Austin FC,Austin FC,Jon Gallagher,17,IRL,LM,30-152,81,0,0,0,0,1,0,0,0,0,0,0,5,1,0,0,,,360532b8,0.0,1,0,0,0
USA-Major League Soccer,2026,2026-07-25 Houston-Austin FC,Austin FC,Joseph Rosales,30,HON,"DF,MF",25-261,31,0,0,0,0,1,0,0,0,0,2,0,5,0,0,0,,,360532b8,0.0,1,0,0,0
USA-Major League Soccer,2026,2026-07-25 Houston-Austin FC,Austin FC,Mateja Đorđević,35,SRB,DF,23-189,21,0,0,0,0,1,0,0,0,1,0,0,0,0,0,0,,,360532b8,0.0,1,0,0,0
USA-Major League Soccer,2026,2026-07-25 Houston-Austin FC,Austin FC,Myrto Uzuni,10,ALB,FW,31-055,90,0,0,0,0,0,0,0,0,0,0,0,1,3,0,0,,,360532b8,0.0,0,0,0,0
USA-Major League Soccer,2026,2026-07-25 Houston-Austin FC,Austin FC,Oleksandr Svatok,5,UKR,CB,31-301,69,0,0,0,0,0,0,0,0,1,1,0,0,0,1,0,,,360532b8,0.0,0,0,0,0
USA-Major League Soccer,2026,2026-07-25 Houston-Austin FC,Austin FC,Owen Wolff,33,USA,CM,21-207,90,0,0,0,0,0,0,0,0,3,1,0,2,1,1,0,,,360532b8,0.0,0,0,0,0
USA-Major League Soccer,2026,2026-07-25 Houston-Austin FC,Austin FC,Przemysław Płacheta,77,POL,RM,28-124,59,0,0,0,0,3,2,0,0,0,0,0,3,0,0,0,,,360532b8,0.0,3,2,0,0
USA-Major League Soccer,2026,2026-07-25 Houston-Austin FC,Austin FC,Žan Kolmanič,23,SVN,DF,26-144,9,0,0,0,0,0,0,0,0,0,0,0,0,0,0,0,,,360532b8,0.0,0,0,0,0
USA-Major League Soccer,2026,2026-07-25 Houston-Austin FC,Houston Dynamo,Agustín Bouzat,30,ARG,AM,32-119,69,0,1,0,0,1,0,0,0,1,1,0,0,2,1,0,,,360532b8,0.0,1,0,0,1
USA-Major League Soccer,2026,2026-07-25 Houston-Austin FC,Houston Dynamo,Agustín Resch,34,ARG,CB,24-147,90,0,0,0,0,0,0,0,0,2,0,0,0,2,0,0,,,360532b8,0.0,0,0,0,0
USA-Major League Soccer,2026,2026-07-25 Houston-Austin FC,Houston Dynamo,Artur,6,BRA,MF,30-136,28,0,0,0,0,0,0,0,0,0,0,0,0,0,1,0,,,360532b8,0.0,0,0,0,0
USA-Major League Soccer,2026,2026-07-25 Houston-Austin FC,Houston Dynamo,Diadie Samassékou,18,MLI,DM,30-195,62,0,0,0,0,0,0,0,0,0,1,0,0,1,1,0,,,360532b8,0.0,0,0,0,0
USA-Major League Soccer,2026,2026-07-25 Houston-Austin FC,Houston Dynamo,Duncan McGuire,23,USA,FW,25-170,21,0,0,0,0,0,0,0,0,0,0,1,0,0,0,0,,,360532b8,0.0,0,0,0,0
USA-Major League Soccer,2026,2026-07-25 Houston-Austin FC,Houston Dynamo,Erik Sviatchenko,28,DEN,DF,34-294,6,0,0,0,0,0,0,0,0,0,0,0,0,0,0,0,,,360532b8,0.0,0,0,0,0
USA-Major League Soccer,2026,2026-07-25 Houston-Austin FC,Houston Dynamo,Ezequiel Ponce,10,ARG,FW,29-118,69,0,1,0,0,2,1,0,0,2,0,1,0,0,0,0,,,360532b8,0.0,2,1,0,1
USA-Major League Soccer,2026,2026-07-25 Houston-Austin FC,Houston Dynamo,Felipe Andrade,36,BRA,RB,24-057,90,0,0,0,0,0,0,1,0,1,0,0,0,1,1,0,,,360532b8,0.0,0,0,0,0
USA-Major League Soccer,2026,2026-07-25 Houston-Austin FC,Houston Dynamo,Guilherme,20,BRA,LW,31-103,83,1,1,0,0,3,1,0,0,2,1,0,0,0,1,0,,,360532b8,0.0,3,1,1,1
USA-Major League Soccer,2026,2026-07-25 Houston-Austin FC,Houston Dynamo,Héctor Herrera,16,MEX,AM,36-097,90,0,0,0,0,0,0,0,0,1,1,0,1,0,1,0,,,360532b8,0.0,0,0,0,0
USA-Major League Soccer,2026,2026-07-25 Houston-Austin FC,Houston Dynamo,Jack McGlynn,8,USA,MF,23-018,21,0,0,0,0,0,0,0,0,1,0,0,2,0,0,0,,,360532b8,0.0,0,0,0,0
USA-Major League Soccer,2026,2026-07-25 Houston-Austin FC,Houston Dynamo,Jonathan Bond,31,ENG,GK,33-067,90,0,0,0,0,0,0,0,0,0,1,0,0,0,1,0,,,360532b8,0.0,0,0,0,0
USA-Major League Soccer,2026,2026-07-25 Houston-Austin FC,Houston Dynamo,Lawrence Ennali,11,GER,LB,24-140,90,0,0,0,0,0,0,0,0,2,1,0,2,1,1,0,,,360532b8,0.0,0,0,0,0
USA-Major League Soccer,2026,2026-07-25 Houston-Austin FC,Houston Dynamo,Lucas Halter,5,BRA,CB,26-084,84,0,0,0,0,0,0,1,0,0,3,0,0,1,2,0,,,360532b8,0.0,0,0,0,0
USA-Major League Soccer,2026,2026-07-25 Houston-Austin FC,Houston Dynamo,Mateusz Bogusz,19,POL,RW,24-337,90,2,0,0,0,4,2,0,0,0,0,1,3,1,0,0,,,360532b8,0.0,4,2,2,0
USA-Major League Soccer,2026,2026-07-25 Houston-Austin FC,Houston Dynamo,Ondřej Lingr,9,CZE,"FW,MF",27-291,7,0,0,0,0,0,0,0,0,0,1,0,0,1,0,0,,,360532b8,0.0,0,0,0,0
USA-Major League Soccer,2026,2026-07-25 LAFC-Sporting KC,Los Angeles FC,Aaron Long,33,USA,CB,33-286,90,0,0,0,0,0,0,0,0,0,0,0,0,0,0,0,,,b445825d,0.0,0,0,0,0
USA-Major League Soccer,2026,2026-07-25 LAFC-Sporting KC,Los Angeles FC,David Martínez,30,VEN,FW,20-168,77,1,0,0,0,1,1,0,0,1,0,0,1,0,0,0,,,b445825d,0.0,1,1,1,0
USA-Major League Soccer,2026,2026-07-25 LAFC-Sporting KC,Los Angeles FC,Denis Bouanga,99,GAB,FW,31-256,90,2,1,0,0,2,2,0,0,1,0,0,7,0,0,0,,,b445825d,0.0,2,2,2,1
USA-Major League Soccer,2026,2026-07-25 LAFC-Sporting KC,Los Angeles FC,Eddie Segura,4,COL,DF,29-173,45,0,0,0,0,1,0,0,0,2,0,0,0,1,0,0,,,b445825d,0.0,1,0,0,0
USA-Major League Soccer,2026,2026-07-25 LAFC-Sporting KC,Los Angeles FC,Hugo Lloris,1,FRA,GK,39-211,90,0,0,0,0,0,0,0,0,0,0,0,0,0,0,0,,,b445825d,0.0,0,0,0,0
USA-Major League Soccer,2026,2026-07-25 LAFC-Sporting KC,Los Angeles FC,Jeremy Ebobisse,17,USA,"FW,MF",29-161,6,0,0,0,0,0,0,0,0,0,0,0,0,0,0,0,,,b445825d,0.0,0,0,0,0
USA-Major League Soccer,2026,2026-07-25 LAFC-Sporting KC,Los Angeles FC,Jude Terry,22,USA,MF,17-290,29,0,0,0,0,0,0,0,0,0,0,0,0,0,0,0,,,b445825d,0.0,0,0,0,0
USA-Major League Soccer,2026,2026-07-25 LAFC-Sporting KC,Los Angeles FC,Marky Delgado,8,USA,CM,31-070,61,0,0,0,0,0,0,0,0,1,1,0,1,0,1,0,,,b445825d,0.0,0,0,0,0
USA-Major League Soccer,2026,2026-07-25 LAFC-Sporting KC,Los Angeles FC,Mathieu Choinière,66,CAN,CM,27-168,90,0,1,0,0,0,0,0,0,1,3,0,0,2,0,0,,,b445825d,0.0,0,0,0,1
USA-Major League Soccer,2026,2026-07-25 LAFC-Sporting KC,Los Angeles FC,Ryan Hollingshead,24,USA,RB,35-100,77,0,0,0,0,0,0,0,0,0,1,0,1,0,1,0,,,b445825d,0.0,0,0,0,0
USA-Major League Soccer,2026,2026-07-25 LAFC-Sporting KC,Los Angeles FC,Ryan Porteous,5,SCO,CB,27-122,90,0,0,0,0,0,0,0,0,0,1,0,0,2,2,0,,,b445825d,0.0,0,0,0,0
USA-Major League Soccer,2026,2026-07-25 LAFC-Sporting KC,Los Angeles FC,Ryan Raposo,21,CAN,MF,27-142,13,0,0,0,0,0,0,0,0,1,2,0,1,0,0,0,,,b445825d,0.0,0,0,0,0
USA-Major League Soccer,2026,2026-07-25 LAFC-Sporting KC,Los Angeles FC,Son Heung-min,7,KOR,FW,34-017,84,1,0,0,0,4,2,0,0,0,2,0,1,0,0,0,,,b445825d,0.0,4,2,1,0
USA-Major League Soccer,2026,2026-07-25 LAFC-Sporting KC,Los Angeles FC,Timothy Tillman,11,USA,CM,27-202,45,0,0,0,0,0,0,0,0,0,1,0,0,0,1,0,,,b445825d,0.0,0,0,0,0
USA-Major League Soccer,2026,2026-07-25 LAFC-Sporting KC,Los Angeles FC,Tyler Boyd,19,USA,"FW,MF",31-207,13,0,1,0,0,0,0,0,0,0,0,0,1,0,0,0,,,b445825d,0.0,0,0,0,1
USA-Major League Soccer,2026,2026-07-25 LAFC-Sporting KC,Los Angeles FC,Yevhen Cheberko,23,UKR,LB,28-183,90,0,0,0,0,0,0,0,0,1,0,0,0,0,2,0,,,b445825d,0.0,0,0,0,0
USA-Major League Soccer,2026,2026-07-25 LAFC-Sporting KC,Sporting Kansas City,Calvin Harris,11,ENG,AM,26-127,90,0,0,0,0,1,0,1,0,2,1,0,0,0,0,0,,,b445825d,0.0,1,0,0,0
USA-Major League Soccer,2026,2026-07-25 LAFC-Sporting KC,Sporting Kansas City,Dejan Joveljić,9,SRB,FW,26-352,90,0,0,0,0,2,0,0,0,1,1,2,0,0,0,0,,,b445825d,0.0,2,0,0,0
USA-Major League Soccer,2026,2026-07-25 LAFC-Sporting KC,Sporting Kansas City,Emir Karic,18,BIH,LB,29-046,90,0,0,0,0,0,0,0,0,0,1,0,4,1,2,0,,,b445825d,0.0,0,0,0,0
USA-Major League Soccer,2026,2026-07-25 LAFC-Sporting KC,Sporting Kansas City,Jake Davis,8,USA,RB,24-203,90,0,0,0,0,0,0,0,0,2,1,0,5,2,2,0,,,b445825d,0.0,0,0,0,0
USA-Major League Soccer,2026,2026-07-25 LAFC-Sporting KC,Sporting Kansas City,Kwaku Agyabeng,20,GHA,MF,20-028,29,0,0,0,0,0,0,0,0,1,0,0,0,1,0,0,,,b445825d,0.0,0,0,0,0
USA-Major League Soccer,2026,2026-07-25 LAFC-Sporting KC,Sporting Kansas City,Lasse Berg Johnsen,4,NOR,DM,26-341,90,0,0,0,0,1,0,0,0,0,1,0,2,3,0,0,,,b445825d,0.0,1,0,0,0
USA-Major League Soccer,2026,2026-07-25 LAFC-Sporting KC,Sporting Kansas City,Magomed-Shapi Suleymanov,93,RUS,"FW,MF",26-221,29,0,0,0,0,0,0,0,0,0,1,0,4,0,0,0,,,b445825d,0.0,0,0,0,0
USA-Major League Soccer,2026,2026-07-25 LAFC-Sporting KC,Sporting Kansas City,Manu García,6,ESP,AM,28-204,61,0,0,0,0,0,0,1,0,2,2,0,0,0,1,0,,,b445825d,0.0,0,0,0,0
USA-Major League Soccer,2026,2026-07-25 LAFC-Sporting KC,Sporting Kansas City,Moises Mosquera,3,COL,DF,25-062,22,0,0,0,0,0,0,0,0,1,0,0,0,1,1,0,,,b445825d,0.0,0,0,0,0
USA-Major League Soccer,2026,2026-07-25 LAFC-Sporting KC,Sporting Kansas City,Or Blorian,5,ISR,CB,26-140,68,0,0,0,0,0,0,0,0,0,0,0,0,0,2,0,,,b445825d,0.0,0,0,0,0
USA-Major League Soccer,2026,2026-07-25 LAFC-Sporting KC,Sporting Kansas City,Stefan Cleveland,30,USA,GK,32-061,90,0,0,0,0,0,0,0,0,0,0,0,0,0,0,0,,,b445825d,0.0,0,0,0,0
USA-Major League Soccer,2026,2026-07-25 LAFC-Sporting KC,Sporting Kansas City,Stephen Afrifa,17,CAN,AM,25-156,61,0,0,0,0,0,0,0,0,1,0,0,1,0,0,0,,,b445825d,0.0,0,0,0,0
USA-Major League Soccer,2026,2026-07-25 LAFC-Sporting KC,Sporting Kansas City,Wyatt Meyer,28,USA,CB,25-195,90,0,0,0,0,0,0,0,0,0,0,0,0,0,2,0,,,b445825d,0.0,0,0,0,0
USA-Major League Soccer,2026,2026-07-25 LAFC-Sporting KC,Sporting Kansas City,Zorhan Bassong,22,CAN,DM,27-079,90,0,0,0,0,3,1,0,0,1,0,0,3,1,1,0,,,b445825d,0.0,3,1,0,0
USA-Major League Soccer,2026,2026-07-25 Minnesota Utd-Vancouver,Minnesota United,Anthony Markanich,13,PHI,LB,26-211,80,0,0,0,0,1,0,0,0,0,1,0,3,1,1,0,,,409fe780,0.0,1,0,0,0
USA-Major League Soccer,2026,2026-07-25 Minnesota Utd-Vancouver,Minnesota United,Bongokuhle Hlongwane,21,RSA,"DF,FW",26-035,10,0,0,0,0,0,0,0,0,0,0,0,0,0,0,0,,,409fe780,0.0,0,0,0,0
USA-Major League Soccer,2026,2026-07-25 Minnesota Utd-Vancouver,Minnesota United,Carlos Harvey,67,PAN,"DF,MF",26-172,34,0,0,0,0,0,0,0,0,0,0,0,0,0,1,0,,,409fe780,0.0,0,0,0,0
USA-Major League Soccer,2026,2026-07-25 Minnesota Utd-Vancouver,Minnesota United,Devin Padelford,2,USA,DF,23-203,10,0,0,0,0,1,0,0,0,0,0,0,0,0,0,0,,,409fe780,0.0,1,0,0,0
USA-Major League Soccer,2026,2026-07-25 Minnesota Utd-Vancouver,Minnesota United,Drake Callender,12,USA,GK,28-291,90,0,0,0,0,0,0,0,0,0,0,0,0,0,0,0,,,409fe780,0.0,0,0,0,0
USA-Major League Soccer,2026,2026-07-25 Minnesota Utd-Vancouver,Minnesota United,Jefferson Díaz,28,COL,CB,25-232,56,0,0,0,0,0,0,0,0,0,1,0,0,2,0,0,,,409fe780,0.0,0,0,0,0
USA-Major League Soccer,2026,2026-07-25 Minnesota Utd-Vancouver,Minnesota United,Joaquín Pereyra,26,ARG,CM,27-236,90,0,0,0,0,1,0,0,0,1,4,0,6,1,0,0,,,409fe780,0.0,1,0,0,0
USA-Major League Soccer,2026,2026-07-25 Minnesota Utd-Vancouver,Minnesota United,Kelvin Yeboah,9,ITA,FW,26-080,67,0,0,0,0,1,0,0,0,2,0,0,2,0,0,0,,,409fe780,0.0,1,0,0,0
USA-Major League Soccer,2026,2026-07-25 Minnesota Utd-Vancouver,Minnesota United,Kyle Duncan,3,USA,RB,28-351,80,0,0,0,0,0,0,0,0,0,1,0,1,6,1,0,,,409fe780,0.0,0,0,0,0
USA-Major League Soccer,2026,2026-07-25 Minnesota Utd-Vancouver,Minnesota United,Mamadou Dieng,29,SEN,FW,22-171,90,0,0,0,0,4,3,1,0,2,3,0,1,0,1,0,,,409fe780,0.0,4,3,0,0
USA-Major League Soccer,2026,2026-07-25 Minnesota Utd-Vancouver,Minnesota United,Michael Boxall,15,NZL,CB,37-341,90,0,0,0,0,0,0,1,0,1,1,0,0,1,0,0,,,409fe780,0.0,0,0,0,0
USA-Major League Soccer,2026,2026-07-25 Minnesota Utd-Vancouver,Minnesota United,Morris Duggan,23,GER,CB,25-274,90,0,0,0,0,0,0,0,0,0,1,0,0,0,1,0,,,409fe780,0.0,0,0,0,0
USA-Major League Soccer,2026,2026-07-25 Minnesota Utd-Vancouver,Minnesota United,Owen Géne,30,FRA,CM,23-128,90,0,0,0,0,0,0,0,0,1,0,0,0,0,1,0,,,409fe780,0.0,0,0,0,0
USA-Major League Soccer,2026,2026-07-25 Minnesota Utd-Vancouver,Minnesota United,Peter Stroud,6,USA,MF,24-093,23,0,0,0,0,0,0,0,0,0,0,0,0,1,0,0,,,409fe780,0.0,0,0,0,0
USA-Major League Soccer,2026,2026-07-25 Minnesota Utd-Vancouver,Minnesota United,Tomás Chancalay,8,ARG,"FW,MF",27-205,23,0,0,0,0,2,0,0,0,0,0,0,0,0,1,0,,,409fe780,0.0,2,0,0,0
USA-Major League Soccer,2026,2026-07-25 Minnesota Utd-Vancouver,Minnesota United,Wil Trapp,20,USA,CM,33-191,67,0,0,0,0,1,0,0,0,0,0,0,0,0,1,0,,,409fe780,0.0,1,0,0,0
USA-Major League Soccer,2026,2026-07-25 Minnesota Utd-Vancouver,Vancouver Whitecaps,Andrés Cubas,20,PAR,DM,30-064,90,0,0,0,0,1,0,0,0,0,0,0,0,3,1,0,,,409fe780,0.0,1,0,0,0
USA-Major League Soccer,2026,2026-07-25 Minnesota Utd-Vancouver,Vancouver Whitecaps,Brian White,24,USA,FW,30-172,68,0,0,0,0,2,1,0,0,3,0,0,0,0,0,0,,,409fe780,0.0,2,1,0,0
USA-Major League Soccer,2026,2026-07-25 Minnesota Utd-Vancouver,Vancouver Whitecaps,Cheikh Tidiane Sabaly,7,SEN,AM,27-143,45,0,0,0,0,1,1,0,0,1,0,0,2,0,0,0,,,409fe780,0.0,1,1,0,0
USA-Major League Soccer,2026,2026-07-25 Minnesota Utd-Vancouver,Vancouver Whitecaps,Jeevan Badwal,59,CAN,AM,20-136,90,0,0,0,0,1,0,1,0,2,2,0,0,1,0,0,,,409fe780,0.0,1,0,0,0
USA-Major League Soccer,2026,2026-07-25 Minnesota Utd-Vancouver,Vancouver Whitecaps,Mathías Laborda,2,URU,RB,26-313,90,0,0,0,0,0,0,0,0,1,1,0,0,0,0,0,,,409fe780,0.0,0,0,0,0
USA-Major League Soccer,2026,2026-07-25 Minnesota Utd-Vancouver,Vancouver Whitecaps,Mihail Gherasimencov,29,MDA,DF,21-122,80,0,0,0,0,1,0,0,0,1,0,0,3,1,0,0,,,409fe780,0.0,1,0,0,0
USA-Major League Soccer,2026,2026-07-25 Minnesota Utd-Vancouver,Vancouver Whitecaps,Nikola Djordjevic,41,USA,DF,23-253,45,0,0,0,0,0,0,0,0,1,0,0,1,1,0,0,,,409fe780,0.0,0,0,0,0
USA-Major League Soccer,2026,2026-07-25 Minnesota Utd-Vancouver,Vancouver Whitecaps,Oliver Larraz,8,USA,DM,24-312,45,0,0,0,0,1,0,0,0,0,0,0,1,0,1,0,,,409fe780,0.0,1,0,0,0
USA-Major League Soccer,2026,2026-07-25 Minnesota Utd-Vancouver,Vancouver Whitecaps,Ranko Veselinović,4,SRB,CB,27-123,10,0,0,0,0,0,0,0,0,1,0,0,0,0,0,0,,,409fe780,0.0,0,0,0,0
USA-Major League Soccer,2026,2026-07-25 Minnesota Utd-Vancouver,Vancouver Whitecaps,Rayan Elloumi,19,TUN,FW,18-311,22,0,0,0,0,0,0,0,0,0,0,1,0,0,0,0,,,409fe780,0.0,0,0,0,0
USA-Major League Soccer,2026,2026-07-25 Minnesota Utd-Vancouver,Vancouver Whitecaps,Ryan Gauld,25,SCO,"FW,MF",30-221,45,0,0,0,0,2,2,0,0,0,0,0,2,0,0,0,,,409fe780,0.0,2,2,0,0
USA-Major League Soccer,2026,2026-07-25 Minnesota Utd-Vancouver,Vancouver Whitecaps,Sam Adekugbe,3,CAN,"DF,MF",31-190,1,0,0,0,0,1,0,0,0,0,0,0,1,0,0,0,,,409fe780,0.0,1,0,0,0
USA-Major League Soccer,2026,2026-07-25 Minnesota Utd-Vancouver,Vancouver Whitecaps,Tate Johnson,28,USA,LB,21-015,89,0,0,0,0,0,0,0,0,0,3,0,3,1,0,0,,,409fe780,0.0,0,0,0,0
USA-Major League Soccer,2026,2026-07-25 Minnesota Utd-Vancouver,Vancouver Whitecaps,Thomas Müller,13,GER,AM,36-315,90,0,0,0,0,1,1,0,0,1,0,0,3,1,0,0,,,409fe780,0.0,1,1,0,0
USA-Major League Soccer,2026,2026-07-25 Minnesota Utd-Vancouver,Vancouver Whitecaps,Tristan Blackmon,33,USA,CB,29-347,90,0,0,0,0,0,0,0,0,2,1,0,0,0,0,0,,,409fe780,0.0,0,0,0,0
USA-Major League Soccer,2026,2026-07-25 Minnesota Utd-Vancouver,Vancouver Whitecaps,Yohei Takaoka,1,JPN,GK,30-131,90,0,0,0,0,0,0,0,0,0,0,0,0,0,0,0,,,409fe780,0.0,0,0,0,0
USA-Major League Soccer,2026,2026-07-25 NE Revolution-Atlanta Utd,Atlanta United,Aleksei Miranchuk,59,RUS,AM,30-281,90,0,1,0,0,1,0,0,0,0,2,0,3,0,0,0,,,2b6690d7,0.0,1,0,0,1
USA-Major League Soccer,2026,2026-07-25 NE Revolution-Atlanta Utd,Atlanta United,Cayman Togashi,30,JPN,FW,32-349,12,0,0,0,0,0,0,0,0,0,0,0,0,0,0,0,,,2b6690d7,0.0,0,0,0,0
USA-Major League Soccer,2026,2026-07-25 NE Revolution-Atlanta Utd,Atlanta United,Cooper Sanchez,48,USA,AM,18-121,90,0,0,0,0,0,0,0,0,4,0,0,0,2,1,0,,,2b6690d7,0.0,0,0,0,0
USA-Major League Soccer,2026,2026-07-25 NE Revolution-Atlanta Utd,Atlanta United,Elías Báez,3,ARG,LB,21-280,90,0,0,0,0,3,1,0,0,1,0,0,2,4,0,0,,,2b6690d7,0.0,3,1,0,0
USA-Major League Soccer,2026,2026-07-25 NE Revolution-Atlanta Utd,Atlanta United,Enea Mihaj,4,ALB,DF,28-020,12,0,0,0,0,0,0,0,0,0,0,0,0,0,0,0,,,2b6690d7,0.0,0,0,0,0
USA-Major League Soccer,2026,2026-07-25 NE Revolution-Atlanta Utd,Atlanta United,Fafà Picault,22,HAI,FW,35-152,78,0,0,0,0,1,1,0,0,0,0,0,4,0,1,0,,,2b6690d7,0.0,1,1,0,0
USA-Major League Soccer,2026,2026-07-25 NE Revolution-Atlanta Utd,Atlanta United,Júnior Alonso,6,PAR,CB,33-166,90,0,0,0,0,1,0,0,0,3,0,0,0,0,1,0,,,2b6690d7,0.0,1,0,0,0
USA-Major League Soccer,2026,2026-07-25 NE Revolution-Atlanta Utd,Atlanta United,Lucas Hoyos,1,ARG,GK,37-087,90,0,0,0,0,0,0,0,0,0,0,0,0,0,0,0,,,2b6690d7,0.0,0,0,0,0
USA-Major League Soccer,2026,2026-07-25 NE Revolution-Atlanta Utd,Atlanta United,Luke Brennan,20,USA,FW,21-151,32,0,0,0,0,2,0,0,0,1,0,0,3,0,0,0,,,2b6690d7,0.0,2,0,0,0
USA-Major League Soccer,2026,2026-07-25 NE Revolution-Atlanta Utd,Atlanta United,Matthew Edwards,47,USA,RB,23-158,68,0,0,0,0,0,0,1,0,3,0,0,4,2,1,0,,,2b6690d7,0.0,0,0,0,0
USA-Major League Soccer,2026,2026-07-25 NE Revolution-Atlanta Utd,Atlanta United,Miguel Almirón,10,PAR,AM,32-165,90,1,0,0,0,7,4,0,0,0,1,1,3,0,1,0,,,2b6690d7,0.0,7,4,1,0
USA-Major League Soccer,2026,2026-07-25 NE Revolution-Atlanta Utd,Atlanta United,Ronald Hernández,2,VEN,DF,28-307,22,0,0,0,0,0,0,0,0,0,1,0,0,0,1,0,,,2b6690d7,0.0,0,0,0,0
USA-Major League Soccer,2026,2026-07-25 NE Revolution-Atlanta Utd,Atlanta United,Stian Rode Gregersen,5,NOR,CB,31-069,78,0,0,0,0,0,0,0,0,2,2,0,0,1,0,0,,,2b6690d7,0.0,0,0,0,0
USA-Major League Soccer,2026,2026-07-25 NE Revolution-Atlanta Utd,Atlanta United,Tristan Muyumba,8,FRA,DM,29-140,58,0,0,0,0,1,0,0,0,1,1,0,0,1,1,0,,,2b6690d7,0.0,1,0,0,0
USA-Major League Soccer,2026,2026-07-25 NE Revolution-Atlanta Utd,Atlanta United,William Reilly,28,USA,DM,23-234,90,0,0,0,0,1,0,1,0,1,0,0,0,0,2,0,,,2b6690d7,0.0,1,0,0,0
USA-Major League Soccer,2026,2026-07-25 NE Revolution-Atlanta Utd,New England Revolution,Alhassan Yusuf,80,NGA,CM,26-007,58,0,2,0,0,1,0,1,0,1,0,0,0,1,1,0,,,2b6690d7,0.0,1,0,0,2
USA-Major League Soccer,2026,2026-07-25 NE Revolution-Atlanta Utd,New England Revolution,Brooklyn Raines,21,USA,CM,21-136,90,1,0,0,0,1,1,0,0,0,2,0,1,1,0,0,,,2b6690d7,0.0,1,1,1,0
USA-Major League Soccer,2026,2026-07-25 NE Revolution-Atlanta Utd,New England Revolution,Carles Gil,10,ESP,CM,33-245,90,1,0,0,0,1,1,0,0,0,2,0,4,0,0,0,,,2b6690d7,0.0,1,1,1,0
USA-Major League Soccer,2026,2026-07-25 NE Revolution-Atlanta Utd,New England Revolution,Cody Baker,15,USA,DF,22-199,12,0,0,0,0,0,0,0,0,0,0,0,0,0,0,0,,,2b6690d7,0.0,0,0,0,0
USA-Major League Soccer,2026,2026-07-25 NE Revolution-Atlanta Utd,New England Revolution,Dor Turgeman,11,ISR,FW,22-274,67,1,0,0,0,2,2,0,0,0,4,0,0,0,0,0,,,2b6690d7,0.0,2,2,1,0
USA-Major League Soccer,2026,2026-07-25 NE Revolution-Atlanta Utd,New England Revolution,Ethan Kohler,22,USA,CB,21-066,90,0,0,0,0,0,0,0,0,0,0,0,0,0,2,0,,,2b6690d7,0.0,0,0,0,0
USA-Major League Soccer,2026,2026-07-25 NE Revolution-Atlanta Utd,New England Revolution,Griffin Yow,7,USA,MF,23-303,23,0,0,0,0,1,1,0,0,1,0,0,1,0,0,0,,,2b6690d7,0.0,1,1,0,0
USA-Major League Soccer,2026,2026-07-25 NE Revolution-Atlanta Utd,New England Revolution,Jackson Yueill,14,USA,MF,29-128,32,0,0,0,0,0,0,0,0,1,0,0,0,1,1,0,,,2b6690d7,0.0,0,0,0,0
USA-Major League Soccer,2026,2026-07-25 NE Revolution-Atlanta Utd,New England Revolution,Luca Langoni,41,ARG,"FW,MF",24-166,23,0,0,0,0,1,0,0,0,0,0,0,2,1,0,0,,,2b6690d7,0.0,1,0,0,0
USA-Major League Soccer,2026,2026-07-25 NE Revolution-Atlanta Utd,New England Revolution,Mamadou Fofana,2,MLI,CB,28-185,90,0,0,0,0,0,0,0,0,0,0,0,0,0,0,0,,,2b6690d7,0.0,0,0,0,0
USA-Major League Soccer,2026,2026-07-25 NE Revolution-Atlanta Utd,New England Revolution,Marcos Zambrano,17,USA,FW,21-186,67,0,1,0,0,1,0,0,0,1,2,1,0,0,0,0,,,2b6690d7,0.0,1,0,0,1
USA-Major League Soccer,2026,2026-07-25 NE Revolution-Atlanta Utd,New England Revolution,Matt Polster,8,USA,RB,33-047,78,0,1,0,0,0,0,0,0,0,0,0,0,1,2,0,,,2b6690d7,0.0,0,0,0,1
USA-Major League Soccer,2026,2026-07-25 NE Revolution-Atlanta Utd,New England Revolution,Matt Turner,30,USA,GK,32-031,90,0,0,0,0,0,0,0,0,0,2,0,0,0,0,0,,,2b6690d7,0.0,0,0,0,0
USA-Major League Soccer,2026,2026-07-25 NE Revolution-Atlanta Utd,New England Revolution,Peyton Miller,25,USA,FW,18-259,67,1,0,0,0,2,1,0,0,1,0,0,1,0,0,0,,,2b6690d7,0.0,2,1,1,0
USA-Major League Soccer,2026,2026-07-25 NE Revolution-Atlanta Utd,New England Revolution,William Sands,23,USA,LB,26-019,90,0,0,0,0,1,1,0,0,0,4,0,1,0,0,0,,,2b6690d7,0.0,1,1,0,0
USA-Major League Soccer,2026,2026-07-25 NE Revolution-Atlanta Utd,New England Revolution,Wilson Harris,27,USA,FW,26-239,23,0,0,0,0,0,0,1,0,2,0,1,0,0,0,0,,,2b6690d7,0.0,0,0,0,0
USA-Major League Soccer,2026,2026-07-25 NYCFC-Chicago Fire,Chicago Fire,Andrew Gutman,15,USA,"DF,MF",29-296,20,0,0,0,0,0,0,0,0,1,0,0,1,0,0,0,,,143a04cc,0.0,0,0,0,0
USA-Major League Soccer,2026,2026-07-25 NYCFC-Chicago Fire,Chicago Fire,Anton Salétros,6,SWE,CM,30-104,90,0,0,0,0,2,1,0,0,0,0,0,2,1,1,0,,,143a04cc,0.0,2,1,0,0
USA-Major League Soccer,2026,2026-07-25 NYCFC-Chicago Fire,Chicago Fire,Chris Brady,1,USA,GK,22-144,90,0,0,0,0,0,0,0,0,0,0,0,0,0,0,0,,,143a04cc,0.0,0,0,0,0
USA-Major League Soccer,2026,2026-07-25 NYCFC-Chicago Fire,Chicago Fire,Innocent Dje,42,CIV,CM,23-081,62,0,0,0,0,0,0,1,0,3,0,0,1,2,3,0,,,143a04cc,0.0,0,0,0,0
USA-Major League Soccer,2026,2026-07-25 NYCFC-Chicago Fire,Chicago Fire,Jack Elliott,3,ENG,CB,30-334,90,0,0,0,0,0,0,0,0,0,0,0,0,1,2,0,,,143a04cc,0.0,0,0,0,0
USA-Major League Soccer,2026,2026-07-25 NYCFC-Chicago Fire,Chicago Fire,Joel Waterman,16,CAN,CB,30-182,90,1,0,0,0,1,1,1,0,3,1,0,0,1,2,0,,,143a04cc,0.0,1,1,1,0
USA-Major League Soccer,2026,2026-07-25 NYCFC-Chicago Fire,Chicago Fire,Jonathan Bamba,19,CIV,LM,30-121,90,0,0,0,0,0,0,0,0,0,2,0,2,2,1,0,,,143a04cc,0.0,0,0,0,0
USA-Major League Soccer,2026,2026-07-25 NYCFC-Chicago Fire,Chicago Fire,Jonathan Dean,24,USA,"DF,MF",29-071,45,0,0,0,0,0,0,0,0,0,0,0,1,0,0,0,,,143a04cc,0.0,0,0,0,0
USA-Major League Soccer,2026,2026-07-25 NYCFC-Chicago Fire,Chicago Fire,Leonardo Barroso,2,POR,RB,21-043,45,0,0,0,0,0,0,0,0,2,1,0,2,2,2,0,,,143a04cc,0.0,0,0,0,0
USA-Major League Soccer,2026,2026-07-25 NYCFC-Chicago Fire,Chicago Fire,Maren Haile-Selassie,7,SUI,FW,27-134,45,0,0,0,0,1,0,0,0,1,0,0,0,0,0,0,,,143a04cc,0.0,1,0,0,0
USA-Major League Soccer,2026,2026-07-25 NYCFC-Chicago Fire,Chicago Fire,Mauricio Pineda,22,USA,"DF,MF",28-281,28,0,0,0,0,1,1,0,0,0,0,0,0,0,0,0,,,143a04cc,0.0,1,1,0,0
USA-Major League Soccer,2026,2026-07-25 NYCFC-Chicago Fire,Chicago Fire,Philip Zinckernagel,11,DEN,RM,31-221,90,0,0,0,0,1,0,0,0,4,1,1,7,3,0,0,,,143a04cc,0.0,1,0,0,0
USA-Major League Soccer,2026,2026-07-25 NYCFC-Chicago Fire,Chicago Fire,Puso Dithejane,12,RSA,MF,22-044,20,0,0,0,0,1,1,1,0,1,0,0,0,0,0,0,,,143a04cc,0.0,1,1,0,0
USA-Major League Soccer,2026,2026-07-25 NYCFC-Chicago Fire,Chicago Fire,Robert Lewandowski,9,POL,FW,37-338,45,0,0,0,0,2,1,0,0,0,1,0,0,0,0,0,,,143a04cc,0.0,2,1,0,0
USA-Major League Soccer,2026,2026-07-25 NYCFC-Chicago Fire,Chicago Fire,Robin Lod,17,FIN,FW,33-099,70,0,0,0,0,0,0,0,0,0,0,0,0,0,1,0,,,143a04cc,0.0,0,0,0,0
USA-Major League Soccer,2026,2026-07-25 NYCFC-Chicago Fire,Chicago Fire,Viktor Radojevic,14,SRB,LB,22-011,70,0,0,0,0,0,0,0,0,1,0,0,2,1,0,0,,,143a04cc,0.0,0,0,0,0
USA-Major League Soccer,2026,2026-07-25 NYCFC-Chicago Fire,New York City FC,Agustin Ojeda,26,ARG,RW,22-036,89,1,1,0,0,1,1,0,0,1,0,0,3,1,0,0,,,143a04cc,0.0,1,1,1,1
USA-Major League Soccer,2026,2026-07-25 NYCFC-Chicago Fire,New York City FC,Andrés Perea,8,USA,AM,25-253,90,0,1,0,0,0,0,0,0,1,4,0,0,1,2,0,,,143a04cc,0.0,0,0,0,1
USA-Major League Soccer,2026,2026-07-25 NYCFC-Chicago Fire,New York City FC,Arnau Farnós,87,ESP,MF,23-188,6,0,0,0,0,0,0,0,0,0,1,0,0,0,0,0,,,143a04cc,0.0,0,0,0,0
USA-Major League Soccer,2026,2026-07-25 NYCFC-Chicago Fire,New York City FC,Bénie Traoré,9,CIV,"FW,MF",23-237,22,0,0,0,0,1,0,0,0,1,0,1,1,0,0,0,,,143a04cc,0.0,1,0,0,0
USA-Major League Soccer,2026,2026-07-25 NYCFC-Chicago Fire,New York City FC,Hannes Wolf,17,AUT,"FW,MF",27-100,6,0,0,0,0,1,0,0,0,0,0,0,0,1,0,0,,,143a04cc,0.0,1,0,0,0
USA-Major League Soccer,2026,2026-07-25 NYCFC-Chicago Fire,New York City FC,James Sands,6,USA,CB,26-019,90,0,0,0,0,1,0,0,0,0,1,0,0,2,2,0,,,143a04cc,0.0,1,0,0,0
USA-Major League Soccer,2026,2026-07-25 NYCFC-Chicago Fire,New York City FC,Jonathan Shore,32,USA,DM,19-103,84,0,0,0,0,0,0,0,0,1,0,0,0,3,0,0,,,143a04cc,0.0,0,0,0,0
USA-Major League Soccer,2026,2026-07-25 NYCFC-Chicago Fire,New York City FC,Malachi Jones,88,SLE,LW,22-305,68,1,0,0,0,2,1,0,0,1,0,3,0,2,1,0,,,143a04cc,0.0,2,1,1,0
USA-Major League Soccer,2026,2026-07-25 NYCFC-Chicago Fire,New York City FC,Matt Freese,49,USA,GK,27-326,90,0,0,0,0,0,0,0,0,0,1,0,0,0,0,0,,,143a04cc,0.0,0,0,0,0
USA-Major League Soccer,2026,2026-07-25 NYCFC-Chicago Fire,New York City FC,Mitja Ilenič,35,SVN,DF,21-211,1,0,0,0,0,0,0,0,0,0,0,0,0,0,0,0,,,143a04cc,0.0,0,0,0,0
USA-Major League Soccer,2026,2026-07-25 NYCFC-Chicago Fire,New York City FC,Nico Cavallo,2,USA,LB,24-210,90,0,0,0,0,0,0,0,0,0,0,0,1,1,1,0,,,143a04cc,0.0,0,0,0,0
USA-Major League Soccer,2026,2026-07-25 NYCFC-Chicago Fire,New York City FC,Nicolás Fernández,7,ARG,AM,26-195,90,1,0,0,0,1,1,1,0,1,4,0,2,1,0,0,,,143a04cc,0.0,1,1,1,0
USA-Major League Soccer,2026,2026-07-25 NYCFC-Chicago Fire,New York City FC,Talles Magno,11,BRA,FW,24-029,84,0,0,0,0,2,0,0,0,0,4,1,0,0,0,0,,,143a04cc,0.0,2,0,0,0
USA-Major League Soccer,2026,2026-07-25 NYCFC-Chicago Fire,New York City FC,Tayvon Gray,24,JAM,RB,23-340,90,0,0,0,0,1,0,0,0,2,1,0,3,2,2,0,,,143a04cc,0.0,1,0,0,0
USA-Major League Soccer,2026,2026-07-25 NYCFC-Chicago Fire,New York City FC,Thiago Martins,13,BRA,CB,31-130,90,0,0,0,0,0,0,0,0,0,0,0,0,0,0,0,,,143a04cc,0.0,0,0,0,0
USA-Major League Soccer,2026,2026-07-25 Orlando City-Nashville SC,Nashville SC,Ahmed Qasem,37,IRQ,"FW,MF",23-013,45,0,0,0,0,2,0,0,0,1,0,0,1,0,0,0,,,49b38161,0.0,2,0,0,0
USA-Major League Soccer,2026,2026-07-25 Orlando City-Nashville SC,Nashville SC,Alex Muyl,19,USA,LW,30-298,45,0,0,0,0,1,1,0,0,0,0,0,0,0,4,0,,,49b38161,0.0,1,1,0,0
USA-Major League Soccer,2026,2026-07-25 Orlando City-Nashville SC,Nashville SC,Andy Najar,31,HON,RB,33-131,75,0,0,0,0,1,0,0,0,0,2,1,1,0,0,0,,,49b38161,0.0,1,0,0,0
USA-Major League Soccer,2026,2026-07-25 Orlando City-Nashville SC,Nashville SC,Brian Schwake,99,USA,GK,24-335,90,0,0,0,0,0,0,0,0,0,0,0,0,0,0,0,,,49b38161,0.0,0,0,0,0
USA-Major League Soccer,2026,2026-07-25 Orlando City-Nashville SC,Nashville SC,Bryan Acosta,6,HON,CM,32-243,64,0,0,0,0,0,0,0,0,1,0,0,2,0,2,0,,,49b38161,0.0,0,0,0,0
USA-Major League Soccer,2026,2026-07-25 Orlando City-Nashville SC,Nashville SC,Daniel Lovitz,2,USA,"DF,MF",34-332,15,0,0,0,0,0,0,0,0,1,0,0,2,0,0,0,,,49b38161,0.0,0,0,0,0
USA-Major League Soccer,2026,2026-07-25 Orlando City-Nashville SC,Nashville SC,Edvard Sandvik Tagseth,20,NOR,MF,25-183,26,0,0,0,0,0,0,0,0,0,0,0,4,0,0,0,,,49b38161,0.0,0,0,0,0
USA-Major League Soccer,2026,2026-07-25 Orlando City-Nashville SC,Nashville SC,Hany Mukhtar,10,GER,FW,31-126,90,0,0,0,0,1,0,0,0,1,1,0,5,0,0,0,,,49b38161,0.0,1,0,0,0
USA-Major League Soccer,2026,2026-07-25 Orlando City-Nashville SC,Nashville SC,Jack Maher,5,USA,CB,26-270,90,0,0,0,0,0,0,0,0,2,0,0,0,1,1,0,,,49b38161,0.0,0,0,0,0
USA-Major League Soccer,2026,2026-07-25 Orlando City-Nashville SC,Nashville SC,Jordan Knight,23,CAN,DF,24-042,26,0,0,0,0,0,0,0,0,1,1,0,2,2,0,0,,,49b38161,0.0,0,0,0,0
USA-Major League Soccer,2026,2026-07-25 Orlando City-Nashville SC,Nashville SC,Josh Bauer,22,USA,LB,28-003,90,0,0,0,0,1,0,0,0,0,0,0,0,0,1,0,,,49b38161,0.0,1,0,0,0
USA-Major League Soccer,2026,2026-07-25 Orlando City-Nashville SC,Nashville SC,Matthew Corcoran,16,USA,CM,20-158,89,0,0,0,0,0,0,0,0,2,1,0,1,4,0,0,,,49b38161,0.0,0,0,0,0
USA-Major League Soccer,2026,2026-07-25 Orlando City-Nashville SC,Nashville SC,Maxwell Woledzi,3,GHA,CB,25-023,90,0,0,0,0,0,0,0,0,0,1,0,0,1,0,0,,,49b38161,0.0,0,0,0,0
USA-Major League Soccer,2026,2026-07-25 Orlando City-Nashville SC,Nashville SC,Sam Surridge,9,ENG,FW,27-362,90,0,0,0,0,0,0,0,0,0,1,0,2,1,0,0,,,49b38161,0.0,0,0,0,0
USA-Major League Soccer,2026,2026-07-25 Orlando City-Nashville SC,Nashville SC,Shakur Mohammed,14,GHA,RW,22-332,64,0,0,0,0,1,1,0,0,1,1,1,1,1,0,0,,,49b38161,0.0,1,1,0,0
USA-Major League Soccer,2026,2026-07-25 Orlando City-Nashville SC,Nashville SC,Woobens Pacius,17,HAI,FW,25-075,1,0,0,0,0,0,0,0,0,0,0,0,0,0,0,0,,,49b38161,0.0,0,0,0,0
USA-Major League Soccer,2026,2026-07-25 Orlando City-Nashville SC,Orlando City,Adrián Marín,3,ESP,DF,29-197,21,0,0,0,0,0,0,0,0,0,0,0,0,1,0,0,,,49b38161,0.0,0,0,0,0
USA-Major League Soccer,2026,2026-07-25 Orlando City-Nashville SC,Orlando City,Antoine Griezmann,7,FRA,AM,35-126,90,0,0,0,0,3,0,0,0,0,1,0,5,1,1,0,,,49b38161,0.0,3,0,0,0
USA-Major League Soccer,2026,2026-07-25 Orlando City-Nashville SC,Orlando City,Bernardo Rhein,44,BRA,LB,18-307,69,0,0,0,0,0,0,0,0,1,0,0,1,1,2,0,,,49b38161,0.0,0,0,0,0
USA-Major League Soccer,2026,2026-07-25 Orlando City-Nashville SC,Orlando City,Braian Ojeda,8,PAR,DM,26-028,90,0,0,0,0,1,0,0,0,3,1,0,0,1,1,0,,,49b38161,0.0,1,0,0,0
USA-Major League Soccer,2026,2026-07-25 Orlando City-Nashville SC,Orlando City,David Brekalo,4,SVN,CB,27-234,68,0,0,0,0,0,0,0,0,0,1,0,0,0,0,0,,,49b38161,0.0,0,0,0,0
USA-Major League Soccer,2026,2026-07-25 Orlando City-Nashville SC,Orlando City,Griffin Dorsey,24,USA,RB,27-142,90,0,0,0,0,0,0,0,0,0,2,0,3,1,1,0,,,49b38161,0.0,0,0,0,0
USA-Major League Soccer,2026,2026-07-25 Orlando City-Nashville SC,Orlando City,Harvey Sarajian,23,USA,FW,21-180,6,0,0,0,0,0,0,0,0,1,1,0,0,1,0,0,,,49b38161,0.0,0,0,0,0
USA-Major League Soccer,2026,2026-07-25 Orlando City-Nashville SC,Orlando City,Iago,57,BRA,DF,21-098,22,0,0,0,0,0,0,0,0,0,0,0,0,0,0,0,,,49b38161,0.0,0,0,0,0
USA-Major League Soccer,2026,2026-07-25 Orlando City-Nashville SC,Orlando City,Iván Angulo,77,COL,DM,27-125,90,0,0,0,0,0,0,0,0,1,1,1,0,1,0,0,,,49b38161,0.0,0,0,0,0
USA-Major League Soccer,2026,2026-07-25 Orlando City-Nashville SC,Orlando City,Justin Ellis,22,USA,FW,19-072,84,0,1,0,0,6,3,0,0,0,1,0,0,0,0,0,,,49b38161,0.0,6,3,0,1
USA-Major League Soccer,2026,2026-07-25 Orlando City-Nashville SC,Orlando City,Luis Otávio,5,BRA,DM,19-104,84,0,0,0,0,1,0,0,0,0,0,0,0,2,0,0,,,49b38161,0.0,1,0,0,0
USA-Major League Soccer,2026,2026-07-25 Orlando City-Nashville SC,Orlando City,Maxime Crépeau,71,CAN,GK,32-075,90,0,0,0,0,0,0,0,0,0,0,0,0,0,0,0,,,49b38161,0.0,0,0,0,0
USA-Major League Soccer,2026,2026-07-25 Orlando City-Nashville SC,Orlando City,Robin Jansson,6,SWE,CB,34-252,90,0,0,0,0,0,0,0,0,0,0,0,0,0,0,0,,,49b38161,0.0,0,0,0,0
USA-Major League Soccer,2026,2026-07-25 Orlando City-Nashville SC,Orlando City,Tiago,11,BRA,DM,21-108,52,0,0,0,0,0,0,1,0,1,1,0,1,1,0,0,,,49b38161,0.0,0,0,0,0
USA-Major League Soccer,2026,2026-07-25 Orlando City-Nashville SC,Orlando City,Tyrese Spicer,14,TRI,MF,25-233,38,1,0,0,0,1,1,0,0,0,0,0,2,2,0,0,,,49b38161,0.0,1,1,1,0
USA-Major League Soccer,2026,2026-07-25 Orlando City-Nashville SC,Orlando City,Wilder Cartagena,16,PER,MF,31-305,6,0,0,0,0,0,0,0,0,1,0,0,0,0,0,0,,,49b38161,0.0,0,0,0,0
USA-Major League Soccer,2026,2026-07-25 Philadelphia-Seattle Sounders,Philadelphia Union,Alejandro Bedoya,11,USA,"FW,MF",39-087,2,0,0,0,0,0,0,0,0,0,0,0,0,0,0,0,,,5a0dd962,0.0,0,0,0,0
USA-Major League Soccer,2026,2026-07-25 Philadelphia-Seattle Sounders,Philadelphia Union,Andre Blake,18,JAM,GK,35-246,90,0,0,0,0,0,0,0,0,0,0,0,0,0,0,0,,,5a0dd962,0.0,0,0,0,0
USA-Major League Soccer,2026,2026-07-25 Philadelphia-Seattle Sounders,Philadelphia Union,Bruno Damiani,9,URU,FW,24-098,64,0,0,0,0,1,0,0,0,0,0,0,0,0,2,0,,,5a0dd962,0.0,1,0,0,0
USA-Major League Soccer,2026,2026-07-25 Philadelphia-Seattle Sounders,Philadelphia Union,Cavan Sullivan,6,USA,RM,16-300,88,0,0,0,0,5,1,0,0,1,1,0,2,3,3,0,,,5a0dd962,0.0,5,1,0,0
USA-Major League Soccer,2026,2026-07-25 Philadelphia-Seattle Sounders,Philadelphia Union,Danley Jean-Jacques,21,HAI,CM,26-066,79,0,0,0,0,0,0,0,0,2,1,0,0,2,1,0,,,5a0dd962,0.0,0,0,0,0
USA-Major League Soccer,2026,2026-07-25 Philadelphia-Seattle Sounders,Philadelphia Union,Ezekiel Kwame Alladoh,23,GHA,FW,20-315,26,0,0,0,0,1,0,0,0,1,0,0,0,0,0,0,,,5a0dd962,0.0,1,0,0,0
USA-Major League Soccer,2026,2026-07-25 Philadelphia-Seattle Sounders,Philadelphia Union,Francis Westfield,39,USA,RB,20-228,90,0,1,0,0,0,0,0,0,3,2,0,4,2,1,0,,,5a0dd962,0.0,0,0,0,1
USA-Major League Soccer,2026,2026-07-25 Philadelphia-Seattle Sounders,Philadelphia Union,Indiana Vassilev,19,USA,LM,25-159,64,0,0,0,0,0,0,0,0,0,0,0,0,2,1,0,,,5a0dd962,0.0,0,0,0,0
USA-Major League Soccer,2026,2026-07-25 Philadelphia-Seattle Sounders,Philadelphia Union,Jesús Daniel Bueno,8,VEN,MF,27-101,11,0,0,0,0,0,0,0,0,1,0,0,0,0,1,0,,,5a0dd962,0.0,0,0,0,0
USA-Major League Soccer,2026,2026-07-25 Philadelphia-Seattle Sounders,Philadelphia Union,Jovan Lukić,4,SRB,CM,24-186,90,0,0,0,0,0,0,0,0,2,0,0,0,1,3,0,,,5a0dd962,0.0,0,0,0,0
USA-Major League Soccer,2026,2026-07-25 Philadelphia-Seattle Sounders,Philadelphia Union,Kai Wagner,27,GER,LB,29-160,90,0,0,0,0,2,0,0,0,0,2,0,8,1,1,0,,,5a0dd962,0.0,2,0,0,0
USA-Major League Soccer,2026,2026-07-25 Philadelphia-Seattle Sounders,Philadelphia Union,Milan Iloski,10,USA,FW,26-361,90,1,0,0,0,3,2,0,0,1,1,1,7,1,0,0,,,5a0dd962,0.0,3,2,1,0
USA-Major League Soccer,2026,2026-07-25 Philadelphia-Seattle Sounders,Philadelphia Union,Nathan Harriel,26,USA,CB,25-093,90,0,0,0,0,0,0,0,0,0,1,0,0,0,3,0,,,5a0dd962,0.0,0,0,0,0
USA-Major League Soccer,2026,2026-07-25 Philadelphia-Seattle Sounders,Philadelphia Union,Neil Pierre,44,USA,CB,18-279,90,0,0,0,0,0,0,0,0,0,1,0,0,2,0,0,,,5a0dd962,0.0,0,0,0,0
USA-Major League Soccer,2026,2026-07-25 Philadelphia-Seattle Sounders,Philadelphia Union,Quinn Sullivan,33,USA,"FW,MF",22-120,26,0,0,0,0,3,2,0,0,0,0,0,1,0,0,0,,,5a0dd962,0.0,3,2,0,0
USA-Major League Soccer,2026,2026-07-25 Philadelphia-Seattle Sounders,Seattle Sounders,Albert Rusnák,11,SVK,AM,32-018,90,0,0,0,0,1,0,0,0,0,0,0,2,0,0,0,,,5a0dd962,0.0,1,0,0,0
USA-Major League Soccer,2026,2026-07-25 Philadelphia-Seattle Sounders,Seattle Sounders,Andrew Thomas,26,RUS,GK,27-327,90,0,0,0,0,0,0,0,0,0,0,0,0,0,0,0,,,5a0dd962,0.0,0,0,0,0
USA-Major League Soccer,2026,2026-07-25 Philadelphia-Seattle Sounders,Seattle Sounders,Antino Lopez,35,USA,CB,24-065,58,0,0,0,0,0,0,0,0,0,0,0,0,0,1,0,,,5a0dd962,0.0,0,0,0,0
USA-Major League Soccer,2026,2026-07-25 Philadelphia-Seattle Sounders,Seattle Sounders,Daniel Musovski,19,MKD,FW,30-237,11,0,0,0,0,0,0,0,0,1,0,0,0,1,0,0,,,5a0dd962,0.0,0,0,0,0
USA-Major League Soccer,2026,2026-07-25 Philadelphia-Seattle Sounders,Seattle Sounders,Gallatin Sandnes,53,USA,DF,18-052,32,0,0,0,0,0,0,0,0,0,0,0,0,0,1,0,,,5a0dd962,0.0,0,0,0,0
USA-Major League Soccer,2026,2026-07-25 Philadelphia-Seattle Sounders,Seattle Sounders,Hassani Dotson,31,USA,DM,28-353,79,0,0,0,0,1,1,1,0,1,3,0,0,0,2,0,,,5a0dd962,0.0,1,1,0,0
USA-Major League Soccer,2026,2026-07-25 Philadelphia-Seattle Sounders,Seattle Sounders,Jesús Ferreira,9,USA,"FW,MF",25-213,31,0,0,0,0,0,0,0,0,0,0,0,1,1,0,0,,,5a0dd962,0.0,0,0,0,0
USA-Major League Soccer,2026,2026-07-25 Philadelphia-Seattle Sounders,Seattle Sounders,Kalani Rienzi,85,USA,RB,24-028,59,0,0,0,0,0,0,0,0,0,1,0,1,0,0,0,,,5a0dd962,0.0,0,0,0,0
USA-Major League Soccer,2026,2026-07-25 Philadelphia-Seattle Sounders,Seattle Sounders,Nouhou Tolo,5,CMR,LB,29-032,90,0,0,0,0,0,0,0,0,0,2,0,0,1,0,0,,,5a0dd962,0.0,0,0,0,0
USA-Major League Soccer,2026,2026-07-25 Philadelphia-Seattle Sounders,Seattle Sounders,Osaze De Rosario,95,GUY,FW,25-006,79,0,0,0,0,1,0,0,0,2,0,0,0,0,0,0,,,5a0dd962,0.0,1,0,0,0
USA-Major League Soccer,2026,2026-07-25 Philadelphia-Seattle Sounders,Seattle Sounders,Paul Arriola,17,USA,AM,31-170,59,0,0,0,0,1,0,0,0,1,1,0,2,3,0,0,,,5a0dd962,0.0,1,0,0,0
USA-Major League Soccer,2026,2026-07-25 Philadelphia-Seattle Sounders,Seattle Sounders,Paul Rothrock,14,USA,AM,27-197,90,0,0,0,0,2,0,0,0,2,1,0,4,1,0,0,,,5a0dd962,0.0,2,0,0,0
USA-Major League Soccer,2026,2026-07-25 Philadelphia-Seattle Sounders,Seattle Sounders,Peter Kingston,45,USA,MF,25-011,31,0,0,0,0,1,0,0,0,1,0,0,0,0,0,0,,,5a0dd962,0.0,1,0,0,0
USA-Major League Soccer,2026,2026-07-25 Philadelphia-Seattle Sounders,Seattle Sounders,Sebastian Gomez,90,USA,MF,20-065,11,0,0,0,0,0,0,0,0,1,1,0,0,0,0,0,,,5a0dd962,0.0,0,0,0,0
USA-Major League Soccer,2026,2026-07-25 Philadelphia-Seattle Sounders,Seattle Sounders,Snyder Brunell,37,USA,DM,19-124,90,0,0,0,0,0,0,0,0,1,2,0,0,2,1,0,,,5a0dd962,0.0,0,0,0,0
USA-Major League Soccer,2026,2026-07-25 Philadelphia-Seattle Sounders,Seattle Sounders,Stuart Hawkins,39,USA,CB,19-310,90,0,0,0,0,0,0,0,0,1,0,0,0,1,1,0,,,5a0dd962,0.0,0,0,0,0
USA-Major League Soccer,2026,2026-07-25 Portland Timbers-Real Salt Lake,Portland Timbers,Alexander Aravena,28,CHI,"FW,MF",23-322,19,0,0,0,0,2,0,0,0,0,0,0,0,0,0,0,,,899851f8,0.0,2,0,0,0
USA-Major League Soccer,2026,2026-07-25 Portland Timbers-Real Salt Lake,Portland Timbers,Antony,11,BRA,"FW,MF",24-320,34,0,0,0,0,0,0,0,0,2,0,1,2,0,0,0,,,899851f8,0.0,0,0,0,0
USA-Major League Soccer,2026,2026-07-25 Portland Timbers-Real Salt Lake,Portland Timbers,Ariel Lassiter,7,CRC,RW,31-301,56,0,1,0,0,0,0,0,0,0,1,0,7,0,0,0,,,899851f8,0.0,0,0,0,1
USA-Major League Soccer,2026,2026-07-25 Portland Timbers-Real Salt Lake,Portland Timbers,Brandon Bye,5,USA,RB,30-238,90,0,0,0,0,2,0,0,0,2,1,0,2,0,2,0,,,899851f8,0.0,2,0,0,0
USA-Major League Soccer,2026,2026-07-25 Portland Timbers-Real Salt Lake,Portland Timbers,Cole Bassett,17,USA,AM,24-362,85,0,0,0,0,3,1,1,0,2,1,0,2,0,0,0,,,899851f8,0.0,3,1,0,0
USA-Major League Soccer,2026,2026-07-25 Portland Timbers-Real Salt Lake,Portland Timbers,David Costa,10,POR,AM,25-201,90,0,0,0,0,2,1,0,0,0,2,0,4,0,0,0,,,899851f8,0.0,2,1,0,0
USA-Major League Soccer,2026,2026-07-25 Portland Timbers-Real Salt Lake,Portland Timbers,Diego Chará,21,COL,DM,40-111,71,0,0,0,0,0,0,1,0,1,1,0,0,1,1,0,,,899851f8,0.0,0,0,0,0
USA-Major League Soccer,2026,2026-07-25 Portland Timbers-Real Salt Lake,Portland Timbers,Felipe Mora,9,CHI,FW,32-357,71,2,0,0,0,4,2,0,0,0,0,0,0,0,0,0,,,899851f8,0.0,4,2,2,0
USA-Major League Soccer,2026,2026-07-25 Portland Timbers-Real Salt Lake,Portland Timbers,Finn Surman,20,NZL,CB,22-305,90,0,0,0,0,0,0,0,0,1,0,0,0,0,3,0,,,899851f8,0.0,0,0,0,0
USA-Major League Soccer,2026,2026-07-25 Portland Timbers-Real Salt Lake,Portland Timbers,James Pantemis,41,CAN,GK,29-154,90,0,0,0,0,0,0,0,0,0,0,0,0,0,0,0,,,899851f8,0.0,0,0,0,0
USA-Major League Soccer,2026,2026-07-25 Portland Timbers-Real Salt Lake,Portland Timbers,Jimer Fory,27,COL,LB,24-062,90,0,0,0,0,1,0,0,0,1,1,0,3,0,1,0,,,899851f8,0.0,1,0,0,0
USA-Major League Soccer,2026,2026-07-25 Portland Timbers-Real Salt Lake,Portland Timbers,José Caicedo,30,COL,MF,24-063,19,0,0,0,0,1,0,0,0,0,0,0,0,2,1,0,,,899851f8,0.0,1,0,0,0
USA-Major League Soccer,2026,2026-07-25 Portland Timbers-Real Salt Lake,Portland Timbers,Julio Joao Ortíz,80,ECU,MF,30-085,5,0,0,0,0,0,0,0,0,1,0,0,0,0,0,0,,,899851f8,0.0,0,0,0,0
USA-Major League Soccer,2026,2026-07-25 Portland Timbers-Real Salt Lake,Portland Timbers,Kamal Miller,4,CAN,CB,29-070,90,0,0,0,0,0,0,0,0,0,0,0,0,2,0,0,,,899851f8,0.0,0,0,0,0
USA-Major League Soccer,2026,2026-07-25 Portland Timbers-Real Salt Lake,Portland Timbers,Kristoffer Velde,99,NOR,LW,26-319,90,0,1,0,0,7,2,0,0,2,4,3,17,2,0,0,,,899851f8,0.0,7,2,0,1
USA-Major League Soccer,2026,2026-07-25 Portland Timbers-Real Salt Lake,Real Salt Lake,Alexandros Katranis,98,GRE,DF,28-082,6,0,0,0,0,0,0,0,0,0,2,0,0,0,0,0,,,899851f8,0.0,0,0,0,0
USA-Major League Soccer,2026,2026-07-25 Portland Timbers-Real Salt Lake,Real Salt Lake,DeAndre Yedlin,2,USA,CB,33-016,57,0,0,0,0,0,0,0,0,0,1,1,0,2,1,0,,,899851f8,0.0,0,0,0,0
USA-Major League Soccer,2026,2026-07-25 Portland Timbers-Real Salt Lake,Real Salt Lake,Diego Luna,10,USA,FW,22-321,73,0,0,0,0,0,0,0,0,1,1,0,4,1,1,0,,,899851f8,0.0,0,0,0,0
USA-Major League Soccer,2026,2026-07-25 Portland Timbers-Real Salt Lake,Real Salt Lake,Juan Arias,21,COL,DF,22-198,17,0,0,0,0,0,0,0,0,1,1,0,0,0,0,0,,,899851f8,0.0,0,0,0,0
USA-Major League Soccer,2026,2026-07-25 Portland Timbers-Real Salt Lake,Real Salt Lake,Juan Manuel Sanabria,8,URU,LM,26-118,84,1,0,0,0,1,1,0,0,0,0,0,4,2,0,0,,,899851f8,0.0,1,1,1,0
USA-Major League Soccer,2026,2026-07-25 Portland Timbers-Real Salt Lake,Real Salt Lake,Lukas Engel,4,DEN,CB,27-223,73,0,0,0,0,1,0,0,0,0,0,0,0,1,0,0,,,899851f8,0.0,1,0,0,0
USA-Major League Soccer,2026,2026-07-25 Portland Timbers-Real Salt Lake,Real Salt Lake,Morgan Guilavogui,9,GUI,FW,28-137,33,0,1,0,0,0,0,0,1,2,3,0,0,1,0,0,,,899851f8,0.0,0,0,0,1
USA-Major League Soccer,2026,2026-07-25 Portland Timbers-Real Salt Lake,Real Salt Lake,Noel Caliskan,92,GER,CM,25-330,90,0,0,0,0,1,0,0,0,1,1,0,0,0,0,0,,,899851f8,0.0,1,0,0,0
USA-Major League Soccer,2026,2026-07-25 Portland Timbers-Real Salt Lake,Real Salt Lake,Philip Quinton,26,USA,CB,26-251,90,0,0,0,0,0,0,0,0,0,0,0,0,1,0,0,,,899851f8,0.0,0,0,0,0
USA-Major League Soccer,2026,2026-07-25 Portland Timbers-Real Salt Lake,Real Salt Lake,Rafael Cabral,1,BRA,GK,36-066,90,0,0,0,0,0,0,0,0,0,0,0,0,0,0,0,,,899851f8,0.0,0,0,0,0
USA-Major League Soccer,2026,2026-07-25 Portland Timbers-Real Salt Lake,Real Salt Lake,Saba Lobzhanidze,12,GEO,"FW,MF",31-219,17,0,0,0,0,0,0,0,0,0,0,0,1,0,0,0,,,899851f8,0.0,0,0,0,0
USA-Major League Soccer,2026,2026-07-25 Portland Timbers-Real Salt Lake,Real Salt Lake,Sam Junqua,29,USA,DF,29-258,33,0,0,0,0,0,0,0,0,0,1,0,1,0,0,0,,,899851f8,0.0,0,0,0,0
USA-Major League Soccer,2026,2026-07-25 Portland Timbers-Real Salt Lake,Real Salt Lake,Sergi Solans,22,ESP,FW,23-149,73,0,0,0,0,1,0,1,0,1,1,0,0,0,0,0,,,899851f8,0.0,1,0,0,0
USA-Major League Soccer,2026,2026-07-25 Portland Timbers-Real Salt Lake,Real Salt Lake,Stijn Spierings,6,NED,CM,30-135,90,0,0,0,0,1,0,0,0,5,1,0,1,2,1,0,,,899851f8,0.0,1,0,0,0
USA-Major League Soccer,2026,2026-07-25 Portland Timbers-Real Salt Lake,Real Salt Lake,Victor Olatunji,17,NGA,FW,26-323,17,0,0,0,0,0,0,0,0,1,0,1,0,0,0,0,,,899851f8,0.0,0,0,0,0
USA-Major League Soccer,2026,2026-07-25 Portland Timbers-Real Salt Lake,Real Salt Lake,Zavier Gozo,72,USA,RM,19-125,90,0,0,0,0,1,1,0,0,1,0,0,3,4,1,0,,,899851f8,0.0,1,1,0,0
USA-Major League Soccer,2026,2026-07-25 RB New York-Charlotte,Charlotte FC,Archie Goodwin,7,AUS,FW,21-260,9,0,0,0,0,0,0,0,0,0,0,0,0,0,0,0,,,d5ec55ee,0.0,0,0,0,0
USA-Major League Soccer,2026,2026-07-25 RB New York-Charlotte,Charlotte FC,Ashley Westwood,8,ENG,DM,36-115,90,1,0,0,0,1,1,0,0,0,0,0,2,1,2,0,,,d5ec55ee,0.0,1,1,1,0
USA-Major League Soccer,2026,2026-07-25 RB New York-Charlotte,Charlotte FC,Brandt Bronico,13,USA,MF,31-035,9,0,0,0,0,0,0,0,0,0,1,0,0,0,1,0,,,d5ec55ee,0.0,0,0,0,0
USA-Major League Soccer,2026,2026-07-25 RB New York-Charlotte,Charlotte FC,Djibril Diani,28,FRA,MF,28-164,20,0,0,0,0,0,0,0,0,0,0,0,0,0,1,0,,,d5ec55ee,0.0,0,0,0,0
USA-Major League Soccer,2026,2026-07-25 RB New York-Charlotte,Charlotte FC,Harry Toffolo,15,ENG,LB,30-340,60,0,0,0,0,0,0,0,0,0,2,0,1,1,2,0,,,d5ec55ee,0.0,0,0,0,0
USA-Major League Soccer,2026,2026-07-25 RB New York-Charlotte,Charlotte FC,Henry Kessler,22,USA,CB,28-030,90,0,0,0,0,0,0,0,0,1,0,0,0,0,1,0,,,d5ec55ee,0.0,0,0,0,0
USA-Major League Soccer,2026,2026-07-25 RB New York-Charlotte,Charlotte FC,Idan Markovich,9,ISR,FW,21-350,81,0,0,0,0,1,1,0,0,0,1,1,0,0,0,0,,,d5ec55ee,0.0,1,1,0,0
USA-Major League Soccer,2026,2026-07-25 RB New York-Charlotte,Charlotte FC,Kerwin Vargas,18,COL,AM,24-204,90,0,1,0,0,0,0,0,0,0,4,0,0,2,2,0,,,d5ec55ee,0.0,0,0,0,1
USA-Major League Soccer,2026,2026-07-25 RB New York-Charlotte,Charlotte FC,Kristijan Kahlina,1,CRO,GK,34-001,90,0,0,0,0,0,0,0,0,0,0,0,0,0,0,0,,,d5ec55ee,0.0,0,0,0,0
USA-Major League Soccer,2026,2026-07-25 RB New York-Charlotte,Charlotte FC,Liel Abada,11,ISR,AM,24-295,70,0,1,0,0,0,0,1,0,2,0,0,0,1,1,0,,,d5ec55ee,0.0,0,0,0,1
USA-Major League Soccer,2026,2026-07-25 RB New York-Charlotte,Charlotte FC,Luca de la Torre,17,USA,DM,28-063,70,0,0,0,0,0,0,0,0,1,0,0,1,0,1,0,,,d5ec55ee,0.0,0,0,0,0
USA-Major League Soccer,2026,2026-07-25 RB New York-Charlotte,Charlotte FC,Morrison Agyemang,44,GHA,CB,21-216,90,0,0,0,0,1,0,0,0,0,2,0,0,1,0,0,,,d5ec55ee,0.0,1,0,0,0
USA-Major League Soccer,2026,2026-07-25 RB New York-Charlotte,Charlotte FC,Nathan Byrne,14,ENG,RB,34-050,90,0,0,0,0,0,0,0,0,1,0,0,0,0,0,0,,,d5ec55ee,0.0,0,0,0,0
USA-Major League Soccer,2026,2026-07-25 RB New York-Charlotte,Charlotte FC,Pep Biel,16,ESP,AM,29-323,81,1,0,0,0,1,1,0,0,0,0,0,1,0,0,0,,,d5ec55ee,0.0,1,1,1,0
USA-Major League Soccer,2026,2026-07-25 RB New York-Charlotte,Charlotte FC,Tyger Smalls,25,,FW,23-310,20,0,0,0,0,0,0,0,0,0,3,0,0,1,0,0,,,d5ec55ee,0.0,0,0,0,0
USA-Major League Soccer,2026,2026-07-25 RB New York-Charlotte,Charlotte FC,Will Cleary,35,USA,DF,23-158,30,0,0,0,0,0,0,0,0,0,1,0,0,0,0,0,,,d5ec55ee,0.0,0,0,0,0
USA-Major League Soccer,2026,2026-07-25 RB New York-Charlotte,Red Bull New York,Adri Mehmeti,15,USA,CM,17-110,89,0,0,0,0,2,1,2,1,2,0,0,0,2,2,0,,,d5ec55ee,0.0,2,1,0,0
USA-Major League Soccer,2026,2026-07-25 RB New York-Charlotte,Red Bull New York,Andy Rojas,70,CRC,FW,20-232,7,0,0,0,0,1,0,0,0,0,0,0,0,0,0,0,,,d5ec55ee,0.0,1,0,0,0
USA-Major League Soccer,2026,2026-07-25 RB New York-Charlotte,Red Bull New York,Cade Cowell,7,USA,FW,22-284,69,0,0,0,0,4,2,0,0,0,0,0,4,0,0,0,,,d5ec55ee,0.0,4,2,0,0
USA-Major League Soccer,2026,2026-07-25 RB New York-Charlotte,Red Bull New York,Dylan Nealis,12,USA,RB,27-360,69,0,0,0,0,1,0,0,0,2,3,0,3,1,1,0,,,d5ec55ee,0.0,1,0,0,0
USA-Major League Soccer,2026,2026-07-25 RB New York-Charlotte,Red Bull New York,Emil Forsberg,10,SWE,CM,34-275,69,0,0,0,0,5,2,0,0,0,0,0,2,0,0,0,,,d5ec55ee,0.0,5,2,0,0
USA-Major League Soccer,2026,2026-07-25 RB New York-Charlotte,Red Bull New York,Ethan Horvath,34,USA,GK,31-046,90,0,0,0,0,0,0,0,0,0,0,0,0,0,0,0,,,d5ec55ee,0.0,0,0,0,0
USA-Major League Soccer,2026,2026-07-25 RB New York-Charlotte,Red Bull New York,Jahkeele Marshall-Rutty,3,CAN,"DF,MF",22-039,21,0,0,0,0,0,0,0,0,1,0,0,1,0,0,0,,,d5ec55ee,0.0,0,0,0,0
USA-Major League Soccer,2026,2026-07-25 RB New York-Charlotte,Red Bull New York,Jorge Ruvalcaba,11,MEX,FW,25-002,83,0,0,0,0,5,1,1,0,0,0,0,0,0,2,0,,,d5ec55ee,0.0,5,1,0,0
USA-Major League Soccer,2026,2026-07-25 RB New York-Charlotte,Red Bull New York,Julian Hall,16,USA,FW,18-123,90,0,0,0,0,3,0,0,0,1,0,0,0,1,0,0,,,d5ec55ee,0.0,3,0,0,0
USA-Major League Soccer,2026,2026-07-25 RB New York-Charlotte,Red Bull New York,Julián Bazán,14,COL,CB,20-242,90,0,0,0,0,0,0,0,0,1,0,0,0,1,2,0,,,d5ec55ee,0.0,0,0,0,0
USA-Major League Soccer,2026,2026-07-25 RB New York-Charlotte,Red Bull New York,Justin Che,2,USA,CB,22-249,90,0,0,0,0,0,0,1,0,3,0,0,1,2,1,0,,,d5ec55ee,0.0,0,0,0,0
USA-Major League Soccer,2026,2026-07-25 RB New York-Charlotte,Red Bull New York,Matthew Dos Santos,56,USA,LB,18-050,83,0,0,0,0,0,0,0,0,0,0,0,7,3,2,0,,,d5ec55ee,0.0,0,0,0,0
USA-Major League Soccer,2026,2026-07-25 RB New York-Charlotte,Red Bull New York,Mijahir Jiménez,91,PAN,MF,19-119,21,0,0,0,0,0,0,0,0,1,1,0,1,0,0,0,,,d5ec55ee,0.0,0,0,0,0
USA-Major League Soccer,2026,2026-07-25 RB New York-Charlotte,Red Bull New York,Mohammed Sofo,37,GHA,MF,21-237,21,0,0,0,0,2,0,0,0,1,0,1,2,1,1,0,,,d5ec55ee,0.0,2,0,0,0
USA-Major League Soccer,2026,2026-07-25 RB New York-Charlotte,Red Bull New York,Omar Valencia,5,PAN,DF,22-047,7,0,0,0,0,0,0,1,0,1,0,0,1,0,0,0,,,d5ec55ee,0.0,0,0,0,0
USA-Major League Soccer,2026,2026-07-25 RB New York-Charlotte,Red Bull New York,Ronald Donkor,48,GHA,CM,21-247,90,0,0,0,0,1,0,0,0,1,1,0,0,2,0,0,,,d5ec55ee,0.0,1,0,0,0
USA-Major League Soccer,2026,2026-07-25 SJ Earthquakes-LA Galaxy,LA Galaxy,Edwin Cerrillo,6,USA,CM,25-295,90,0,0,0,0,1,0,0,0,3,1,0,0,0,0,0,,,69891178,0.0,1,0,0,0
USA-Major League Soccer,2026,2026-07-25 SJ Earthquakes-LA Galaxy,LA Galaxy,Elijah Wynder,22,USA,MF,23-137,31,0,0,0,0,0,0,0,0,1,1,0,0,0,0,0,,,69891178,0.0,0,0,0,0
USA-Major League Soccer,2026,2026-07-25 SJ Earthquakes-LA Galaxy,LA Galaxy,Harbor Miller,26,USA,RM,19-034,90,0,0,0,0,0,0,0,0,1,2,0,3,1,2,0,,,69891178,0.0,0,0,0,0
USA-Major League Soccer,2026,2026-07-25 SJ Earthquakes-LA Galaxy,LA Galaxy,Isaiah Parente,16,USA,MF,26-131,9,0,0,0,0,0,0,0,0,0,0,0,0,0,0,0,,,69891178,0.0,0,0,0,0
USA-Major League Soccer,2026,2026-07-25 SJ Earthquakes-LA Galaxy,LA Galaxy,J.T. Marcinkowski,12,USA,GK,29-077,90,0,0,0,0,0,0,0,0,1,0,0,0,0,0,0,,,69891178,0.0,0,0,0,0
USA-Major League Soccer,2026,2026-07-25 SJ Earthquakes-LA Galaxy,LA Galaxy,John Nelson,14,USA,DF,28-014,31,0,0,0,0,0,0,0,0,0,0,0,0,0,0,0,,,69891178,0.0,0,0,0,0
USA-Major League Soccer,2026,2026-07-25 SJ Earthquakes-LA Galaxy,LA Galaxy,Joseph Paintsil,28,GHA,FW,28-174,90,1,0,0,0,5,2,1,0,1,2,1,1,1,1,0,,,69891178,0.0,5,2,1,0
USA-Major League Soccer,2026,2026-07-25 SJ Earthquakes-LA Galaxy,LA Galaxy,Julián Aude,3,ARG,LB,23-123,59,0,0,0,0,0,0,1,0,1,1,0,0,0,3,0,,,69891178,0.0,0,0,0,0
USA-Major League Soccer,2026,2026-07-25 SJ Earthquakes-LA Galaxy,LA Galaxy,Justin Haak,15,USA,CB,24-316,90,0,0,0,0,1,0,0,0,1,1,0,0,1,1,0,,,69891178,0.0,1,0,0,0
USA-Major League Soccer,2026,2026-07-25 SJ Earthquakes-LA Galaxy,LA Galaxy,Lucas Sanabria,8,URU,CM,22-211,81,0,0,0,0,0,0,1,0,3,2,0,0,3,6,0,,,69891178,0.0,0,0,0,0
USA-Major League Soccer,2026,2026-07-25 SJ Earthquakes-LA Galaxy,LA Galaxy,Marco Reus,18,GER,FW,37-055,90,0,1,0,0,1,0,0,0,0,2,0,6,0,0,0,,,69891178,0.0,1,0,0,1
USA-Major League Soccer,2026,2026-07-25 SJ Earthquakes-LA Galaxy,LA Galaxy,Maya Yoshida,4,JPN,CB,37-335,90,0,0,0,0,0,0,0,0,1,0,0,0,0,0,0,,,69891178,0.0,0,0,0,0
USA-Major League Soccer,2026,2026-07-25 SJ Earthquakes-LA Galaxy,LA Galaxy,Miki Yamane,2,JPN,RB,32-215,90,0,0,0,0,1,0,0,0,2,0,0,1,1,4,0,,,69891178,0.0,1,0,0,0
USA-Major League Soccer,2026,2026-07-25 SJ Earthquakes-LA Galaxy,LA Galaxy,Robert Taylor,21,FIN,LM,31-277,59,0,0,0,0,0,0,0,0,1,0,0,0,1,1,0,,,69891178,0.0,0,0,0,0
USA-Major League Soccer,2026,2026-07-25 SJ Earthquakes-LA Galaxy,San Jose Earthquakes,Angus Gunn,1,SCO,GK,30-184,90,0,0,0,0,0,0,0,0,0,0,0,0,0,0,0,,,69891178,0.0,0,0,0,0
USA-Major League Soccer,2026,2026-07-25 SJ Earthquakes-LA Galaxy,San Jose Earthquakes,Beau Leroux,34,USA,DM,22-328,90,0,0,0,0,2,0,1,0,3,3,0,8,1,0,0,,,69891178,0.0,2,0,0,0
USA-Major League Soccer,2026,2026-07-25 SJ Earthquakes-LA Galaxy,San Jose Earthquakes,Benjamin Kikanovic,28,USA,RB,26-200,90,0,0,0,0,3,1,1,0,2,0,0,3,0,0,0,,,69891178,0.0,3,1,0,0
USA-Major League Soccer,2026,2026-07-25 SJ Earthquakes-LA Galaxy,San Jose Earthquakes,Daniel Munie,5,USA,CB,26-165,90,0,0,0,0,1,0,0,0,0,1,0,0,0,1,0,,,69891178,0.0,1,0,0,0
USA-Major League Soccer,2026,2026-07-25 SJ Earthquakes-LA Galaxy,San Jose Earthquakes,Darius Johnson,79,GRN,MF,26-132,18,0,0,0,0,0,0,0,0,0,0,0,2,0,0,0,,,69891178,0.0,0,0,0,0
USA-Major League Soccer,2026,2026-07-25 SJ Earthquakes-LA Galaxy,San Jose Earthquakes,Ian Harkes,6,USA,MF,31-117,71,0,0,0,0,3,0,1,0,2,1,0,0,3,1,0,,,69891178,0.0,3,0,0,0
USA-Major League Soccer,2026,2026-07-25 SJ Earthquakes-LA Galaxy,San Jose Earthquakes,Jack Skahan,16,USA,AM,28-168,72,0,0,0,0,2,1,0,0,2,0,0,7,0,0,0,,,69891178,0.0,2,1,0,0
USA-Major League Soccer,2026,2026-07-25 SJ Earthquakes-LA Galaxy,San Jose Earthquakes,Jamar Ricketts,2,USA,LB,24-274,90,0,0,0,0,0,0,1,0,1,0,0,3,2,2,0,,,69891178,0.0,0,0,0,0
USA-Major League Soccer,2026,2026-07-25 SJ Earthquakes-LA Galaxy,San Jose Earthquakes,Jonathan González,40,MEX,DM,27-103,19,0,0,0,0,0,0,0,0,0,0,0,0,0,1,0,,,69891178,0.0,0,0,0,0
USA-Major League Soccer,2026,2026-07-25 SJ Earthquakes-LA Galaxy,San Jose Earthquakes,Nick Fernandez,20,USA,AM,24-215,72,0,0,0,0,1,0,0,0,2,4,0,0,0,2,0,,,69891178,0.0,1,0,0,0
USA-Major League Soccer,2026,2026-07-25 SJ Earthquakes-LA Galaxy,San Jose Earthquakes,Ousseni Bouda,7,BFA,FW,26-088,90,0,0,0,0,3,0,0,0,2,2,0,1,1,0,0,,,69891178,0.0,3,0,0,0
USA-Major League Soccer,2026,2026-07-25 SJ Earthquakes-LA Galaxy,San Jose Earthquakes,Paul Marie,3,FRA,"DF,MF",31-123,18,0,0,0,0,0,0,0,0,0,1,0,1,1,0,0,,,69891178,0.0,0,0,0,0
USA-Major League Soccer,2026,2026-07-25 SJ Earthquakes-LA Galaxy,San Jose Earthquakes,Reid Roberts,18,USA,CB,22-228,90,1,0,0,0,1,1,0,0,0,1,0,0,2,0,0,,,69891178,0.0,1,1,1,0
USA-Major League Soccer,2026,2026-07-25 SJ Earthquakes-LA Galaxy,San Jose Earthquakes,Timo Werner,11,GER,AM,30-141,90,0,0,0,1,4,2,0,0,0,3,0,16,0,1,0,,,69891178,0.0,4,2,0,0
USA-Major League Soccer,2026,2026-07-25 San Diego FC-FC Dallas,FC Dallas,Anderson Julio,11,ECU,"FW,MF",30-055,30,0,0,0,0,0,0,1,0,1,0,0,1,0,0,0,,,b479b694,0.0,0,0,0,0
USA-Major League Soccer,2026,2026-07-25 San Diego FC-FC Dallas,FC Dallas,Bernard Kamungo,77,USA,"FW,MF",24-205,45,0,0,0,0,0,0,1,0,1,1,0,1,1,2,0,,,b479b694,0.0,0,0,0,0
USA-Major League Soccer,2026,2026-07-25 San Diego FC-FC Dallas,FC Dallas,Christian Cappis,12,USA,DM,26-346,90,0,0,0,0,0,0,0,0,0,0,0,0,1,3,0,,,b479b694,0.0,0,0,0,0
USA-Major League Soccer,2026,2026-07-25 San Diego FC-FC Dallas,FC Dallas,Daniel,42,BRA,GK,32-080,18,0,0,0,0,0,0,0,0,0,0,0,0,0,0,0,,,b479b694,0.0,0,0,0,0
USA-Major League Soccer,2026,2026-07-25 San Diego FC-FC Dallas,FC Dallas,Joaquín Valiente,21,URU,AM,25-103,45,0,0,0,0,0,0,0,0,0,0,0,3,0,2,0,,,b479b694,0.0,0,0,0,0
USA-Major League Soccer,2026,2026-07-25 San Diego FC-FC Dallas,FC Dallas,Jonathan Sirois,40,CAN,GK,25-028,72,0,0,0,0,0,0,0,0,0,0,0,0,0,0,0,,,b479b694,0.0,0,0,0,0
USA-Major League Soccer,2026,2026-07-25 San Diego FC-FC Dallas,FC Dallas,Kaick,55,BRA,DM,20-238,90,0,0,0,0,0,0,0,0,3,3,0,0,0,2,0,,,b479b694,0.0,0,0,0,0
USA-Major League Soccer,2026,2026-07-25 San Diego FC-FC Dallas,FC Dallas,Logan Farrington,23,USA,FW,24-223,12,0,0,0,0,1,0,0,0,1,0,0,0,0,0,0,,,b479b694,0.0,1,0,0,0
USA-Major League Soccer,2026,2026-07-25 San Diego FC-FC Dallas,FC Dallas,Nolan Norris,32,USA,LB,21-158,90,0,0,0,0,0,0,0,0,0,0,0,0,0,2,0,,,b479b694,0.0,0,0,0,0
USA-Major League Soccer,2026,2026-07-25 San Diego FC-FC Dallas,FC Dallas,Osaze Urhoghide,3,NED,CB,26-021,90,0,0,0,0,0,0,0,0,2,2,0,0,1,1,0,,,b479b694,0.0,0,0,0,0
USA-Major League Soccer,2026,2026-07-25 San Diego FC-FC Dallas,FC Dallas,Patrickson Delgado,8,ECU,AM,22-281,60,0,0,0,0,1,0,0,0,0,1,0,0,0,1,0,,,b479b694,0.0,1,0,0,0
USA-Major League Soccer,2026,2026-07-25 San Diego FC-FC Dallas,FC Dallas,Petar Musa,9,CRO,FW,28-143,90,0,0,0,0,2,1,0,0,0,2,0,0,0,0,0,,,b479b694,0.0,2,1,0,0
USA-Major League Soccer,2026,2026-07-25 San Diego FC-FC Dallas,FC Dallas,Ran Binyamin,6,ISR,AM,22-169,60,0,0,0,0,0,0,0,0,1,0,0,1,0,0,0,,,b479b694,0.0,0,0,0,0
USA-Major League Soccer,2026,2026-07-25 San Diego FC-FC Dallas,FC Dallas,Santiago Moreno,10,COL,"FW,MF",26-095,30,0,0,0,0,1,0,0,0,0,0,0,3,0,0,0,,,b479b694,0.0,1,0,0,0
USA-Major League Soccer,2026,2026-07-25 San Diego FC-FC Dallas,FC Dallas,Sebastien Ibeagha,25,USA,CB,34-185,78,0,0,0,0,0,0,0,0,0,0,0,0,3,0,0,,,b479b694,0.0,0,0,0,0
USA-Major League Soccer,2026,2026-07-25 San Diego FC-FC Dallas,FC Dallas,Shaq Moore,18,USA,RB,29-265,90,0,0,0,0,1,0,0,0,1,0,0,1,2,1,0,,,b479b694,0.0,1,0,0,0
USA-Major League Soccer,2026,2026-07-25 San Diego FC-FC Dallas,San Diego FC,Alejandro Alvarado Jr.,70,USA,CM,22-361,71,1,0,0,0,2,1,0,0,2,0,0,0,5,1,0,,,b479b694,0.0,2,1,1,0
USA-Major League Soccer,2026,2026-07-25 San Diego FC-FC Dallas,San Diego FC,Alex Mighten,77,ENG,FW,24-105,90,0,0,0,0,2,1,0,0,2,2,0,1,0,0,0,,,b479b694,0.0,2,1,0,0
USA-Major League Soccer,2026,2026-07-25 San Diego FC-FC Dallas,San Diego FC,Anders Dreyer,10,DEN,FW,28-084,90,0,0,0,0,7,3,0,0,0,0,0,5,1,1,0,,,b479b694,0.0,7,3,0,0
USA-Major League Soccer,2026,2026-07-25 San Diego FC-FC Dallas,San Diego FC,Aníbal Godoy,20,PAN,MF,36-165,19,0,0,0,0,0,0,0,0,0,1,0,0,0,0,0,,,b479b694,0.0,0,0,0,0
USA-Major League Soccer,2026,2026-07-25 San Diego FC-FC Dallas,San Diego FC,C.J. dos Santos,1,CPV,GK,25-335,90,0,0,0,0,0,0,0,0,0,0,0,0,0,0,0,,,b479b694,0.0,0,0,0,0
USA-Major League Soccer,2026,2026-07-25 San Diego FC-FC Dallas,San Diego FC,Christopher McVey,97,SWE,CB,29-104,90,0,0,0,0,1,0,0,0,0,0,0,1,0,1,0,,,b479b694,0.0,1,0,0,0
USA-Major League Soccer,2026,2026-07-25 San Diego FC-FC Dallas,San Diego FC,David Vazquez,19,USA,FW,20-153,18,0,0,0,0,1,0,0,0,1,1,0,0,0,0,0,,,b479b694,0.0,1,0,0,0
USA-Major League Soccer,2026,2026-07-25 San Diego FC-FC Dallas,San Diego FC,Jeppe Tverskov,6,DEN,CM,33-135,90,0,0,0,0,0,0,0,0,2,1,0,0,1,1,0,,,b479b694,0.0,0,0,0,0
USA-Major League Soccer,2026,2026-07-25 San Diego FC-FC Dallas,San Diego FC,Kieran Sargeant,5,USA,LB,23-101,85,0,0,0,0,0,0,0,0,0,0,1,1,0,0,0,,,b479b694,0.0,0,0,0,0
USA-Major League Soccer,2026,2026-07-25 San Diego FC-FC Dallas,San Diego FC,Lewis Morgan,9,SCO,"FW,MF",29-298,4,0,0,0,0,0,0,0,0,1,0,0,0,1,0,0,,,b479b694,0.0,0,0,0,0
USA-Major League Soccer,2026,2026-07-25 San Diego FC-FC Dallas,San Diego FC,Luca Bombino,27,USA,DF,20-015,5,0,0,0,0,0,0,0,0,0,2,0,0,0,0,0,,,b479b694,0.0,0,0,0,0
USA-Major League Soccer,2026,2026-07-25 San Diego FC-FC Dallas,San Diego FC,Manu Duah,26,GHA,CB,21-050,90,0,1,0,0,0,0,0,0,0,0,0,0,0,0,0,,,b479b694,0.0,0,0,0,1
USA-Major League Soccer,2026,2026-07-25 San Diego FC-FC Dallas,San Diego FC,Marcus Ingvartsen,7,DEN,FW,30-202,72,0,0,0,0,2,1,0,0,1,0,2,0,0,0,0,,,b479b694,0.0,2,1,0,0
USA-Major League Soccer,2026,2026-07-25 San Diego FC-FC Dallas,San Diego FC,Onni Valakari,8,FIN,CM,26-341,86,0,0,0,0,4,2,0,0,1,3,1,2,1,0,0,,,b479b694,0.0,4,2,0,0
USA-Major League Soccer,2026,2026-07-25 San Diego FC-FC Dallas,San Diego FC,Oscar Verhoeven,33,USA,RB,20-055,90,0,0,0,0,0,0,0,0,0,0,0,2,0,2,0,,,b479b694,0.0,0,0,0,0
USA-Major League Soccer,2026,2026-07-25 St. Louis City-Colorado Rapids,Colorado Rapids,Dante Sealy,7,TRI,FW,23-099,16,0,0,0,0,0,0,0,0,0,0,0,0,0,0,0,,,3899e0e4,0.0,0,0,0,0
USA-Major League Soccer,2026,2026-07-25 St. Louis City-Colorado Rapids,Colorado Rapids,Darren Yapi,77,USA,FW,21-248,45,0,0,0,0,0,0,0,0,0,2,0,0,0,0,0,,,3899e0e4,0.0,0,0,0,0
USA-Major League Soccer,2026,2026-07-25 St. Louis City-Colorado Rapids,Colorado Rapids,Georgi Minoungou,93,BFA,FW,24-000,45,0,0,0,0,0,0,0,0,1,2,0,0,1,0,0,,,3899e0e4,0.0,0,0,0,0
USA-Major League Soccer,2026,2026-07-25 St. Louis City-Colorado Rapids,Colorado Rapids,Hamzat Ojediran,8,NGA,CM,22-253,54,0,0,0,0,0,0,1,0,1,2,0,0,1,3,0,,,3899e0e4,0.0,0,0,0,0
USA-Major League Soccer,2026,2026-07-25 St. Louis City-Colorado Rapids,Colorado Rapids,Joshua Atencio,12,USA,CM,24-175,68,0,0,0,0,0,0,1,0,3,0,0,0,0,1,0,,,3899e0e4,0.0,0,0,0,0
USA-Major League Soccer,2026,2026-07-25 St. Louis City-Colorado Rapids,Colorado Rapids,Kosi Thompson,33,CAN,"DF,MF",23-179,36,0,0,0,0,0,0,1,0,0,0,0,0,1,2,0,,,3899e0e4,0.0,0,0,0,0
USA-Major League Soccer,2026,2026-07-25 St. Louis City-Colorado Rapids,Colorado Rapids,Loïc Williams,5,ESP,LB,24-199,90,0,0,0,0,0,0,0,0,1,1,0,0,0,0,0,,,3899e0e4,0.0,0,0,0,0
USA-Major League Soccer,2026,2026-07-25 St. Louis City-Colorado Rapids,Colorado Rapids,Lucas Herrington,22,AUS,CB,18-323,90,0,0,0,0,0,0,0,0,0,1,0,0,0,0,0,,,3899e0e4,0.0,0,0,0,0
USA-Major League Soccer,2026,2026-07-25 St. Louis City-Colorado Rapids,Colorado Rapids,Miguel Navarro,29,VEN,"DF,MF",27-149,74,0,0,0,0,0,0,0,0,1,6,0,4,2,2,0,,,3899e0e4,0.0,0,0,0,0
USA-Major League Soccer,2026,2026-07-25 St. Louis City-Colorado Rapids,Colorado Rapids,Nicholas Hansen,41,DEN,GK,25-015,90,0,0,0,0,0,0,0,0,0,0,0,0,0,0,0,,,3899e0e4,0.0,0,0,0,0
USA-Major League Soccer,2026,2026-07-25 St. Louis City-Colorado Rapids,Colorado Rapids,Noah Cobb,24,USA,DF,21-005,45,0,0,0,0,0,0,0,0,0,1,0,0,0,1,0,,,3899e0e4,0.0,0,0,0,0
USA-Major League Soccer,2026,2026-07-25 St. Louis City-Colorado Rapids,Colorado Rapids,Paxten Aaronson,10,USA,CM,22-333,90,0,0,0,0,0,0,0,0,0,4,0,0,0,0,0,,,3899e0e4,0.0,0,0,0,0
USA-Major League Soccer,2026,2026-07-25 St. Louis City-Colorado Rapids,Colorado Rapids,Rafael Navarro,9,BRA,FW,26-102,90,0,0,0,0,2,0,0,0,1,2,0,2,1,0,0,,,3899e0e4,0.0,2,0,0,0
USA-Major League Soccer,2026,2026-07-25 St. Louis City-Colorado Rapids,Colorado Rapids,Reggie Cannon,4,USA,RB,28-044,45,0,0,0,0,0,0,0,0,0,0,0,0,0,1,0,,,3899e0e4,0.0,0,0,0,0
USA-Major League Soccer,2026,2026-07-25 St. Louis City-Colorado Rapids,Colorado Rapids,Rob Holding,6,ENG,CB,30-308,11,0,0,0,0,0,0,0,1,1,0,0,0,1,0,0,,,3899e0e4,0.0,0,0,0,0
USA-Major League Soccer,2026,2026-07-25 St. Louis City-Colorado Rapids,Colorado Rapids,Wayne Frederick,13,TRI,FW,22-042,22,0,0,0,0,0,0,0,0,0,1,0,0,0,0,0,,,3899e0e4,0.0,0,0,0,0
USA-Major League Soccer,2026,2026-07-25 St. Louis City-Colorado Rapids,St. Louis City,Chris Durkin,8,USA,DM,26-167,75,0,0,0,0,1,1,1,0,4,1,0,0,0,0,0,,,3899e0e4,0.0,1,1,0,0
USA-Major League Soccer,2026,2026-07-25 St. Louis City-Colorado Rapids,St. Louis City,Conrad Wallem,6,NOR,DM,26-046,90,0,0,0,0,2,0,0,0,5,1,0,2,0,2,0,,,3899e0e4,0.0,2,0,0,0
USA-Major League Soccer,2026,2026-07-25 St. Louis City-Colorado Rapids,St. Louis City,Daniel Edelman,24,USA,DM,23-088,90,0,0,0,0,1,0,0,0,0,0,0,3,0,0,0,,,3899e0e4,0.0,1,0,0,0
USA-Major League Soccer,2026,2026-07-25 St. Louis City-Colorado Rapids,St. Louis City,Dante Polvara,21,USA,CB,26-034,90,0,0,0,0,1,0,0,0,4,0,0,0,2,2,0,,,3899e0e4,0.0,1,0,0,0
USA-Major League Soccer,2026,2026-07-25 St. Louis City-Colorado Rapids,St. Louis City,Eduard Löwen,10,GER,"DF,MF",29-178,33,0,0,0,0,0,0,0,0,0,0,1,4,0,1,0,,,3899e0e4,0.0,0,0,0,0
USA-Major League Soccer,2026,2026-07-25 St. Louis City-Colorado Rapids,St. Louis City,Jaziel Orozco,99,USA,CB,22-053,86,0,0,0,0,1,0,0,0,2,2,0,1,2,0,0,,,3899e0e4,0.0,1,0,0,0
USA-Major League Soccer,2026,2026-07-25 St. Louis City-Colorado Rapids,St. Louis City,Jeong Sangbin,77,KOR,AM,24-115,57,0,0,0,0,3,0,0,0,1,1,0,3,0,0,0,,,3899e0e4,0.0,3,0,0,0
USA-Major League Soccer,2026,2026-07-25 St. Louis City-Colorado Rapids,St. Louis City,Lukas MacNaughton,5,CAN,DF,31-139,4,0,0,0,0,0,0,0,0,1,1,0,0,0,0,0,,,3899e0e4,0.0,0,0,0,0
USA-Major League Soccer,2026,2026-07-25 St. Louis City-Colorado Rapids,St. Louis City,Marcel Hartel,17,GER,AM,30-187,86,0,0,0,0,2,0,0,0,0,0,0,8,1,0,0,,,3899e0e4,0.0,2,0,0,0
USA-Major League Soccer,2026,2026-07-25 St. Louis City-Colorado Rapids,St. Louis City,Miguel Perez,28,USA,MF,21-088,4,0,0,0,0,0,0,0,0,0,0,0,0,0,1,0,,,3899e0e4,0.0,0,0,0,0
USA-Major League Soccer,2026,2026-07-25 St. Louis City-Colorado Rapids,St. Louis City,Palmer Ault,29,USA,FW,22-097,15,0,0,0,0,0,0,0,0,0,0,0,0,0,0,0,,,3899e0e4,0.0,0,0,0,0
USA-Major League Soccer,2026,2026-07-25 St. Louis City-Colorado Rapids,St. Louis City,Roman Bürki,1,SUI,GK,35-253,90,0,0,0,0,0,0,0,0,0,0,0,0,0,0,0,,,3899e0e4,0.0,0,0,0,0
USA-Major League Soccer,2026,2026-07-25 St. Louis City-Colorado Rapids,St. Louis City,Simon Becher,11,USA,FW,27-005,75,0,0,0,0,3,0,0,0,2,2,1,1,0,0,0,,,3899e0e4,0.0,3,0,0,0
USA-Major League Soccer,2026,2026-07-25 St. Louis City-Colorado Rapids,St. Louis City,Timo Baumgartl,32,GER,CB,30-143,90,0,0,0,0,0,0,0,0,1,1,0,0,0,1,0,,,3899e0e4,0.0,0,0,0,0
USA-Major League Soccer,2026,2026-07-25 St. Louis City-Colorado Rapids,St. Louis City,Tomas Totland,14,NOR,DM,26-300,90,0,1,0,0,4,1,0,0,1,0,1,2,1,0,0,,,3899e0e4,0.0,4,1,0,1
USA-Major League Soccer,2026,2026-07-25 St. Louis City-Colorado Rapids,St. Louis City,Tomáš Ostrák,7,CZE,MF,26-170,15,1,0,0,0,1,1,0,0,1,0,0,0,0,0,0,,,3899e0e4,0.0,1,1,1,0
USA-Major League Soccer,2026,2026-07-31 NYCFC-Toronto FC,New York City FC,Agustin Ojeda,26,ARG,FW,22-042,58,0,0,0,0,1,0,0,0,2,1,0,1,0,0,0,,,49f4ab91,0.0,1,0,0,0
USA-Major League Soccer,2026,2026-07-31 NYCFC-Toronto FC,New York City FC,Andrés Perea,8,USA,CM,25-259,90,0,0,0,0,3,2,0,0,2,0,0,1,0,1,0,,,49f4ab91,0.0,3,2,0,0
USA-Major League Soccer,2026,2026-07-31 NYCFC-Toronto FC,New York City FC,Bénie Traoré,9,CIV,FW,23-243,58,0,0,0,0,1,0,0,0,0,2,0,0,0,0,0,,,49f4ab91,0.0,1,0,0,0
USA-Major League Soccer,2026,2026-07-31 NYCFC-Toronto FC,New York City FC,Hannes Wolf,17,AUT,"FW,MF",27-106,32,0,0,0,0,1,0,0,0,1,0,0,0,0,0,0,,,49f4ab91,0.0,1,0,0,0
USA-Major League Soccer,2026,2026-07-31 NYCFC-Toronto FC,New York City FC,James Sands,6,USA,CB,26-025,90,0,0,0,0,1,0,0,0,0,2,0,0,1,3,0,,,49f4ab91,0.0,1,0,0,0
USA-Major League Soccer,2026,2026-07-31 NYCFC-Toronto FC,New York City FC,Jonathan Shore,32,USA,CM,19-109,90,0,0,0,0,2,0,0,0,1,2,0,1,2,0,0,,,49f4ab91,0.0,2,0,0,0
USA-Major League Soccer,2026,2026-07-31 NYCFC-Toronto FC,New York City FC,Malachi Jones,88,SLE,FW,22-311,32,0,0,0,0,0,0,0,0,1,0,1,0,0,0,0,,,49f4ab91,0.0,0,0,0,0
USA-Major League Soccer,2026,2026-07-31 NYCFC-Toronto FC,New York City FC,Matt Freese,49,USA,GK,27-332,90,0,0,0,0,0,0,0,0,0,0,0,0,0,0,0,,,49f4ab91,0.0,0,0,0,0
USA-Major League Soccer,2026,2026-07-31 NYCFC-Toronto FC,New York City FC,Maxi Carrizo,29,USA,MF,18-153,19,0,0,0,0,0,0,0,0,0,0,0,1,1,1,0,,,49f4ab91,0.0,0,0,0,0
USA-Major League Soccer,2026,2026-07-31 NYCFC-Toronto FC,New York City FC,Mitja Ilenič,35,SVN,DF,21-217,5,0,0,0,0,1,0,0,0,0,0,0,1,0,0,0,,,49f4ab91,0.0,1,0,0,0
USA-Major League Soccer,2026,2026-07-31 NYCFC-Toronto FC,New York City FC,Nico Cavallo,2,USA,LB,24-216,90,0,0,0,0,0,0,0,0,0,0,0,0,2,1,0,,,49f4ab91,0.0,0,0,0,0
USA-Major League Soccer,2026,2026-07-31 NYCFC-Toronto FC,New York City FC,Nicolás Fernández,7,ARG,CM,26-201,85,1,0,1,1,2,1,1,0,1,5,0,5,1,0,0,,,49f4ab91,0.0,2,1,1,0
USA-Major League Soccer,2026,2026-07-31 NYCFC-Toronto FC,New York City FC,Seymour Reid,99,JAM,FW,18-149,5,0,0,0,0,0,0,0,0,0,0,0,0,0,0,0,,,49f4ab91,0.0,0,0,0,0
USA-Major League Soccer,2026,2026-07-31 NYCFC-Toronto FC,New York City FC,Talles Magno,11,BRA,FW,24-035,71,0,0,0,0,4,2,1,0,3,0,1,0,0,0,0,,,49f4ab91,0.0,4,2,0,0
USA-Major League Soccer,2026,2026-07-31 NYCFC-Toronto FC,New York City FC,Tayvon Gray,24,JAM,RB,23-346,90,0,0,0,0,0,0,0,0,0,0,0,3,1,5,0,,,49f4ab91,0.0,0,0,0,0
USA-Major League Soccer,2026,2026-07-31 NYCFC-Toronto FC,New York City FC,Thiago Martins,13,BRA,CB,31-136,85,0,0,0,0,0,0,0,0,0,0,0,0,0,2,0,,,49f4ab91,0.0,0,0,0,0
USA-Major League Soccer,2026,2026-07-31 NYCFC-Toronto FC,Toronto FC,Alonso Coello,14,ESP,MF,26-292,20,0,0,0,0,1,0,0,0,0,0,0,1,1,1,0,,,49f4ab91,0.0,1,0,0,0
USA-Major League Soccer,2026,2026-07-31 NYCFC-Toronto FC,Toronto FC,Deandre Kerr,29,CAN,FW,23-254,20,0,0,0,0,0,0,0,0,0,0,0,0,1,0,0,,,49f4ab91,0.0,0,0,0,0
USA-Major League Soccer,2026,2026-07-31 NYCFC-Toronto FC,Toronto FC,Derrick Etienne,11,HAI,"FW,MF",29-248,19,0,0,0,0,0,0,0,0,0,0,1,3,0,0,0,,,49f4ab91,0.0,0,0,0,0
USA-Major League Soccer,2026,2026-07-31 NYCFC-Toronto FC,Toronto FC,Djordje Mihailovic,10,USA,CM,27-263,71,1,0,0,0,1,1,0,0,1,1,0,3,1,0,0,,,49f4ab91,0.0,1,1,1,0
USA-Major League Soccer,2026,2026-07-31 NYCFC-Toronto FC,Toronto FC,Dániel Sallói,20,HUN,FW,30-012,90,0,0,0,0,5,4,0,0,0,1,1,1,0,1,0,,,49f4ab91,0.0,5,4,0,0
USA-Major League Soccer,2026,2026-07-31 NYCFC-Toronto FC,Toronto FC,Jackson Gilman,38,USA,CB,22-093,90,0,0,0,0,1,0,1,0,1,0,0,0,0,0,0,,,49f4ab91,0.0,1,0,0,0
USA-Major League Soccer,2026,2026-07-31 NYCFC-Toronto FC,Toronto FC,Jonathan Osorio,21,CAN,CM,34-049,90,0,0,0,0,1,0,1,0,1,1,0,0,0,1,0,,,49f4ab91,0.0,1,0,0,0
USA-Major League Soccer,2026,2026-07-31 NYCFC-Toronto FC,Toronto FC,Josh Sargent,9,USA,FW,26-161,70,0,0,0,0,1,0,0,0,2,0,0,0,0,0,0,,,49f4ab91,0.0,1,0,0,0
USA-Major League Soccer,2026,2026-07-31 NYCFC-Toronto FC,Toronto FC,Kobe Franklin,19,CAN,RB,23-082,90,0,0,0,0,0,0,0,0,2,3,0,2,5,0,0,,,49f4ab91,0.0,0,0,0,0
USA-Major League Soccer,2026,2026-07-31 NYCFC-Toronto FC,Toronto FC,Luka Gavran,1,CAN,GK,26-083,90,0,0,0,0,0,0,0,0,0,0,0,0,0,0,0,,,49f4ab91,0.0,0,0,0,0
USA-Major League Soccer,2026,2026-07-31 NYCFC-Toronto FC,Toronto FC,Malik Henry,78,CAN,MF,24-008,4,0,0,0,0,0,0,0,0,0,0,0,2,0,0,0,,,49f4ab91,0.0,0,0,0,0
USA-Major League Soccer,2026,2026-07-31 NYCFC-Toronto FC,Toronto FC,Niklas Dorsch,6,GER,CM,28-197,70,0,0,0,0,0,0,1,0,3,1,0,0,1,1,0,,,49f4ab91,0.0,0,0,0,0
USA-Major League Soccer,2026,2026-07-31 NYCFC-Toronto FC,Toronto FC,Richie Laryea,22,CAN,LB,31-205,90,0,0,0,0,2,0,1,0,2,2,0,1,1,2,0,,,49f4ab91,0.0,2,0,0,0
USA-Major League Soccer,2026,2026-07-31 NYCFC-Toronto FC,Toronto FC,Theo Corbeanu,7,CAN,FW,24-075,86,0,0,0,0,1,0,0,0,0,0,0,4,0,0,0,,,49f4ab91,0.0,1,0,0,0
USA-Major League Soccer,2026,2026-07-31 NYCFC-Toronto FC,Toronto FC,Walker Zimmerman,25,USA,CB,33-073,90,0,0,0,0,0,0,0,0,0,1,0,0,2,1,0,,,49f4ab91,0.0,0,0,0,0
USA-Major League Soccer,2026,2026-08-01 CF Montréal-NE Revolution,CF Montréal,Brandan Craig,5,USA,DF,22-116,6,0,0,0,0,0,0,0,0,0,0,0,3,0,0,0,,,717b900a,0.0,0,0,0,0
USA-Major League Soccer,2026,2026-08-01 CF Montréal-NE Revolution,CF Montréal,Brayan Vera,4,COL,CB,27-198,90,1,0,0,0,3,2,0,0,2,0,0,1,1,0,0,,,717b900a,0.0,3,2,1,0
USA-Major League Soccer,2026,2026-08-01 CF Montréal-NE Revolution,CF Montréal,Daniel Armando Ríos,14,MEX,FW,31-160,70,0,0,0,0,0,0,0,0,1,1,0,2,0,0,0,,,717b900a,0.0,0,0,0,0
USA-Major League Soccer,2026,2026-08-01 CF Montréal-NE Revolution,CF Montréal,Daniel Pereira,7,VEN,CM,26-018,90,0,0,0,0,0,0,0,0,1,0,0,3,0,2,0,,,717b900a,0.0,0,0,0,0
USA-Major League Soccer,2026,2026-08-01 CF Montréal-NE Revolution,CF Montréal,Dawid Bugaj,27,POL,RB,22-023,90,0,0,0,0,0,0,0,0,1,0,0,6,1,1,0,,,717b900a,0.0,0,0,0,0
USA-Major League Soccer,2026,2026-08-01 CF Montréal-NE Revolution,CF Montréal,Efrain Morales,24,BOL,CB,22-150,90,0,1,0,0,0,0,0,0,1,0,0,0,0,0,0,,,717b900a,0.0,0,0,0,1
USA-Major League Soccer,2026,2026-08-01 CF Montréal-NE Revolution,CF Montréal,Fabian Herbers,21,GER,"FW,MF",32-349,20,0,0,0,0,0,0,0,0,1,0,0,1,2,0,0,,,717b900a,0.0,0,0,0,0
USA-Major League Soccer,2026,2026-08-01 CF Montréal-NE Revolution,CF Montréal,Hennadii Synchuk,18,UKR,FW,20-022,84,0,0,0,0,6,3,0,0,1,1,0,8,0,0,0,,,717b900a,0.0,6,3,0,0
USA-Major League Soccer,2026,2026-08-01 CF Montréal-NE Revolution,CF Montréal,Luca Petrasso,13,CAN,LB,26-046,90,0,1,0,0,1,0,0,0,0,0,0,4,1,0,0,,,717b900a,0.0,1,0,0,1
USA-Major League Soccer,2026,2026-08-01 CF Montréal-NE Revolution,CF Montréal,Matthew Longstaff,8,ENG,CM,26-133,45,0,0,0,0,0,0,0,0,0,0,0,2,0,0,0,,,717b900a,0.0,0,0,0,0
USA-Major League Soccer,2026,2026-08-01 CF Montréal-NE Revolution,CF Montréal,Olger Escobar,29,GUA,FW,19-324,45,0,0,0,0,0,0,0,0,0,0,0,1,0,1,0,,,717b900a,0.0,0,0,0,0
USA-Major League Soccer,2026,2026-08-01 CF Montréal-NE Revolution,CF Montréal,Prince Owusu,9,GHA,FW,29-206,90,1,0,0,0,4,2,0,0,1,1,0,0,0,0,0,,,717b900a,0.0,4,2,1,0
USA-Major League Soccer,2026,2026-08-01 CF Montréal-NE Revolution,CF Montréal,Samuel Piette,6,CAN,MF,31-262,6,0,0,0,0,0,0,0,0,0,0,0,0,0,0,0,,,717b900a,0.0,0,0,0,0
USA-Major League Soccer,2026,2026-08-01 CF Montréal-NE Revolution,CF Montréal,Sebastian Breza,1,CAN,GK,28-139,90,0,0,0,0,0,0,1,0,0,0,0,0,0,0,0,,,717b900a,0.0,0,0,0,0
USA-Major League Soccer,2026,2026-08-01 CF Montréal-NE Revolution,CF Montréal,Victor Loturi,22,CAN,CM,25-072,84,0,0,0,0,1,1,0,0,0,1,0,0,1,4,0,,,717b900a,0.0,1,1,0,0
USA-Major League Soccer,2026,2026-08-01 CF Montréal-NE Revolution,New England Revolution,Alhassan Yusuf,80,NGA,CM,26-014,85,0,0,0,0,1,0,0,0,1,0,0,0,1,0,0,,,717b900a,0.0,1,0,0,0
USA-Major League Soccer,2026,2026-08-01 CF Montréal-NE Revolution,New England Revolution,Brooklyn Raines,21,USA,CM,21-143,90,0,0,0,0,1,0,0,0,1,2,1,0,2,0,0,,,717b900a,0.0,1,0,0,0
USA-Major League Soccer,2026,2026-08-01 CF Montréal-NE Revolution,New England Revolution,Carles Gil,10,ESP,CM,33-252,90,1,0,1,1,3,2,0,0,0,2,0,3,0,1,0,,,717b900a,0.0,3,2,1,0
USA-Major League Soccer,2026,2026-08-01 CF Montréal-NE Revolution,New England Revolution,Cody Baker,15,USA,DF,22-206,18,0,0,0,0,0,0,0,0,0,0,0,0,0,0,0,,,717b900a,0.0,0,0,0,0
USA-Major League Soccer,2026,2026-08-01 CF Montréal-NE Revolution,New England Revolution,Dor Turgeman,99,ISR,FW,22-281,72,1,0,0,0,6,2,0,0,0,0,2,0,0,0,0,,,717b900a,0.0,6,2,1,0
USA-Major League Soccer,2026,2026-08-01 CF Montréal-NE Revolution,New England Revolution,Ethan Kohler,22,USA,CB,21-073,90,0,0,0,0,0,0,0,0,0,0,0,0,2,0,0,,,717b900a,0.0,0,0,0,0
USA-Major League Soccer,2026,2026-08-01 CF Montréal-NE Revolution,New England Revolution,Griffin Yow,7,USA,MF,23-310,5,0,0,0,0,0,0,0,0,0,0,0,0,0,0,0,,,717b900a,0.0,0,0,0,0
USA-Major League Soccer,2026,2026-08-01 CF Montréal-NE Revolution,New England Revolution,Jackson Yueill,14,USA,MF,29-135,5,0,0,0,0,0,0,0,0,0,0,0,0,1,0,0,,,717b900a,0.0,0,0,0,0
USA-Major League Soccer,2026,2026-08-01 CF Montréal-NE Revolution,New England Revolution,Luca Langoni,41,ARG,"FW,MF",24-173,35,0,0,0,0,3,0,0,0,0,0,1,1,0,0,0,,,717b900a,0.0,3,0,0,0
USA-Major League Soccer,2026,2026-08-01 CF Montréal-NE Revolution,New England Revolution,Mamadou Fofana,2,MLI,CB,28-192,90,0,0,0,0,0,0,0,0,2,0,0,0,0,0,0,,,717b900a,0.0,0,0,0,0
USA-Major League Soccer,2026,2026-08-01 CF Montréal-NE Revolution,New England Revolution,Marcos Zambrano,17,USA,FW,21-193,55,0,0,0,0,1,0,0,0,0,1,0,0,0,1,0,,,717b900a,0.0,1,0,0,0
USA-Major League Soccer,2026,2026-08-01 CF Montréal-NE Revolution,New England Revolution,Matt Polster,8,USA,RB,33-054,72,0,0,0,0,0,0,0,0,0,0,0,0,0,0,0,,,717b900a,0.0,0,0,0,0
USA-Major League Soccer,2026,2026-08-01 CF Montréal-NE Revolution,New England Revolution,Matt Turner,30,USA,GK,32-038,90,0,0,0,0,0,0,0,0,0,0,0,0,0,0,0,,,717b900a,0.0,0,0,0,0
USA-Major League Soccer,2026,2026-08-01 CF Montréal-NE Revolution,New England Revolution,Peyton Miller,25,USA,FW,18-266,85,0,1,0,0,4,1,0,0,0,1,0,3,2,1,0,,,717b900a,0.0,4,1,0,1
USA-Major League Soccer,2026,2026-08-01 CF Montréal-NE Revolution,New England Revolution,William Sands,23,USA,LB,26-026,90,0,0,0,0,1,0,0,0,0,2,0,0,0,0,0,,,717b900a,0.0,1,0,0,0
USA-Major League Soccer,2026,2026-08-01 CF Montréal-NE Revolution,New England Revolution,Wilson Harris,27,USA,FW,26-246,18,0,0,0,0,1,0,0,0,0,0,0,0,0,0,0,,,717b900a,0.0,1,0,0,0
USA-Major League Soccer,2026,2026-08-01 Chicago Fire-Charlotte,Charlotte FC,Archie Goodwin,7,AUS,FW,21-267,5,0,0,0,0,0,0,0,0,0,0,0,0,0,0,0,,,0fe889f1,0.0,0,0,0,0
USA-Major League Soccer,2026,2026-08-01 Chicago Fire-Charlotte,Charlotte FC,Ashley Westwood,8,ENG,CM,36-122,90,0,0,0,0,0,0,0,0,0,1,0,7,0,1,0,,,0fe889f1,0.0,0,0,0,0
USA-Major League Soccer,2026,2026-08-01 Chicago Fire-Charlotte,Charlotte FC,Brandt Bronico,13,USA,MF,31-042,5,0,0,0,0,0,0,0,0,1,0,0,0,0,0,0,,,0fe889f1,0.0,0,0,0,0
USA-Major League Soccer,2026,2026-08-01 Chicago Fire-Charlotte,Charlotte FC,David Schnegg,23,AUT,"DF,MF",27-306,22,0,0,0,0,0,0,0,0,1,1,0,1,0,0,0,,,0fe889f1,0.0,0,0,0,0
USA-Major League Soccer,2026,2026-08-01 Chicago Fire-Charlotte,Charlotte FC,Djibril Diani,28,FRA,CM,28-171,90,0,0,0,0,0,0,0,0,3,0,0,0,1,0,0,,,0fe889f1,0.0,0,0,0,0
USA-Major League Soccer,2026,2026-08-01 Chicago Fire-Charlotte,Charlotte FC,Harry Toffolo,15,ENG,LB,30-347,68,0,0,0,0,1,0,0,0,0,0,0,1,2,0,0,,,0fe889f1,0.0,1,0,0,0
USA-Major League Soccer,2026,2026-08-01 Chicago Fire-Charlotte,Charlotte FC,Henry Kessler,22,USA,CB,28-037,90,0,0,0,0,0,0,0,0,1,0,0,0,2,2,0,,,0fe889f1,0.0,0,0,0,0
USA-Major League Soccer,2026,2026-08-01 Chicago Fire-Charlotte,Charlotte FC,Idan Markovich,9,ISR,FW,21-357,85,0,1,0,0,1,0,0,0,0,3,0,1,1,0,0,,,0fe889f1,0.0,1,0,0,1
USA-Major League Soccer,2026,2026-08-01 Chicago Fire-Charlotte,Charlotte FC,Kristijan Kahlina,1,CRO,GK,34-008,90,0,0,0,0,0,0,0,0,0,0,0,0,0,0,0,,,0fe889f1,0.0,0,0,0,0
USA-Major League Soccer,2026,2026-08-01 Chicago Fire-Charlotte,Charlotte FC,Liel Abada,11,ISR,FW,24-302,76,0,0,0,0,2,0,0,0,0,1,0,4,0,0,0,,,0fe889f1,0.0,2,0,0,0
USA-Major League Soccer,2026,2026-08-01 Chicago Fire-Charlotte,Charlotte FC,Luca de la Torre,17,USA,CM,28-070,85,0,0,0,0,1,0,0,0,0,0,0,1,1,0,0,,,0fe889f1,0.0,1,0,0,0
USA-Major League Soccer,2026,2026-08-01 Chicago Fire-Charlotte,Charlotte FC,Morrison Agyemang,44,GHA,CB,21-223,90,0,0,0,0,1,0,0,0,1,1,0,0,1,0,0,,,0fe889f1,0.0,1,0,0,0
USA-Major League Soccer,2026,2026-08-01 Chicago Fire-Charlotte,Charlotte FC,Nathan Byrne,14,ENG,RB,34-057,90,0,0,0,0,0,0,0,0,0,1,0,5,1,1,0,,,0fe889f1,0.0,0,0,0,0
USA-Major League Soccer,2026,2026-08-01 Chicago Fire-Charlotte,Charlotte FC,Pep Biel,16,ESP,FW,29-330,90,1,0,0,0,8,1,0,0,0,0,0,4,0,1,0,,,0fe889f1,0.0,8,1,1,0
USA-Major League Soccer,2026,2026-08-01 Chicago Fire-Charlotte,Charlotte FC,Rodolfo Aloko,37,BEN,MF,19-218,14,0,0,0,0,0,0,0,0,0,0,3,0,0,0,0,,,0fe889f1,0.0,0,0,0,0
USA-Major League Soccer,2026,2026-08-01 Chicago Fire-Charlotte,Chicago Fire,Andrew Gutman,15,USA,LB,29-303,90,0,0,0,0,1,0,0,0,1,0,0,1,1,0,0,,,0fe889f1,0.0,1,0,0,0
USA-Major League Soccer,2026,2026-08-01 Chicago Fire-Charlotte,Chicago Fire,Anton Salétros,6,SWE,CM,30-111,90,0,0,0,0,0,0,1,0,0,1,0,4,0,1,0,,,0fe889f1,0.0,0,0,0,0
USA-Major League Soccer,2026,2026-08-01 Chicago Fire-Charlotte,Chicago Fire,Chris Brady,1,USA,GK,22-151,90,0,0,0,0,0,0,0,0,0,0,0,0,0,0,0,,,0fe889f1,0.0,0,0,0,0
USA-Major League Soccer,2026,2026-08-01 Chicago Fire-Charlotte,Chicago Fire,Innocent Dje,42,CIV,CM,23-088,87,0,0,0,0,0,0,0,0,1,0,0,1,1,0,0,,,0fe889f1,0.0,0,0,0,0
USA-Major League Soccer,2026,2026-08-01 Chicago Fire-Charlotte,Chicago Fire,Jack Elliott,3,ENG,CB,30-341,90,0,0,0,0,0,0,0,0,0,0,1,0,1,1,0,,,0fe889f1,0.0,0,0,0,0
USA-Major League Soccer,2026,2026-08-01 Chicago Fire-Charlotte,Chicago Fire,Joel Waterman,16,CAN,CB,30-189,90,0,0,0,0,0,0,1,0,2,2,0,0,0,0,0,,,0fe889f1,0.0,0,0,0,0
USA-Major League Soccer,2026,2026-08-01 Chicago Fire-Charlotte,Chicago Fire,Jonathan Bamba,19,CIV,LM,30-128,73,0,0,0,0,3,0,0,0,0,0,0,1,1,0,0,,,0fe889f1,0.0,3,0,0,0
USA-Major League Soccer,2026,2026-08-01 Chicago Fire-Charlotte,Chicago Fire,Leonardo Barroso,2,POR,RB,21-050,90,0,0,0,0,0,0,0,0,0,0,0,1,3,1,0,,,0fe889f1,0.0,0,0,0,0
USA-Major League Soccer,2026,2026-08-01 Chicago Fire-Charlotte,Chicago Fire,Maren Haile-Selassie,7,SUI,"FW,MF",27-141,3,0,0,0,0,0,0,0,0,1,0,0,0,1,0,0,,,0fe889f1,0.0,0,0,0,0
USA-Major League Soccer,2026,2026-08-01 Chicago Fire-Charlotte,Chicago Fire,Mauricio Pineda,22,USA,"DF,MF",28-288,3,0,0,0,0,0,0,0,0,0,0,0,0,0,0,0,,,0fe889f1,0.0,0,0,0,0
USA-Major League Soccer,2026,2026-08-01 Chicago Fire-Charlotte,Chicago Fire,Philip Zinckernagel,11,DEN,RM,31-228,90,0,1,0,0,3,2,0,0,0,1,0,10,3,0,0,,,0fe889f1,0.0,3,2,0,1
USA-Major League Soccer,2026,2026-08-01 Chicago Fire-Charlotte,Chicago Fire,Puso Dithejane,12,RSA,MF,22-051,17,0,0,0,0,1,1,0,0,0,0,0,0,1,0,0,,,0fe889f1,0.0,1,1,0,0
USA-Major League Soccer,2026,2026-08-01 Chicago Fire-Charlotte,Chicago Fire,Robert Lewandowski,9,POL,FW,37-345,90,2,0,0,0,4,2,1,0,2,3,2,0,1,0,0,,,0fe889f1,0.0,4,2,2,0
USA-Major League Soccer,2026,2026-08-01 Chicago Fire-Charlotte,Chicago Fire,Robin Lod,17,FIN,FW,33-106,87,0,1,0,0,2,0,0,0,1,0,0,0,0,0,0,,,0fe889f1,0.0,2,0,0,1
USA-Major League Soccer,2026,2026-08-01 Colorado Rapids-Austin FC,Austin FC,Besard Sabovic,14,SWE,CM,28-208,73,0,0,0,0,1,1,0,0,1,1,0,0,0,0,0,,,1d9ae11f,0.0,1,1,0,0
USA-Major League Soccer,2026,2026-08-01 Colorado Rapids-Austin FC,Austin FC,Brad Stuver,1,USA,GK,35-107,90,0,0,0,0,0,0,0,0,0,1,0,0,0,0,0,,,1d9ae11f,0.0,0,0,0,0
USA-Major League Soccer,2026,2026-08-01 Colorado Rapids-Austin FC,Austin FC,Brandon Vazquez,9,USA,FW,27-291,79,0,0,0,0,3,1,0,0,1,0,0,1,1,0,0,,,1d9ae11f,0.0,3,1,0,0
USA-Major League Soccer,2026,2026-08-01 Colorado Rapids-Austin FC,Austin FC,Brendan Hines-Ike,4,USA,CB,31-244,90,0,0,0,0,0,0,0,0,0,3,0,0,0,0,0,,,1d9ae11f,0.0,0,0,0,0
USA-Major League Soccer,2026,2026-08-01 Colorado Rapids-Austin FC,Austin FC,Christian Ramirez,21,USA,"FW,MF",35-119,11,0,0,0,0,0,0,0,0,0,1,0,0,0,0,0,,,1d9ae11f,0.0,0,0,0,0
USA-Major League Soccer,2026,2026-08-01 Colorado Rapids-Austin FC,Austin FC,Ervin Torres,38,USA,DF,18-260,27,0,0,0,0,0,0,1,0,1,1,0,0,0,0,0,,,1d9ae11f,0.0,0,0,0,0
USA-Major League Soccer,2026,2026-08-01 Colorado Rapids-Austin FC,Austin FC,Facundo Torres,11,URU,FW,26-110,63,0,0,0,0,1,0,0,0,0,0,0,0,0,0,0,,,1d9ae11f,0.0,1,0,0,0
USA-Major League Soccer,2026,2026-08-01 Colorado Rapids-Austin FC,Austin FC,Guilherme Biro,29,BRA,CB,26-092,90,0,0,0,0,0,0,0,0,1,1,0,0,2,2,0,,,1d9ae11f,0.0,0,0,0,0
USA-Major League Soccer,2026,2026-08-01 Colorado Rapids-Austin FC,Austin FC,Ilie Sánchez,6,ESP,"DF,MF",35-253,27,0,0,0,0,0,0,0,0,0,0,0,0,0,0,0,,,1d9ae11f,0.0,0,0,0,0
USA-Major League Soccer,2026,2026-08-01 Colorado Rapids-Austin FC,Austin FC,Jayden Nelson,7,CAN,"FW,MF",23-309,17,0,0,0,0,0,0,0,0,0,0,0,0,0,1,0,,,1d9ae11f,0.0,0,0,0,0
USA-Major League Soccer,2026,2026-08-01 Colorado Rapids-Austin FC,Austin FC,Jon Gallagher,17,IRL,LM,30-159,73,0,0,0,0,0,0,0,0,0,0,0,3,0,0,0,,,1d9ae11f,0.0,0,0,0,0
USA-Major League Soccer,2026,2026-08-01 Colorado Rapids-Austin FC,Austin FC,Joseph Rosales,30,HON,RM,25-268,90,0,0,0,0,1,0,1,0,3,0,0,0,4,2,0,,,1d9ae11f,0.0,1,0,0,0
USA-Major League Soccer,2026,2026-08-01 Colorado Rapids-Austin FC,Austin FC,Mateja Đorđević,35,SRB,CB,23-196,90,0,0,0,0,0,0,0,0,2,0,0,0,1,1,0,,,1d9ae11f,0.0,0,0,0,0
USA-Major League Soccer,2026,2026-08-01 Colorado Rapids-Austin FC,Austin FC,Myrto Uzuni,10,ALB,FW,31-062,90,0,0,0,0,3,1,1,0,0,3,1,0,1,0,0,,,1d9ae11f,0.0,3,1,0,0
USA-Major League Soccer,2026,2026-08-01 Colorado Rapids-Austin FC,Austin FC,Owen Wolff,33,USA,CM,21-214,63,0,0,0,0,0,0,0,0,2,2,0,0,1,1,0,,,1d9ae11f,0.0,0,0,0,0
USA-Major League Soccer,2026,2026-08-01 Colorado Rapids-Austin FC,Austin FC,Przemysław Płacheta,77,POL,MF,28-131,17,0,0,0,0,0,0,1,0,1,0,0,1,0,1,0,,,1d9ae11f,0.0,0,0,0,0
USA-Major League Soccer,2026,2026-08-01 Colorado Rapids-Austin FC,Colorado Rapids,Alex Harris,16,USA,FW,21-166,6,0,0,0,0,2,0,0,0,0,0,0,1,0,0,0,,,1d9ae11f,0.0,2,0,0,0
USA-Major League Soccer,2026,2026-08-01 Colorado Rapids-Austin FC,Colorado Rapids,Dante Sealy,7,TRI,AM,23-106,61,0,0,0,0,1,0,0,0,2,0,0,6,0,0,0,,,1d9ae11f,0.0,1,0,0,0
USA-Major League Soccer,2026,2026-08-01 Colorado Rapids-Austin FC,Colorado Rapids,Darren Yapi,77,USA,FW,21-255,29,0,0,0,0,2,1,0,0,0,0,0,0,0,0,0,,,1d9ae11f,0.0,2,1,0,0
USA-Major League Soccer,2026,2026-08-01 Colorado Rapids-Austin FC,Colorado Rapids,Donavan Phillip,32,LCA,MF,21-209,29,0,0,0,0,0,0,0,0,0,0,0,0,0,0,0,,,1d9ae11f,0.0,0,0,0,0
USA-Major League Soccer,2026,2026-08-01 Colorado Rapids-Austin FC,Colorado Rapids,Georgi Minoungou,93,BFA,AM,24-007,84,0,0,0,0,3,1,0,0,1,2,0,9,1,0,0,,,1d9ae11f,0.0,3,1,0,0
USA-Major League Soccer,2026,2026-08-01 Colorado Rapids-Austin FC,Colorado Rapids,Hamzat Ojediran,8,NGA,DM,22-260,57,0,0,0,0,1,0,0,0,2,0,0,0,0,2,0,,,1d9ae11f,0.0,1,0,0,0
USA-Major League Soccer,2026,2026-08-01 Colorado Rapids-Austin FC,Colorado Rapids,Joshua Atencio,12,USA,MF,24-182,33,0,0,0,0,0,0,0,0,2,0,0,1,0,0,0,,,1d9ae11f,0.0,0,0,0,0
USA-Major League Soccer,2026,2026-08-01 Colorado Rapids-Austin FC,Colorado Rapids,Keegan Rosenberry,2,USA,"DF,MF",32-233,6,0,0,0,0,0,0,0,0,0,0,0,2,0,0,0,,,1d9ae11f,0.0,0,0,0,0
USA-Major League Soccer,2026,2026-08-01 Colorado Rapids-Austin FC,Colorado Rapids,Loïc Williams,5,ESP,CB,24-206,90,0,0,0,0,1,0,0,0,0,1,0,0,1,2,0,,,1d9ae11f,0.0,1,0,0,0
USA-Major League Soccer,2026,2026-08-01 Colorado Rapids-Austin FC,Colorado Rapids,Lucas Herrington,22,AUS,CB,18-330,90,0,0,0,0,0,0,0,0,3,0,0,0,0,0,0,,,1d9ae11f,0.0,0,0,0,0
USA-Major League Soccer,2026,2026-08-01 Colorado Rapids-Austin FC,Colorado Rapids,Miguel Navarro,29,VEN,LB,27-156,90,0,0,0,0,0,0,0,0,0,5,0,6,3,1,0,,,1d9ae11f,0.0,0,0,0,0
USA-Major League Soccer,2026,2026-08-01 Colorado Rapids-Austin FC,Colorado Rapids,Nicholas Hansen,41,DEN,GK,25-022,90,0,0,0,0,0,0,0,0,0,0,0,0,0,0,0,,,1d9ae11f,0.0,0,0,0,0
USA-Major League Soccer,2026,2026-08-01 Colorado Rapids-Austin FC,Colorado Rapids,Paxten Aaronson,10,USA,AM,22-340,90,0,0,0,0,3,2,0,0,1,0,0,7,1,0,0,,,1d9ae11f,0.0,3,2,0,0
USA-Major League Soccer,2026,2026-08-01 Colorado Rapids-Austin FC,Colorado Rapids,Rafael Navarro,9,BRA,FW,26-109,90,1,0,1,1,7,4,1,0,2,1,1,0,1,0,0,,,1d9ae11f,0.0,7,4,1,0
USA-Major League Soccer,2026,2026-08-01 Colorado Rapids-Austin FC,Colorado Rapids,Reggie Cannon,4,USA,RB,28-051,84,0,0,0,0,0,0,0,0,0,2,0,4,0,1,0,,,1d9ae11f,0.0,0,0,0,0
USA-Major League Soccer,2026,2026-08-01 Colorado Rapids-Austin FC,Colorado Rapids,Wayne Frederick,13,TRI,DM,22-049,61,0,0,0,0,3,0,0,0,2,1,0,2,0,1,0,,,1d9ae11f,0.0,3,0,0,0
USA-Major League Soccer,2026,2026-08-01 D.C. United-Nashville SC,D.C. United,Andre Dozzell,21,ENG,CM,27-091,90,0,0,0,0,0,0,0,0,0,0,0,0,2,0,0,,,d4252a8d,0.0,0,0,0,0
USA-Major League Soccer,2026,2026-08-01 D.C. United-Nashville SC,D.C. United,Brandon Servania,23,USA,CM,27-142,63,0,0,0,0,2,0,0,0,2,1,0,0,2,0,0,,,d4252a8d,0.0,2,0,0,0
USA-Major League Soccer,2026,2026-08-01 D.C. United-Nashville SC,D.C. United,Jackson Hopkins,25,USA,RM,22-031,63,0,0,0,0,1,0,0,0,0,0,0,1,0,0,0,,,d4252a8d,0.0,1,0,0,0
USA-Major League Soccer,2026,2026-08-01 D.C. United-Nashville SC,D.C. United,Jared Stroud,8,USA,"FW,MF",30-022,1,0,0,0,0,0,0,0,0,0,0,0,0,0,0,0,,,d4252a8d,0.0,0,0,0,0
USA-Major League Soccer,2026,2026-08-01 D.C. United-Nashville SC,D.C. United,Keisuke Kurokawa,6,JPN,LB,29-110,90,0,0,0,0,0,0,0,0,1,1,0,10,2,0,0,,,d4252a8d,0.0,0,0,0,0
USA-Major League Soccer,2026,2026-08-01 D.C. United-Nashville SC,D.C. United,Kye Rowles,15,AUS,CB,28-038,90,0,0,0,0,1,0,0,0,2,0,0,0,1,1,0,,,d4252a8d,0.0,1,0,0,0
USA-Major League Soccer,2026,2026-08-01 D.C. United-Nashville SC,D.C. United,Louis Munteanu,11,ROU,FW,24-046,89,0,1,0,0,5,3,0,0,0,2,0,5,0,0,0,,,d4252a8d,0.0,5,3,0,1
USA-Major League Soccer,2026,2026-08-01 D.C. United-Nashville SC,D.C. United,Lucas Bartlett,3,USA,CB,29-006,90,0,0,0,0,0,0,1,0,3,2,0,1,0,0,0,,,d4252a8d,0.0,0,0,0,0
USA-Major League Soccer,2026,2026-08-01 D.C. United-Nashville SC,D.C. United,Matti Peltola,4,FIN,"DF,MF",24-029,27,0,0,0,0,0,0,0,0,0,2,0,0,3,0,0,,,d4252a8d,0.0,0,0,0,0
USA-Major League Soccer,2026,2026-08-01 D.C. United-Nashville SC,D.C. United,Nathan Ordaz,22,SLV,FW,22-201,27,0,0,0,0,0,0,0,0,0,0,0,2,0,0,0,,,d4252a8d,0.0,0,0,0,0
USA-Major League Soccer,2026,2026-08-01 D.C. United-Nashville SC,D.C. United,Peglow,7,BRA,LM,24-206,90,0,0,0,0,2,0,0,0,3,2,0,3,2,2,0,,,d4252a8d,0.0,2,0,0,0
USA-Major League Soccer,2026,2026-08-01 D.C. United-Nashville SC,D.C. United,Sean Johnson,1,USA,GK,37-062,90,0,0,0,0,0,0,0,0,0,0,0,0,0,0,0,,,d4252a8d,0.0,0,0,0,0
USA-Major League Soccer,2026,2026-08-01 D.C. United-Nashville SC,D.C. United,Silvan Hefti,5,SUI,RB,28-280,90,1,0,0,0,1,1,0,0,1,0,0,4,3,1,0,,,d4252a8d,0.0,1,1,1,0
USA-Major League Soccer,2026,2026-08-01 D.C. United-Nashville SC,D.C. United,Tai Baribo,9,ISR,FW,28-198,90,1,0,0,0,5,3,1,0,2,0,0,0,0,0,0,,,d4252a8d,0.0,5,3,1,0
USA-Major League Soccer,2026,2026-08-01 D.C. United-Nashville SC,Nashville SC,Ahmed Qasem,37,IRQ,AM,23-020,61,0,0,0,0,1,0,0,0,2,0,0,1,0,0,0,,,d4252a8d,0.0,1,0,0,0
USA-Major League Soccer,2026,2026-08-01 D.C. United-Nashville SC,Nashville SC,Andy Najar,31,HON,RB,33-138,83,0,0,0,0,0,0,0,0,1,0,0,2,0,2,0,,,d4252a8d,0.0,0,0,0,0
USA-Major League Soccer,2026,2026-08-01 D.C. United-Nashville SC,Nashville SC,Brian Schwake,99,USA,GK,24-342,90,0,0,0,0,0,0,0,0,0,0,0,0,0,0,0,,,d4252a8d,0.0,0,0,0,0
USA-Major League Soccer,2026,2026-08-01 D.C. United-Nashville SC,Nashville SC,Bryan Acosta,6,HON,MF,32-250,18,0,0,0,0,0,0,0,0,2,0,0,2,0,1,0,,,d4252a8d,0.0,0,0,0,0
USA-Major League Soccer,2026,2026-08-01 D.C. United-Nashville SC,Nashville SC,Daniel Lovitz,2,USA,LB,34-339,90,0,0,0,0,1,0,0,0,0,2,0,1,1,1,0,,,d4252a8d,0.0,1,0,0,0
USA-Major League Soccer,2026,2026-08-01 D.C. United-Nashville SC,Nashville SC,Edvard Sandvik Tagseth,20,NOR,DM,25-190,83,0,0,0,0,0,0,0,0,0,1,0,3,0,0,0,,,d4252a8d,0.0,0,0,0,0
USA-Major League Soccer,2026,2026-08-01 D.C. United-Nashville SC,Nashville SC,Elias Saad,11,TUN,"FW,MF",26-217,29,0,0,0,0,1,0,1,0,1,2,0,0,2,0,0,,,d4252a8d,0.0,1,0,0,0
USA-Major League Soccer,2026,2026-08-01 D.C. United-Nashville SC,Nashville SC,Hany Mukhtar,10,GER,AM,31-133,72,0,0,0,0,1,0,0,0,0,0,0,3,0,0,0,,,d4252a8d,0.0,1,0,0,0
USA-Major League Soccer,2026,2026-08-01 D.C. United-Nashville SC,Nashville SC,Jeison Palacios,4,COL,CB,32-134,90,0,0,0,0,0,0,0,0,1,1,0,0,2,2,0,,,d4252a8d,0.0,0,0,0,0
USA-Major League Soccer,2026,2026-08-01 D.C. United-Nashville SC,Nashville SC,Josh Bauer,22,USA,DF,28-010,7,0,0,0,0,1,0,0,0,0,0,0,0,0,0,0,,,d4252a8d,0.0,1,0,0,0
USA-Major League Soccer,2026,2026-08-01 D.C. United-Nashville SC,Nashville SC,Matthew Corcoran,16,USA,DM,20-165,90,0,0,0,0,0,0,1,0,1,2,0,0,0,0,0,,,d4252a8d,0.0,0,0,0,0
USA-Major League Soccer,2026,2026-08-01 D.C. United-Nashville SC,Nashville SC,Maxwell Woledzi,3,GHA,CB,25-030,90,0,0,0,0,0,0,0,0,0,0,0,0,0,2,0,,,d4252a8d,0.0,0,0,0,0
USA-Major League Soccer,2026,2026-08-01 D.C. United-Nashville SC,Nashville SC,Reed Baker-Whiting,27,USA,DF,21-123,7,0,0,0,0,0,0,0,0,0,0,0,0,0,1,0,,,d4252a8d,0.0,0,0,0,0
USA-Major League Soccer,2026,2026-08-01 D.C. United-Nashville SC,Nashville SC,Sam Surridge,9,ENG,FW,28-004,90,1,0,1,1,3,1,0,0,2,2,0,1,0,0,0,,,d4252a8d,0.0,3,1,1,0
USA-Major League Soccer,2026,2026-08-01 D.C. United-Nashville SC,Nashville SC,Shakur Mohammed,14,GHA,AM,22-339,61,1,0,0,0,2,1,1,0,0,2,0,0,3,0,0,,,d4252a8d,0.0,2,1,1,0
USA-Major League Soccer,2026,2026-08-01 D.C. United-Nashville SC,Nashville SC,Warren Madrigal,41,CRC,FW,22-008,29,0,0,0,0,0,0,0,0,0,1,0,0,1,0,0,,,d4252a8d,0.0,0,0,0,0
USA-Major League Soccer,2026,2026-08-01 FC Cincinnati-SJ Earthquakes,FC Cincinnati,Alvas Powell,2,JAM,"DF,MF",32-014,3,0,0,0,0,0,0,0,0,0,1,0,0,0,0,0,,,533b4e30,0.0,0,0,0,0
USA-Major League Soccer,2026,2026-08-01 FC Cincinnati-SJ Earthquakes,FC Cincinnati,Ayoub Jabbari,99,MAR,FW,26-183,1,1,0,0,0,1,1,0,0,1,1,0,0,0,0,0,,,533b4e30,0.0,1,1,1,0
USA-Major League Soccer,2026,2026-08-01 FC Cincinnati-SJ Earthquakes,FC Cincinnati,Brian Anunga,27,CMR,MF,29-356,3,0,0,0,0,0,0,0,0,0,0,0,0,1,0,0,,,533b4e30,0.0,0,0,0,0
USA-Major League Soccer,2026,2026-08-01 FC Cincinnati-SJ Earthquakes,FC Cincinnati,Bryan Ramírez,29,ECU,DM,25-355,90,1,0,0,0,3,3,0,0,2,0,0,2,1,0,0,,,533b4e30,0.0,3,3,1,0
USA-Major League Soccer,2026,2026-08-01 FC Cincinnati-SJ Earthquakes,FC Cincinnati,Ender Echenique,66,VEN,DM,22-121,87,0,0,0,0,1,0,0,0,2,0,1,2,0,2,0,,,533b4e30,0.0,1,0,0,0
USA-Major League Soccer,2026,2026-08-01 FC Cincinnati-SJ Earthquakes,FC Cincinnati,Evander,10,BRA,AM,28-053,90,1,2,0,0,3,2,0,0,0,0,0,8,0,0,0,,,533b4e30,0.0,3,2,1,2
USA-Major League Soccer,2026,2026-08-01 FC Cincinnati-SJ Earthquakes,FC Cincinnati,Kenji Mboma Dem,17,FRA,FW,24-191,69,0,0,0,0,4,1,0,0,1,1,0,3,0,1,0,,,533b4e30,0.0,4,1,0,0
USA-Major League Soccer,2026,2026-08-01 FC Cincinnati-SJ Earthquakes,FC Cincinnati,Kyle Smith,24,USA,CB,34-204,69,0,0,0,0,0,0,1,0,1,0,0,0,0,1,0,,,533b4e30,0.0,0,0,0,0
USA-Major League Soccer,2026,2026-08-01 FC Cincinnati-SJ Earthquakes,FC Cincinnati,Kévin Denkey,9,TOG,FW,25-244,89,0,0,0,0,3,2,0,0,0,0,1,1,0,1,0,,,533b4e30,0.0,3,2,0,0
USA-Major League Soccer,2026,2026-08-01 FC Cincinnati-SJ Earthquakes,FC Cincinnati,Miles Robinson,12,USA,CB,29-140,90,0,0,0,0,0,0,1,0,2,0,0,0,0,0,0,,,533b4e30,0.0,0,0,0,0
USA-Major League Soccer,2026,2026-08-01 FC Cincinnati-SJ Earthquakes,FC Cincinnati,Obinna Nwobodo,5,NGA,DM,29-245,87,0,1,0,0,2,0,0,0,0,1,0,0,1,0,0,,,533b4e30,0.0,2,0,0,1
USA-Major League Soccer,2026,2026-08-01 FC Cincinnati-SJ Earthquakes,FC Cincinnati,Pavel Bucha,20,CZE,DM,28-143,90,0,0,0,0,3,1,1,0,3,0,0,0,2,0,0,,,533b4e30,0.0,3,1,0,0
USA-Major League Soccer,2026,2026-08-01 FC Cincinnati-SJ Earthquakes,FC Cincinnati,Roman Celentano,18,USA,GK,25-321,90,0,0,0,0,0,0,0,0,0,1,0,0,0,0,0,,,533b4e30,0.0,0,0,0,0
USA-Major League Soccer,2026,2026-08-01 FC Cincinnati-SJ Earthquakes,FC Cincinnati,Samuel Gidi,11,SVK,CB,22-108,90,0,0,0,0,2,0,0,0,0,1,0,0,3,8,0,,,533b4e30,0.0,2,0,0,0
USA-Major League Soccer,2026,2026-08-01 FC Cincinnati-SJ Earthquakes,FC Cincinnati,Teenage Hadebe,15,ZIM,DF,30-318,21,0,0,0,0,0,0,0,0,0,0,0,0,0,0,0,,,533b4e30,0.0,0,0,0,0
USA-Major League Soccer,2026,2026-08-01 FC Cincinnati-SJ Earthquakes,FC Cincinnati,Tom Barlow,16,USA,FW,31-024,21,1,1,0,0,1,1,0,0,0,0,0,0,0,0,0,,,533b4e30,0.0,1,1,1,1
USA-Major League Soccer,2026,2026-08-01 FC Cincinnati-SJ Earthquakes,San Jose Earthquakes,Angus Gunn,1,SCO,GK,30-191,90,0,0,0,0,0,0,0,0,0,0,0,0,0,0,0,,,533b4e30,0.0,0,0,0,0
USA-Major League Soccer,2026,2026-08-01 FC Cincinnati-SJ Earthquakes,San Jose Earthquakes,Beau Leroux,34,USA,CM,22-335,90,0,0,0,0,0,0,0,0,0,1,0,1,1,3,0,,,533b4e30,0.0,0,0,0,0
USA-Major League Soccer,2026,2026-08-01 FC Cincinnati-SJ Earthquakes,San Jose Earthquakes,Benjamin Kikanovic,28,USA,RB,26-207,80,0,0,0,0,1,0,0,0,0,0,0,1,0,0,0,,,533b4e30,0.0,1,0,0,0
USA-Major League Soccer,2026,2026-08-01 FC Cincinnati-SJ Earthquakes,San Jose Earthquakes,Daniel Munie,5,USA,CB,26-172,90,1,0,0,0,2,1,0,0,0,0,1,0,0,2,0,,,533b4e30,0.0,2,1,1,0
USA-Major League Soccer,2026,2026-08-01 FC Cincinnati-SJ Earthquakes,San Jose Earthquakes,David Romney,4,USA,DF,33-050,10,0,0,0,0,0,0,0,0,1,1,0,0,0,0,0,,,533b4e30,0.0,0,0,0,0
USA-Major League Soccer,2026,2026-08-01 FC Cincinnati-SJ Earthquakes,San Jose Earthquakes,Ian Harkes,6,USA,MF,31-124,45,0,0,0,0,1,0,0,0,0,0,0,0,0,1,0,,,533b4e30,0.0,1,0,0,0
USA-Major League Soccer,2026,2026-08-01 FC Cincinnati-SJ Earthquakes,San Jose Earthquakes,Jack Jasinski,17,USA,FW,22-240,10,0,0,0,0,0,0,0,0,1,2,0,0,0,0,0,,,533b4e30,0.0,0,0,0,0
USA-Major League Soccer,2026,2026-08-01 FC Cincinnati-SJ Earthquakes,San Jose Earthquakes,Jack Skahan,16,USA,MF,28-175,18,0,0,0,0,0,0,0,0,0,0,0,1,1,0,0,,,533b4e30,0.0,0,0,0,0
USA-Major League Soccer,2026,2026-08-01 FC Cincinnati-SJ Earthquakes,San Jose Earthquakes,Jamar Ricketts,2,USA,DF,24-281,31,0,0,0,0,1,0,0,0,1,0,0,1,0,0,0,,,533b4e30,0.0,1,0,0,0
USA-Major League Soccer,2026,2026-08-01 FC Cincinnati-SJ Earthquakes,San Jose Earthquakes,Nick Fernandez,20,USA,CM,24-222,45,0,0,0,0,1,0,0,0,0,0,0,2,0,0,0,,,533b4e30,0.0,1,0,0,0
USA-Major League Soccer,2026,2026-08-01 FC Cincinnati-SJ Earthquakes,San Jose Earthquakes,Ousseni Bouda,7,BFA,FW,26-095,72,0,0,0,0,0,0,0,0,1,0,0,1,2,1,0,,,533b4e30,0.0,0,0,0,0
USA-Major League Soccer,2026,2026-08-01 FC Cincinnati-SJ Earthquakes,San Jose Earthquakes,Preston Judd,19,USA,FW,27-065,90,0,1,0,0,5,0,0,0,1,2,0,0,0,0,0,,,533b4e30,0.0,5,0,0,1
USA-Major League Soccer,2026,2026-08-01 FC Cincinnati-SJ Earthquakes,San Jose Earthquakes,Reid Roberts,18,USA,CB,22-235,90,0,0,0,0,0,0,0,0,0,2,0,0,1,1,0,,,533b4e30,0.0,0,0,0,0
USA-Major League Soccer,2026,2026-08-01 FC Cincinnati-SJ Earthquakes,San Jose Earthquakes,Ronaldo Vieira,14,GNB,CM,28-013,80,0,0,0,0,0,0,0,0,0,1,0,1,0,1,0,,,533b4e30,0.0,0,0,0,0
USA-Major League Soccer,2026,2026-08-01 FC Cincinnati-SJ Earthquakes,San Jose Earthquakes,Timo Werner,11,GER,FW,30-148,90,1,1,0,0,1,1,0,0,0,2,1,12,1,0,0,,,533b4e30,0.0,1,1,1,1
USA-Major League Soccer,2026,2026-08-01 FC Cincinnati-SJ Earthquakes,San Jose Earthquakes,Vitor Costa,87,BRA,LB,32-031,59,0,0,0,0,0,0,0,0,1,0,0,0,2,0,0,,,533b4e30,0.0,0,0,0,0
USA-Major League Soccer,2026,2026-08-01 Inter Miami-Columbus Crew,Columbus Crew,André Gomes,20,POR,CM,33-002,90,0,0,0,0,2,0,0,0,1,0,0,2,2,0,0,,,02de3f68,0.0,2,0,0,0
USA-Major League Soccer,2026,2026-08-01 Inter Miami-Columbus Crew,Columbus Crew,Brais Méndez,10,ESP,"FW,MF",29-206,30,1,0,0,0,3,2,0,0,0,0,0,1,0,0,0,,,02de3f68,0.0,3,2,1,0
USA-Major League Soccer,2026,2026-08-01 Inter Miami-Columbus Crew,Columbus Crew,Brooks Lennon,11,USA,"DF,MF",28-313,5,0,0,0,0,0,0,0,0,0,0,0,0,0,0,0,,,02de3f68,0.0,0,0,0,0
USA-Major League Soccer,2026,2026-08-01 Inter Miami-Columbus Crew,Columbus Crew,Dylan Chambost,7,FRA,CM,28-347,60,0,0,0,0,0,0,0,0,0,1,0,0,0,2,0,,,02de3f68,0.0,0,0,0,0
USA-Major League Soccer,2026,2026-08-01 Inter Miami-Columbus Crew,Columbus Crew,Dániel Gazdag,8,HUN,FW,30-152,60,0,0,0,0,0,0,0,0,0,3,0,2,0,0,0,,,02de3f68,0.0,0,0,0,0
USA-Major League Soccer,2026,2026-08-01 Inter Miami-Columbus Crew,Columbus Crew,Hugo Picard,30,FRA,LM,23-084,71,0,0,0,0,1,0,0,0,0,0,0,2,0,2,0,,,02de3f68,0.0,1,0,0,0
USA-Major League Soccer,2026,2026-08-01 Inter Miami-Columbus Crew,Columbus Crew,Jamal Thiaré,19,SEN,FW,33-123,85,0,0,0,0,4,1,0,0,1,1,1,0,1,0,0,,,02de3f68,0.0,4,1,0,0
USA-Major League Soccer,2026,2026-08-01 Inter Miami-Columbus Crew,Columbus Crew,Laurtaro Giaccone,26,ARG,MF,25-181,19,0,0,0,0,0,0,0,0,0,0,0,0,0,1,0,,,02de3f68,0.0,0,0,0,0
USA-Major League Soccer,2026,2026-08-01 Inter Miami-Columbus Crew,Columbus Crew,Mohamed Farsi,23,ALG,RB,26-228,90,0,0,0,0,0,0,0,0,0,1,0,2,0,0,0,,,02de3f68,0.0,0,0,0,0
USA-Major League Soccer,2026,2026-08-01 Inter Miami-Columbus Crew,Columbus Crew,Patrick Schulte,28,USA,GK,25-141,90,0,0,0,0,0,0,1,0,0,0,0,0,0,1,0,,,02de3f68,0.0,0,0,0,0
USA-Major League Soccer,2026,2026-08-01 Inter Miami-Columbus Crew,Columbus Crew,Rudy Camacho,4,FRA,CB,35-149,90,0,0,0,0,0,0,0,0,0,0,0,0,0,1,0,,,02de3f68,0.0,0,0,0,0
USA-Major League Soccer,2026,2026-08-01 Inter Miami-Columbus Crew,Columbus Crew,Sean Zawadzki,25,USA,LB,26-102,90,0,0,0,0,0,0,0,0,0,0,0,0,1,3,0,,,02de3f68,0.0,0,0,0,0
USA-Major League Soccer,2026,2026-08-01 Inter Miami-Columbus Crew,Columbus Crew,Steven Moreira,31,CPV,CB,31-353,90,0,0,0,0,1,0,0,0,0,0,0,1,1,1,0,,,02de3f68,0.0,1,0,0,0
USA-Major League Soccer,2026,2026-08-01 Inter Miami-Columbus Crew,Columbus Crew,Sékou Tidiany Bangoura,17,GUI,MF,24-118,30,0,0,0,0,1,0,1,0,2,1,0,1,0,1,0,,,02de3f68,0.0,1,0,0,0
USA-Major League Soccer,2026,2026-08-01 Inter Miami-Columbus Crew,Columbus Crew,Taha Habroune,16,USA,RM,20-177,90,0,0,0,0,1,0,0,0,1,1,0,2,0,1,0,,,02de3f68,0.0,1,0,0,0
USA-Major League Soccer,2026,2026-08-01 Inter Miami-Columbus Crew,Inter Miami,Casemiro,5,BRA,CM,34-159,90,0,0,0,0,1,0,1,0,1,1,0,0,1,2,1,,,02de3f68,0.0,1,0,0,0
USA-Major League Soccer,2026,2026-08-01 Inter Miami-Columbus Crew,Inter Miami,David Ayala,22,ARG,MF,24-006,16,0,0,0,0,1,0,0,0,0,1,0,0,0,0,0,,,02de3f68,0.0,1,0,0,0
USA-Major League Soccer,2026,2026-08-01 Inter Miami-Columbus Crew,Inter Miami,David Ruíz,41,HON,MF,22-174,16,0,0,0,0,0,0,0,0,0,0,0,0,0,0,0,,,02de3f68,0.0,0,0,0,0
USA-Major League Soccer,2026,2026-08-01 Inter Miami-Columbus Crew,Inter Miami,Dániel Pintér,56,USA,FW,19-056,52,0,0,0,0,1,0,0,0,0,0,0,0,2,0,0,,,02de3f68,0.0,1,0,0,0
USA-Major League Soccer,2026,2026-08-01 Inter Miami-Columbus Crew,Inter Miami,Facundo Mura,4,ARG,RB,27-131,74,0,0,0,0,0,0,0,0,0,0,0,1,0,0,0,,,02de3f68,0.0,0,0,0,0
USA-Major League Soccer,2026,2026-08-01 Inter Miami-Columbus Crew,Inter Miami,Fricio Caicedo,15,ECU,CB,18-106,90,0,0,0,0,0,0,0,0,1,0,0,0,2,4,0,,,02de3f68,0.0,0,0,0,0
USA-Major League Soccer,2026,2026-08-01 Inter Miami-Columbus Crew,Inter Miami,Lionel Messi,10,ARG,"FW,MF",39-038,38,0,0,0,0,4,1,0,0,0,0,0,1,0,0,0,,,02de3f68,0.0,4,1,0,0
USA-Major League Soccer,2026,2026-08-01 Inter Miami-Columbus Crew,Inter Miami,Luis Suárez,9,URU,FW,39-189,90,1,1,0,0,2,2,0,0,0,0,0,0,0,0,0,,,02de3f68,0.0,2,2,1,1
USA-Major League Soccer,2026,2026-08-01 Inter Miami-Columbus Crew,Inter Miami,Mateo Silvetti,24,ARG,FW,20-199,85,0,0,0,0,1,0,0,0,1,2,0,0,1,0,0,,,02de3f68,0.0,1,0,0,0
USA-Major League Soccer,2026,2026-08-01 Inter Miami-Columbus Crew,Inter Miami,Micael,16,BRA,CB,25-354,90,0,0,0,0,1,0,0,0,1,0,0,0,0,1,0,,,02de3f68,0.0,1,0,0,0
USA-Major League Soccer,2026,2026-08-01 Inter Miami-Columbus Crew,Inter Miami,Noah Allen,32,GRE,LB,22-095,90,1,0,0,0,1,1,0,0,1,0,0,1,1,0,0,,,02de3f68,0.0,1,1,1,0
USA-Major League Soccer,2026,2026-08-01 Inter Miami-Columbus Crew,Inter Miami,Preston Plambeck,59,USA,MF,20-224,5,0,0,0,0,0,0,0,0,0,0,1,1,0,0,0,,,02de3f68,0.0,0,0,0,0
USA-Major League Soccer,2026,2026-08-01 Inter Miami-Columbus Crew,Inter Miami,Rocco Ríos Novo,34,ARG,GK,24-058,90,0,0,0,0,0,0,0,0,0,0,0,0,0,0,0,,,02de3f68,0.0,0,0,0,0
USA-Major League Soccer,2026,2026-08-01 Inter Miami-Columbus Crew,Inter Miami,Rodrigo De Paul,7,ARG,CM,32-069,90,0,0,0,0,0,0,0,0,3,1,0,4,1,1,0,,,02de3f68,0.0,0,0,0,0
USA-Major League Soccer,2026,2026-08-01 Inter Miami-Columbus Crew,Inter Miami,Yannick Bright,42,ITA,CM,24-332,74,0,1,0,0,0,0,0,0,1,0,0,0,0,1,0,,,02de3f68,0.0,0,0,0,1
USA-Major League Soccer,2026,2026-08-01 LA Galaxy-FC Dallas,FC Dallas,Anderson Julio,11,ECU,"FW,MF",30-062,25,0,0,0,0,0,0,0,0,1,0,0,0,0,0,0,,,3ccd7c6e,0.0,0,0,0,0
USA-Major League Soccer,2026,2026-08-01 LA Galaxy-FC Dallas,FC Dallas,Bernard Kamungo,77,USA,LW,24-212,90,0,0,0,0,0,0,0,0,0,3,0,3,1,1,0,,,3ccd7c6e,0.0,0,0,0,0
USA-Major League Soccer,2026,2026-08-01 LA Galaxy-FC Dallas,FC Dallas,Christian Cappis,12,USA,DM,26-353,78,0,0,0,0,0,0,1,0,1,2,0,5,0,0,0,,,3ccd7c6e,0.0,0,0,0,0
USA-Major League Soccer,2026,2026-08-01 LA Galaxy-FC Dallas,FC Dallas,Clay Holstad,33,USA,MF,26-201,12,0,0,0,0,0,0,0,0,0,0,0,0,0,0,0,,,3ccd7c6e,0.0,0,0,0,0
USA-Major League Soccer,2026,2026-08-01 LA Galaxy-FC Dallas,FC Dallas,Herman Johansson,14,SWE,RW,28-289,78,0,0,0,0,2,0,0,0,1,0,0,5,1,0,0,,,3ccd7c6e,0.0,2,0,0,0
USA-Major League Soccer,2026,2026-08-01 LA Galaxy-FC Dallas,FC Dallas,Jonathan Sirois,40,CAN,GK,25-035,90,0,0,0,0,0,0,0,0,0,1,0,0,0,0,0,,,3ccd7c6e,0.0,0,0,0,0
USA-Major League Soccer,2026,2026-08-01 LA Galaxy-FC Dallas,FC Dallas,Kaick,55,BRA,AM,20-245,90,0,0,0,0,1,0,1,0,1,2,0,1,1,0,0,,,3ccd7c6e,0.0,1,0,0,0
USA-Major League Soccer,2026,2026-08-01 LA Galaxy-FC Dallas,FC Dallas,Logan Farrington,23,USA,FW,24-230,65,0,0,0,0,2,0,0,0,0,1,1,1,0,0,0,,,3ccd7c6e,0.0,2,0,0,0
USA-Major League Soccer,2026,2026-08-01 LA Galaxy-FC Dallas,FC Dallas,Nolan Norris,32,USA,CB,21-165,90,0,0,0,0,2,0,1,0,1,1,0,0,2,1,0,,,3ccd7c6e,0.0,2,0,0,0
USA-Major League Soccer,2026,2026-08-01 LA Galaxy-FC Dallas,FC Dallas,Osaze Urhoghide,3,NED,CB,26-028,90,0,0,0,0,3,0,0,0,2,0,0,0,3,0,0,,,3ccd7c6e,0.0,3,0,0,0
USA-Major League Soccer,2026,2026-08-01 LA Galaxy-FC Dallas,FC Dallas,Patrickson Delgado,8,ECU,AM,22-288,65,0,0,0,0,1,1,1,0,1,0,0,3,0,1,0,,,3ccd7c6e,0.0,1,1,0,0
USA-Major League Soccer,2026,2026-08-01 LA Galaxy-FC Dallas,FC Dallas,Petar Musa,9,CRO,FW,28-150,90,0,0,0,0,7,3,0,0,2,0,1,0,1,0,0,,,3ccd7c6e,0.0,7,3,0,0
USA-Major League Soccer,2026,2026-08-01 LA Galaxy-FC Dallas,FC Dallas,Santiago Moreno,10,COL,"FW,MF",26-102,25,0,0,0,0,0,0,0,0,1,0,0,1,1,0,0,,,3ccd7c6e,0.0,0,0,0,0
USA-Major League Soccer,2026,2026-08-01 LA Galaxy-FC Dallas,FC Dallas,Sebastien Ibeagha,25,USA,DF,34-192,12,0,0,0,0,0,0,0,0,0,0,0,0,0,0,0,,,3ccd7c6e,0.0,0,0,0,0
USA-Major League Soccer,2026,2026-08-01 LA Galaxy-FC Dallas,FC Dallas,Shaq Moore,18,USA,CB,29-272,90,0,0,0,0,0,0,0,0,2,1,0,1,1,1,0,,,3ccd7c6e,0.0,0,0,0,0
USA-Major League Soccer,2026,2026-08-01 LA Galaxy-FC Dallas,LA Galaxy,Elijah Wynder,22,USA,CM,23-144,89,0,0,0,0,1,1,0,0,1,1,0,0,2,0,0,,,3ccd7c6e,0.0,1,1,0,0
USA-Major League Soccer,2026,2026-08-01 LA Galaxy-FC Dallas,LA Galaxy,Harbor Miller,26,USA,RB,19-041,90,0,0,0,0,1,0,0,0,2,0,0,2,2,0,0,,,3ccd7c6e,0.0,1,0,0,0
USA-Major League Soccer,2026,2026-08-01 LA Galaxy-FC Dallas,LA Galaxy,Isaiah Parente,16,USA,MF,26-138,1,0,0,0,0,0,0,0,0,0,0,0,0,0,0,0,,,3ccd7c6e,0.0,0,0,0,0
USA-Major League Soccer,2026,2026-08-01 LA Galaxy-FC Dallas,LA Galaxy,J.T. Marcinkowski,12,USA,GK,29-084,90,0,0,0,0,0,0,0,0,0,0,0,0,0,0,0,,,3ccd7c6e,0.0,0,0,0,0
USA-Major League Soccer,2026,2026-08-01 LA Galaxy-FC Dallas,LA Galaxy,Jakob Glesnes,5,NOR,CB,32-129,90,0,0,0,0,2,1,1,0,1,0,0,0,0,0,0,,,3ccd7c6e,0.0,2,1,0,0
USA-Major League Soccer,2026,2026-08-01 LA Galaxy-FC Dallas,LA Galaxy,John Nelson,14,USA,LB,28-021,90,0,0,0,0,3,2,1,0,1,0,0,0,2,0,0,,,3ccd7c6e,0.0,3,2,0,0
USA-Major League Soccer,2026,2026-08-01 LA Galaxy-FC Dallas,LA Galaxy,Joseph Paintsil,28,GHA,FW,28-181,90,0,0,0,0,3,2,0,0,2,5,0,5,0,1,0,,,3ccd7c6e,0.0,3,2,0,0
USA-Major League Soccer,2026,2026-08-01 LA Galaxy-FC Dallas,LA Galaxy,Justin Haak,15,USA,CM,24-323,90,0,0,0,0,0,0,0,0,0,3,0,0,4,1,0,,,3ccd7c6e,0.0,0,0,0,0
USA-Major League Soccer,2026,2026-08-01 LA Galaxy-FC Dallas,LA Galaxy,Kyogo Furuhashi,7,JPN,"FW,MF",31-193,24,0,0,0,0,3,1,0,0,0,0,0,1,0,0,0,,,3ccd7c6e,0.0,3,1,0,0
USA-Major League Soccer,2026,2026-08-01 LA Galaxy-FC Dallas,LA Galaxy,Lucas Sanabria,8,URU,CM,22-218,89,0,0,0,0,0,0,0,0,3,1,0,1,0,0,0,,,3ccd7c6e,0.0,0,0,0,0
USA-Major League Soccer,2026,2026-08-01 LA Galaxy-FC Dallas,LA Galaxy,Marco Reus,18,GER,FW,37-062,90,0,0,0,0,4,2,0,0,1,2,1,3,0,0,0,,,3ccd7c6e,0.0,4,2,0,0
USA-Major League Soccer,2026,2026-08-01 LA Galaxy-FC Dallas,LA Galaxy,Maya Yoshida,4,JPN,CB,37-342,90,0,0,0,0,0,0,0,0,0,0,0,0,1,0,0,,,3ccd7c6e,0.0,0,0,0,0
USA-Major League Soccer,2026,2026-08-01 LA Galaxy-FC Dallas,LA Galaxy,Robert Taylor,21,FIN,FW,31-284,66,0,0,0,0,1,0,0,0,0,1,0,0,0,0,0,,,3ccd7c6e,0.0,1,0,0,0
USA-Major League Soccer,2026,2026-08-01 LA Galaxy-FC Dallas,LA Galaxy,Troy Elgersma,76,,MF,,1,0,0,0,0,0,0,0,0,0,0,0,0,0,0,0,,,3ccd7c6e,0.0,0,0,0,0
USA-Major League Soccer,2026,2026-08-01 Minnesota Utd-San Diego FC,Minnesota United,Anthony Markanich,13,PHI,LB,26-218,64,0,0,0,0,1,0,0,0,1,0,0,0,1,1,0,,,aa834826,0.0,1,0,0,0
USA-Major League Soccer,2026,2026-08-01 Minnesota Utd-San Diego FC,Minnesota United,Bongokuhle Hlongwane,21,RSA,"DF,FW",26-042,11,0,0,0,0,0,0,0,0,0,0,0,0,0,1,0,,,aa834826,0.0,0,0,0,0
USA-Major League Soccer,2026,2026-08-01 Minnesota Utd-San Diego FC,Minnesota United,Devin Padelford,2,USA,DF,23-210,26,0,0,0,0,0,0,0,0,0,0,0,2,0,0,0,,,aa834826,0.0,0,0,0,0
USA-Major League Soccer,2026,2026-08-01 Minnesota Utd-San Diego FC,Minnesota United,Drake Callender,12,USA,GK,28-298,90,0,0,0,0,0,0,1,0,0,0,0,0,0,0,0,,,aa834826,0.0,0,0,0,0
USA-Major League Soccer,2026,2026-08-01 Minnesota Utd-San Diego FC,Minnesota United,Jefferson Díaz,28,COL,CB,25-239,90,0,0,0,0,0,0,0,0,0,0,0,0,1,0,0,,,aa834826,0.0,0,0,0,0
USA-Major League Soccer,2026,2026-08-01 Minnesota Utd-San Diego FC,Minnesota United,Joaquín Pereyra,26,ARG,RM,27-243,90,0,0,0,0,4,2,0,0,0,0,0,10,2,2,0,,,aa834826,0.0,4,2,0,0
USA-Major League Soccer,2026,2026-08-01 Minnesota Utd-San Diego FC,Minnesota United,Kelvin Yeboah,9,ITA,FW,26-087,26,0,0,0,0,1,1,0,0,1,0,0,0,0,1,0,,,aa834826,0.0,1,1,0,0
USA-Major League Soccer,2026,2026-08-01 Minnesota Utd-San Diego FC,Minnesota United,Kyle Duncan,3,USA,RB,28-358,79,0,0,0,0,1,1,0,0,1,1,0,2,2,1,0,,,aa834826,0.0,1,1,0,0
USA-Major League Soccer,2026,2026-08-01 Minnesota Utd-San Diego FC,Minnesota United,Mamadou Dieng,29,SEN,FW,22-178,64,0,0,0,0,1,1,0,0,2,1,0,0,0,0,0,,,aa834826,0.0,1,1,0,0
USA-Major League Soccer,2026,2026-08-01 Minnesota Utd-San Diego FC,Minnesota United,Mauricio Gonzalez,18,,MF,,11,0,0,0,0,0,0,0,0,0,0,0,0,0,0,0,,,aa834826,0.0,0,0,0,0
USA-Major League Soccer,2026,2026-08-01 Minnesota Utd-San Diego FC,Minnesota United,Michael Boxall,15,NZL,CB,37-348,90,0,0,0,0,0,0,0,0,1,0,0,1,0,1,0,,,aa834826,0.0,0,0,0,0
USA-Major League Soccer,2026,2026-08-01 Minnesota Utd-San Diego FC,Minnesota United,Morris Duggan,23,GER,CB,25-281,90,0,0,0,0,0,0,0,0,0,0,0,0,2,2,0,,,aa834826,0.0,0,0,0,0
USA-Major League Soccer,2026,2026-08-01 Minnesota Utd-San Diego FC,Minnesota United,Owen Géne,30,FRA,CM,23-135,90,0,0,0,0,1,0,0,0,1,0,0,0,1,3,0,,,aa834826,0.0,1,0,0,0
USA-Major League Soccer,2026,2026-08-01 Minnesota Utd-San Diego FC,Minnesota United,Tomás Chancalay,8,ARG,LM,27-212,79,1,0,0,0,4,2,0,0,1,0,0,3,0,1,0,,,aa834826,0.0,4,2,1,0
USA-Major League Soccer,2026,2026-08-01 Minnesota Utd-San Diego FC,Minnesota United,Wil Trapp,20,USA,CM,33-198,90,0,1,0,0,1,1,0,0,0,1,0,2,1,3,0,,,aa834826,0.0,1,1,0,1
USA-Major League Soccer,2026,2026-08-01 Minnesota Utd-San Diego FC,San Diego FC,Alejandro Alvarado Jr.,70,USA,CM,23-003,59,0,0,0,0,0,0,0,0,1,1,0,0,1,0,0,,,aa834826,0.0,0,0,0,0
USA-Major League Soccer,2026,2026-08-01 Minnesota Utd-San Diego FC,San Diego FC,Alex Mighten,77,ENG,"FW,MF",24-112,30,0,0,0,0,1,0,0,0,0,1,1,0,1,0,0,,,aa834826,0.0,1,0,0,0
USA-Major League Soccer,2026,2026-08-01 Minnesota Utd-San Diego FC,San Diego FC,Anders Dreyer,10,DEN,FW,28-091,90,1,0,1,1,4,2,1,0,0,0,0,5,0,0,0,,,aa834826,0.0,4,2,1,0
USA-Major League Soccer,2026,2026-08-01 Minnesota Utd-San Diego FC,San Diego FC,Aníbal Godoy,20,PAN,MF,36-172,8,0,0,0,0,0,0,0,0,0,0,0,0,0,0,0,,,aa834826,0.0,0,0,0,0
USA-Major League Soccer,2026,2026-08-01 Minnesota Utd-San Diego FC,San Diego FC,C.J. dos Santos,1,CPV,GK,25-342,90,0,0,0,0,0,0,0,0,0,0,0,0,0,0,0,,,aa834826,0.0,0,0,0,0
USA-Major League Soccer,2026,2026-08-01 Minnesota Utd-San Diego FC,San Diego FC,Christopher McVey,97,SWE,CB,29-111,90,0,0,0,0,0,0,0,0,0,2,0,1,1,0,0,,,aa834826,0.0,0,0,0,0
USA-Major League Soccer,2026,2026-08-01 Minnesota Utd-San Diego FC,San Diego FC,Dagur Dan Þórhallsson,3,ISL,RB,26-091,90,0,0,0,0,1,0,0,0,0,0,0,1,1,1,0,,,aa834826,0.0,1,0,0,0
USA-Major League Soccer,2026,2026-08-01 Minnesota Utd-San Diego FC,San Diego FC,David Vazquez,19,USA,FW,20-160,60,0,0,0,0,1,0,0,0,1,1,1,3,1,0,0,,,aa834826,0.0,1,0,0,0
USA-Major League Soccer,2026,2026-08-01 Minnesota Utd-San Diego FC,San Diego FC,Gabriel Pirani,12,BRA,"FW,MF",24-111,31,0,0,0,0,0,0,0,0,0,0,0,0,2,0,0,,,aa834826,0.0,0,0,0,0
USA-Major League Soccer,2026,2026-08-01 Minnesota Utd-San Diego FC,San Diego FC,Jeppe Tverskov,6,DEN,CM,33-142,90,0,0,0,0,0,0,0,0,0,1,0,0,1,3,0,,,aa834826,0.0,0,0,0,0
USA-Major League Soccer,2026,2026-08-01 Minnesota Utd-San Diego FC,San Diego FC,Kieran Sargeant,5,USA,LB,23-108,59,0,0,0,0,0,0,0,0,0,0,0,0,0,2,0,,,aa834826,0.0,0,0,0,0
USA-Major League Soccer,2026,2026-08-01 Minnesota Utd-San Diego FC,San Diego FC,Luca Bombino,27,USA,DF,20-022,31,0,0,0,0,0,0,0,0,0,1,0,0,2,2,0,,,aa834826,0.0,0,0,0,0
USA-Major League Soccer,2026,2026-08-01 Minnesota Utd-San Diego FC,San Diego FC,Manu Duah,26,GHA,CB,21-057,90,0,0,0,0,0,0,0,0,0,0,0,0,1,2,0,,,aa834826,0.0,0,0,0,0
USA-Major League Soccer,2026,2026-08-01 Minnesota Utd-San Diego FC,San Diego FC,Marcus Ingvartsen,7,DEN,FW,30-209,90,0,0,0,0,5,0,0,0,0,1,1,0,1,0,0,,,aa834826,0.0,5,0,0,0
USA-Major League Soccer,2026,2026-08-01 Minnesota Utd-San Diego FC,San Diego FC,Onni Valakari,8,FIN,CM,26-348,82,0,0,0,0,1,0,0,0,1,0,0,0,4,0,0,,,aa834826,0.0,1,0,0,0
USA-Major League Soccer,2026,2026-08-01 Philadelphia-Atlanta Utd,Atlanta United,Aleksei Miranchuk,59,RUS,FW,30-288,77,0,1,0,0,0,0,0,0,0,1,0,0,0,0,0,,,5886a273,0.0,0,0,0,1
USA-Major League Soccer,2026,2026-08-01 Philadelphia-Atlanta Utd,Atlanta United,Arif Kovac,39,USA,FW,19-327,7,0,0,0,0,0,0,0,0,1,0,0,0,0,0,0,,,5886a273,0.0,0,0,0,0
USA-Major League Soccer,2026,2026-08-01 Philadelphia-Atlanta Utd,Atlanta United,Elías Báez,3,ARG,LM,21-287,90,0,0,0,0,0,0,1,0,0,0,0,1,2,1,0,,,5886a273,0.0,0,0,0,0
USA-Major League Soccer,2026,2026-08-01 Philadelphia-Atlanta Utd,Atlanta United,Enea Mihaj,4,ALB,CB,28-027,25,0,0,0,0,0,0,0,1,1,1,0,0,0,0,0,,,5886a273,0.0,0,0,0,0
USA-Major League Soccer,2026,2026-08-01 Philadelphia-Atlanta Utd,Atlanta United,Fafà Picault,22,HAI,FW,35-159,77,0,0,0,0,1,0,0,0,1,3,2,1,1,0,0,,,5886a273,0.0,1,0,0,0
USA-Major League Soccer,2026,2026-08-01 Philadelphia-Atlanta Utd,Atlanta United,Júnior Alonso,6,PAR,CB,33-173,90,0,0,0,0,0,0,0,0,0,0,0,0,0,1,0,,,5886a273,0.0,0,0,0,0
USA-Major League Soccer,2026,2026-08-01 Philadelphia-Atlanta Utd,Atlanta United,Lucas Hoyos,1,ARG,GK,37-094,90,0,0,0,0,0,0,1,0,0,1,0,0,0,0,0,,,5886a273,0.0,0,0,0,0
USA-Major League Soccer,2026,2026-08-01 Philadelphia-Atlanta Utd,Atlanta United,Luke Brennan,20,USA,FW,21-158,13,0,0,0,0,0,0,0,0,1,0,0,0,1,1,0,,,5886a273,0.0,0,0,0,0
USA-Major League Soccer,2026,2026-08-01 Philadelphia-Atlanta Utd,Atlanta United,Matthew Edwards,47,USA,RM,23-165,90,0,0,0,0,0,0,0,0,1,0,0,1,1,5,0,,,5886a273,0.0,0,0,0,0
USA-Major League Soccer,2026,2026-08-01 Philadelphia-Atlanta Utd,Atlanta United,Miguel Almirón,10,PAR,FW,32-172,83,1,0,0,0,1,1,0,0,0,3,0,5,3,1,0,,,5886a273,0.0,1,1,1,0
USA-Major League Soccer,2026,2026-08-01 Philadelphia-Atlanta Utd,Atlanta United,Ronald Hernández,2,VEN,DF,28-314,3,0,0,0,0,0,0,0,0,0,0,0,0,0,0,0,,,5886a273,0.0,0,0,0,0
USA-Major League Soccer,2026,2026-08-01 Philadelphia-Atlanta Utd,Atlanta United,Stian Rode Gregersen,5,NOR,"DF,MF",31-076,13,0,0,0,0,1,0,0,0,0,1,0,0,0,0,0,,,5886a273,0.0,1,0,0,0
USA-Major League Soccer,2026,2026-08-01 Philadelphia-Atlanta Utd,Atlanta United,Tomás Jacob,55,ARG,CB,22-103,90,0,0,0,0,0,0,0,0,0,3,0,0,1,2,0,,,5886a273,0.0,0,0,0,0
USA-Major League Soccer,2026,2026-08-01 Philadelphia-Atlanta Utd,Atlanta United,Tristan Muyumba,8,FRA,CM,29-147,87,1,0,0,0,1,1,0,0,0,2,0,0,3,2,0,,,5886a273,0.0,1,1,1,0
USA-Major League Soccer,2026,2026-08-01 Philadelphia-Atlanta Utd,Atlanta United,William Reilly,28,USA,CM,23-241,90,0,0,0,0,0,0,0,0,0,0,0,1,0,2,0,,,5886a273,0.0,0,0,0,0
USA-Major League Soccer,2026,2026-08-01 Philadelphia-Atlanta Utd,Philadelphia Union,Alejandro Bedoya,11,USA,"FW,MF",39-094,1,0,0,0,0,0,0,0,0,0,0,0,0,0,0,0,,,5886a273,0.0,0,0,0,0
USA-Major League Soccer,2026,2026-08-01 Philadelphia-Atlanta Utd,Philadelphia Union,Andre Blake,18,JAM,GK,35-253,90,0,0,0,0,0,0,0,0,0,0,0,0,0,0,0,,,5886a273,0.0,0,0,0,0
USA-Major League Soccer,2026,2026-08-01 Philadelphia-Atlanta Utd,Philadelphia Union,Augustin Anello,28,ITA,"FW,MF",24-101,20,0,0,0,0,0,0,0,0,0,0,0,2,0,0,0,,,5886a273,0.0,0,0,0,0
USA-Major League Soccer,2026,2026-08-01 Philadelphia-Atlanta Utd,Philadelphia Union,Bruno Damiani,9,URU,FW,24-105,70,0,0,0,0,2,0,1,0,5,0,0,0,0,0,0,,,5886a273,0.0,2,0,0,0
USA-Major League Soccer,2026,2026-08-01 Philadelphia-Atlanta Utd,Philadelphia Union,Cavan Sullivan,6,USA,RM,16-307,89,0,0,0,0,4,2,0,0,0,0,0,6,0,0,0,,,5886a273,0.0,4,2,0,0
USA-Major League Soccer,2026,2026-08-01 Philadelphia-Atlanta Utd,Philadelphia Union,Danley Jean-Jacques,21,HAI,CM,26-073,90,0,0,0,0,2,0,0,0,1,0,0,2,2,3,0,,,5886a273,0.0,2,0,0,0
USA-Major League Soccer,2026,2026-08-01 Philadelphia-Atlanta Utd,Philadelphia Union,Ezekiel Kwame Alladoh,23,GHA,FW,20-322,20,1,0,0,0,1,1,0,0,0,0,0,0,0,0,0,,,5886a273,0.0,1,1,1,0
USA-Major League Soccer,2026,2026-08-01 Philadelphia-Atlanta Utd,Philadelphia Union,Francis Westfield,39,USA,RB,20-235,90,0,0,0,0,4,0,0,0,0,1,1,8,0,0,0,,,5886a273,0.0,4,0,0,0
USA-Major League Soccer,2026,2026-08-01 Philadelphia-Atlanta Utd,Philadelphia Union,Indiana Vassilev,19,USA,LM,25-166,55,0,0,0,0,0,0,0,0,2,1,0,0,0,0,0,,,5886a273,0.0,0,0,0,0
USA-Major League Soccer,2026,2026-08-01 Philadelphia-Atlanta Utd,Philadelphia Union,Jesús Daniel Bueno,8,VEN,MF,27-108,35,0,0,0,0,1,0,0,0,1,1,0,0,1,0,0,,,5886a273,0.0,1,0,0,0
USA-Major League Soccer,2026,2026-08-01 Philadelphia-Atlanta Utd,Philadelphia Union,Jovan Lukić,4,SRB,CM,24-193,55,0,0,0,0,1,0,0,0,2,0,0,0,1,1,0,,,5886a273,0.0,1,0,0,0
USA-Major League Soccer,2026,2026-08-01 Philadelphia-Atlanta Utd,Philadelphia Union,Kai Wagner,27,GER,LB,29-167,90,0,2,0,0,0,0,0,0,0,0,0,18,1,1,0,,,5886a273,0.0,0,0,0,2
USA-Major League Soccer,2026,2026-08-01 Philadelphia-Atlanta Utd,Philadelphia Union,Milan Iloski,10,USA,FW,27-003,90,1,0,0,0,7,2,1,0,2,1,2,7,0,0,0,,,5886a273,0.0,7,2,1,0
USA-Major League Soccer,2026,2026-08-01 Philadelphia-Atlanta Utd,Philadelphia Union,Nathan Harriel,26,USA,CB,25-100,70,0,0,0,0,1,0,1,0,2,0,0,0,0,1,0,,,5886a273,0.0,1,0,0,0
USA-Major League Soccer,2026,2026-08-01 Philadelphia-Atlanta Utd,Philadelphia Union,Neil Pierre,44,USA,CB,18-286,90,1,0,0,0,6,1,0,0,0,0,0,0,1,0,0,,,5886a273,0.0,6,1,1,0
USA-Major League Soccer,2026,2026-08-01 Philadelphia-Atlanta Utd,Philadelphia Union,Quinn Sullivan,33,USA,"FW,MF",22-127,35,0,0,0,0,1,0,0,0,0,1,0,7,0,1,0,,,5886a273,0.0,1,0,0,0
USA-Major League Soccer,2026,2026-08-01 Portland Timbers-Seattle Sounders,Portland Timbers,Antony,11,BRA,"FW,MF",24-327,26,0,0,0,0,0,0,0,0,0,1,0,1,0,0,0,,,38a2f175,0.0,0,0,0,0
USA-Major League Soccer,2026,2026-08-01 Portland Timbers-Seattle Sounders,Portland Timbers,Ariel Lassiter,7,CRC,RW,31-308,64,0,0,0,0,2,0,0,0,1,1,0,3,0,0,0,,,38a2f175,0.0,2,0,0,0
USA-Major League Soccer,2026,2026-08-01 Portland Timbers-Seattle Sounders,Portland Timbers,Brandon Bye,5,USA,RB,30-245,90,1,0,0,0,1,1,0,0,1,1,0,3,1,1,0,,,38a2f175,0.0,1,1,1,0
USA-Major League Soccer,2026,2026-08-01 Portland Timbers-Seattle Sounders,Portland Timbers,Cole Bassett,17,USA,AM,25-004,87,0,0,0,0,1,0,0,0,0,1,0,2,0,0,0,,,38a2f175,0.0,1,0,0,0
USA-Major League Soccer,2026,2026-08-01 Portland Timbers-Seattle Sounders,Portland Timbers,David Costa,10,POR,AM,25-208,90,0,1,0,0,1,1,0,0,1,0,0,1,1,0,0,,,38a2f175,0.0,1,1,0,1
USA-Major League Soccer,2026,2026-08-01 Portland Timbers-Seattle Sounders,Portland Timbers,Diego Chará,21,COL,DM,40-118,90,0,0,0,0,0,0,0,0,0,1,0,0,2,1,0,,,38a2f175,0.0,0,0,0,0
USA-Major League Soccer,2026,2026-08-01 Portland Timbers-Seattle Sounders,Portland Timbers,Finn Surman,20,NZL,CB,22-312,90,0,0,0,0,1,0,0,0,0,2,0,0,0,0,0,,,38a2f175,0.0,1,0,0,0
USA-Major League Soccer,2026,2026-08-01 Portland Timbers-Seattle Sounders,Portland Timbers,Ian Smith,23,USA,DF,24-016,3,0,0,0,0,0,0,0,0,0,0,0,0,1,0,0,,,38a2f175,0.0,0,0,0,0
USA-Major League Soccer,2026,2026-08-01 Portland Timbers-Seattle Sounders,Portland Timbers,James Pantemis,41,CAN,GK,29-161,90,0,0,0,0,0,0,0,0,0,0,0,0,0,0,0,,,38a2f175,0.0,0,0,0,0
USA-Major League Soccer,2026,2026-08-01 Portland Timbers-Seattle Sounders,Portland Timbers,Jimer Fory,27,COL,LB,24-069,90,0,0,0,0,0,0,0,0,0,0,0,2,0,3,0,,,38a2f175,0.0,0,0,0,0
USA-Major League Soccer,2026,2026-08-01 Portland Timbers-Seattle Sounders,Portland Timbers,José Caicedo,30,COL,MF,24-070,3,0,0,0,0,0,0,0,0,0,0,0,0,0,2,0,,,38a2f175,0.0,0,0,0,0
USA-Major League Soccer,2026,2026-08-01 Portland Timbers-Seattle Sounders,Portland Timbers,Kamal Miller,4,CAN,CB,29-077,90,0,0,0,0,0,0,1,0,1,1,0,0,1,2,0,,,38a2f175,0.0,0,0,0,0
USA-Major League Soccer,2026,2026-08-01 Portland Timbers-Seattle Sounders,Portland Timbers,Kevin Kelsy,19,VEN,FW,22-005,87,1,0,0,0,5,1,1,0,2,1,0,0,0,0,0,,,38a2f175,0.0,5,1,1,0
USA-Major League Soccer,2026,2026-08-01 Portland Timbers-Seattle Sounders,Portland Timbers,Kristoffer Velde,99,NOR,LW,26-326,89,0,1,0,0,3,2,0,0,1,2,0,13,0,0,0,,,38a2f175,0.0,3,2,0,1
USA-Major League Soccer,2026,2026-08-01 Portland Timbers-Seattle Sounders,Portland Timbers,Omir Fernandez,22,USA,MF,27-174,1,0,0,0,0,0,0,0,0,0,0,0,0,0,0,0,,,38a2f175,0.0,0,0,0,0
USA-Major League Soccer,2026,2026-08-01 Portland Timbers-Seattle Sounders,Seattle Sounders,Albert Rusnák,11,SVK,AM,32-025,90,0,0,0,0,4,1,0,0,1,0,0,8,0,0,0,,,38a2f175,0.0,4,1,0,0
USA-Major League Soccer,2026,2026-08-01 Portland Timbers-Seattle Sounders,Seattle Sounders,Alex Roldan,16,SLV,"DF,MF",30-004,18,0,0,0,0,0,0,0,0,0,0,0,0,1,1,0,,,38a2f175,0.0,0,0,0,0
USA-Major League Soccer,2026,2026-08-01 Portland Timbers-Seattle Sounders,Seattle Sounders,Andrew Thomas,26,RUS,GK,27-334,90,0,0,0,0,0,0,0,0,0,1,0,0,0,0,0,,,38a2f175,0.0,0,0,0,0
USA-Major League Soccer,2026,2026-08-01 Portland Timbers-Seattle Sounders,Seattle Sounders,Antino Lopez,35,USA,DF,24-072,7,0,0,0,0,0,0,0,0,0,0,0,0,0,1,0,,,38a2f175,0.0,0,0,0,0
USA-Major League Soccer,2026,2026-08-01 Portland Timbers-Seattle Sounders,Seattle Sounders,Daniel Musovski,19,MKD,FW,30-244,18,0,0,0,0,0,0,0,0,0,0,0,0,0,0,0,,,38a2f175,0.0,0,0,0,0
USA-Major League Soccer,2026,2026-08-01 Portland Timbers-Seattle Sounders,Seattle Sounders,Jesús Ferreira,9,USA,AM,25-220,90,0,0,0,0,2,1,0,0,0,0,0,2,1,2,0,,,38a2f175,0.0,2,1,0,0
USA-Major League Soccer,2026,2026-08-01 Portland Timbers-Seattle Sounders,Seattle Sounders,Kalani Rienzi,85,USA,DF,24-035,77,1,0,0,0,1,1,0,0,0,0,0,1,1,1,0,,,38a2f175,0.0,1,1,1,0
USA-Major League Soccer,2026,2026-08-01 Portland Timbers-Seattle Sounders,Seattle Sounders,Kim Kee-hee,20,KOR,CB,37-019,72,0,0,0,0,0,0,0,0,1,0,0,0,2,0,0,,,38a2f175,0.0,0,0,0,0
USA-Major League Soccer,2026,2026-08-01 Portland Timbers-Seattle Sounders,Seattle Sounders,Nouhou Tolo,5,CMR,LB,29-039,90,0,0,0,0,3,1,0,0,2,1,0,5,2,1,0,,,38a2f175,0.0,3,1,0,0
USA-Major League Soccer,2026,2026-08-01 Portland Timbers-Seattle Sounders,Seattle Sounders,Osaze De Rosario,95,GUY,FW,25-013,72,0,0,0,0,1,0,0,0,1,2,1,0,0,0,0,,,38a2f175,0.0,1,0,0,0
USA-Major League Soccer,2026,2026-08-01 Portland Timbers-Seattle Sounders,Seattle Sounders,Paul Arriola,17,USA,RB,31-177,6,0,0,0,0,0,0,0,0,0,1,0,0,0,0,0,,,38a2f175,0.0,0,0,0,0
USA-Major League Soccer,2026,2026-08-01 Portland Timbers-Seattle Sounders,Seattle Sounders,Paul Rothrock,14,USA,AM,27-204,90,0,0,0,0,1,0,0,0,4,0,1,2,0,1,0,,,38a2f175,0.0,1,0,0,0
USA-Major League Soccer,2026,2026-08-01 Portland Timbers-Seattle Sounders,Seattle Sounders,Peter Kingston,45,USA,DM,25-018,45,0,0,0,0,0,0,1,0,2,0,0,0,1,1,0,,,38a2f175,0.0,0,0,0,0
USA-Major League Soccer,2026,2026-08-01 Portland Timbers-Seattle Sounders,Seattle Sounders,Sebastian Gomez,90,USA,MF,20-072,45,0,0,0,0,1,0,1,0,1,1,0,0,0,0,0,,,38a2f175,0.0,1,0,0,0
USA-Major League Soccer,2026,2026-08-01 Portland Timbers-Seattle Sounders,Seattle Sounders,Snyder Brunell,37,USA,DM,19-131,90,0,0,0,0,2,0,0,0,0,0,0,1,1,3,0,,,38a2f175,0.0,2,0,0,0
USA-Major League Soccer,2026,2026-08-01 Portland Timbers-Seattle Sounders,Seattle Sounders,Stuart Hawkins,39,USA,CB,19-317,90,0,0,0,0,1,0,0,0,0,0,0,0,0,0,0,,,38a2f175,0.0,1,0,0,0
USA-Major League Soccer,2026,2026-08-01 RB New York-Orlando City,Orlando City,Adrián Marín,3,ESP,LB,29-204,45,0,0,0,0,0,0,0,0,1,0,0,1,0,0,0,,,07d7f6e5,0.0,0,0,0,0
USA-Major League Soccer,2026,2026-08-01 RB New York-Orlando City,Orlando City,Antoine Griezmann,7,FRA,FW,35-133,90,0,1,0,0,4,0,0,0,0,2,1,3,0,2,0,,,07d7f6e5,0.0,4,0,0,1
USA-Major League Soccer,2026,2026-08-01 RB New York-Orlando City,Orlando City,Bernardo Rhein,44,BRA,FW,18-314,45,0,0,0,0,1,0,0,0,0,0,0,2,2,2,0,,,07d7f6e5,0.0,1,0,0,0
USA-Major League Soccer,2026,2026-08-01 RB New York-Orlando City,Orlando City,Braian Ojeda,8,PAR,CM,26-035,90,0,1,0,0,1,0,0,0,0,2,0,0,2,2,0,,,07d7f6e5,0.0,1,0,0,1
USA-Major League Soccer,2026,2026-08-01 RB New York-Orlando City,Orlando City,David Brekalo,4,SVN,CB,27-241,90,0,0,0,0,0,0,0,0,1,0,0,0,1,0,0,,,07d7f6e5,0.0,0,0,0,0
USA-Major League Soccer,2026,2026-08-01 RB New York-Orlando City,Orlando City,Eduard Atuesta,20,COL,CM,29-044,61,0,0,0,0,1,0,0,0,1,1,0,2,0,1,0,,,07d7f6e5,0.0,1,0,0,0
USA-Major League Soccer,2026,2026-08-01 RB New York-Orlando City,Orlando City,Griffin Dorsey,24,USA,RB,27-149,71,1,0,0,0,3,1,0,0,2,0,0,0,0,1,0,,,07d7f6e5,0.0,3,1,1,0
USA-Major League Soccer,2026,2026-08-01 RB New York-Orlando City,Orlando City,Harvey Sarajian,23,USA,FW,21-187,4,0,0,0,0,0,0,1,0,1,1,0,0,0,0,0,,,07d7f6e5,0.0,0,0,0,0
USA-Major League Soccer,2026,2026-08-01 RB New York-Orlando City,Orlando City,Iván Angulo,77,COL,RM,27-132,90,0,0,0,0,2,1,1,0,1,1,0,0,3,1,0,,,07d7f6e5,0.0,2,1,0,0
USA-Major League Soccer,2026,2026-08-01 RB New York-Orlando City,Orlando City,Justin Ellis,22,USA,FW,19-079,86,0,0,0,0,0,0,0,0,0,0,0,0,0,0,0,,,07d7f6e5,0.0,0,0,0,0
USA-Major League Soccer,2026,2026-08-01 RB New York-Orlando City,Orlando City,Luis Otávio,5,BRA,MF,19-111,29,0,0,0,0,1,0,0,0,0,0,0,0,1,2,0,,,07d7f6e5,0.0,1,0,0,0
USA-Major League Soccer,2026,2026-08-01 RB New York-Orlando City,Orlando City,Maxime Crépeau,71,CAN,GK,32-082,90,0,0,0,0,0,0,0,0,0,0,0,0,0,0,0,,,07d7f6e5,0.0,0,0,0,0
USA-Major League Soccer,2026,2026-08-01 RB New York-Orlando City,Orlando City,Robin Jansson,6,SWE,CB,34-259,90,0,0,0,0,1,1,0,0,1,1,1,0,0,1,0,,,07d7f6e5,0.0,1,1,0,0
USA-Major League Soccer,2026,2026-08-01 RB New York-Orlando City,Orlando City,Tiago,11,BRA,LM,21-115,45,0,0,0,0,0,0,0,0,1,1,0,1,0,1,0,,,07d7f6e5,0.0,0,0,0,0
USA-Major League Soccer,2026,2026-08-01 RB New York-Orlando City,Orlando City,Tyrese Spicer,14,TRI,MF,25-240,45,1,0,0,0,5,4,0,0,1,0,0,2,0,0,0,,,07d7f6e5,0.0,5,4,1,0
USA-Major League Soccer,2026,2026-08-01 RB New York-Orlando City,Orlando City,Zakaria Taifi,19,USA,MF,20-304,19,0,0,0,0,1,0,0,0,0,0,0,0,0,2,0,,,07d7f6e5,0.0,1,0,0,0
USA-Major League Soccer,2026,2026-08-01 RB New York-Orlando City,Red Bull New York,Cade Cowell,7,USA,FW,22-291,84,0,2,0,0,2,1,0,0,1,0,0,2,0,1,0,,,07d7f6e5,0.0,2,1,0,2
USA-Major League Soccer,2026,2026-08-01 RB New York-Orlando City,Red Bull New York,Cameron Harper,17,USA,"DF,MF",24-255,6,0,0,0,0,0,0,0,0,0,0,0,0,0,0,0,,,07d7f6e5,0.0,0,0,0,0
USA-Major League Soccer,2026,2026-08-01 RB New York-Orlando City,Red Bull New York,Dylan Nealis,12,USA,RB,28-002,74,0,0,0,0,0,0,1,0,1,3,0,0,0,0,0,,,07d7f6e5,0.0,0,0,0,0
USA-Major League Soccer,2026,2026-08-01 RB New York-Orlando City,Red Bull New York,Emil Forsberg,10,SWE,CM,34-282,84,1,0,0,0,2,1,0,0,0,1,1,4,1,0,0,,,07d7f6e5,0.0,2,1,1,0
USA-Major League Soccer,2026,2026-08-01 RB New York-Orlando City,Red Bull New York,Ethan Horvath,34,USA,GK,31-053,90,0,0,0,0,0,0,0,0,0,0,0,0,0,0,0,,,07d7f6e5,0.0,0,0,0,0
USA-Major League Soccer,2026,2026-08-01 RB New York-Orlando City,Red Bull New York,Gustav Berggren,4,SWE,CM,28-328,90,0,1,0,0,4,1,0,0,0,0,1,0,0,0,0,,,07d7f6e5,0.0,4,1,0,1
USA-Major League Soccer,2026,2026-08-01 RB New York-Orlando City,Red Bull New York,Jahkeele Marshall-Rutty,3,CAN,"DF,MF",22-046,16,0,0,0,0,0,0,1,0,0,0,0,0,2,0,0,,,07d7f6e5,0.0,0,0,0,0
USA-Major League Soccer,2026,2026-08-01 RB New York-Orlando City,Red Bull New York,Julian Hall,16,USA,FW,18-130,90,0,0,0,0,5,3,0,0,1,0,1,0,0,2,0,,,07d7f6e5,0.0,5,3,0,0
USA-Major League Soccer,2026,2026-08-01 RB New York-Orlando City,Red Bull New York,Julián Bazán,14,COL,CB,20-249,90,0,0,0,0,0,0,0,0,2,1,0,0,2,2,0,,,07d7f6e5,0.0,0,0,0,0
USA-Major League Soccer,2026,2026-08-01 RB New York-Orlando City,Red Bull New York,Justin Che,2,USA,CB,22-256,90,0,0,0,0,1,0,1,0,2,1,0,0,2,3,0,,,07d7f6e5,0.0,1,0,0,0
USA-Major League Soccer,2026,2026-08-01 RB New York-Orlando City,Red Bull New York,Matthew Dos Santos,56,USA,LB,18-057,74,0,0,0,0,0,0,0,0,1,0,0,2,0,2,0,,,07d7f6e5,0.0,0,0,0,0
USA-Major League Soccer,2026,2026-08-01 RB New York-Orlando City,Red Bull New York,Mijahir Jiménez,91,PAN,FW,19-126,69,2,0,0,0,4,2,0,0,1,0,0,0,0,1,0,,,07d7f6e5,0.0,4,2,2,0
USA-Major League Soccer,2026,2026-08-01 RB New York-Orlando City,Red Bull New York,Mohammed Sofo,37,GHA,MF,21-244,21,0,0,0,0,0,0,0,0,0,1,0,0,0,0,0,,,07d7f6e5,0.0,0,0,0,0
USA-Major League Soccer,2026,2026-08-01 RB New York-Orlando City,Red Bull New York,Nehuén Benedetti,39,ARG,MF,21-158,6,0,0,0,0,0,0,0,0,0,0,0,0,0,0,0,,,07d7f6e5,0.0,0,0,0,0
USA-Major League Soccer,2026,2026-08-01 RB New York-Orlando City,Red Bull New York,Ronald Donkor,48,GHA,CM,21-254,90,0,0,0,0,0,0,0,0,1,2,0,0,0,2,0,,,07d7f6e5,0.0,0,0,0,0
USA-Major League Soccer,2026,2026-08-01 RB New York-Orlando City,Red Bull New York,Tim Parker,26,USA,DF,33-159,16,0,0,0,0,0,0,0,0,0,0,0,0,0,0,0,,,07d7f6e5,0.0,0,0,0,0
USA-Major League Soccer,2026,2026-08-01 Sporting KC-Houston,Houston Dynamo,Agustín Bouzat,30,ARG,AM,32-126,81,1,0,0,0,1,1,0,0,2,0,1,1,0,2,0,,,4bf79ff4,0.0,1,1,1,0
USA-Major League Soccer,2026,2026-08-01 Sporting KC-Houston,Houston Dynamo,Agustín Resch,34,ARG,CB,24-154,90,0,0,0,0,2,0,0,0,1,2,0,0,1,1,0,,,4bf79ff4,0.0,2,0,0,0
USA-Major League Soccer,2026,2026-08-01 Sporting KC-Houston,Houston Dynamo,Artur,6,BRA,DM,30-143,90,0,0,0,0,1,1,0,0,0,2,0,0,0,2,0,,,4bf79ff4,0.0,1,1,0,0
USA-Major League Soccer,2026,2026-08-01 Sporting KC-Houston,Houston Dynamo,Diadie Samassékou,18,MLI,MF,30-202,1,0,0,0,0,0,0,0,0,0,0,0,0,0,0,0,,,4bf79ff4,0.0,0,0,0,0
USA-Major League Soccer,2026,2026-08-01 Sporting KC-Houston,Houston Dynamo,Duane Holmes,14,USA,"FW,MF",31-268,9,0,0,0,0,0,0,0,0,0,0,0,0,0,0,0,,,4bf79ff4,0.0,0,0,0,0
USA-Major League Soccer,2026,2026-08-01 Sporting KC-Houston,Houston Dynamo,Duncan McGuire,23,USA,FW,25-177,26,0,0,0,0,0,0,0,0,0,0,0,0,0,0,0,,,4bf79ff4,0.0,0,0,0,0
USA-Major League Soccer,2026,2026-08-01 Sporting KC-Houston,Houston Dynamo,Ezequiel Ponce,10,ARG,FW,29-125,64,0,0,0,0,2,0,0,0,0,0,0,0,0,0,0,,,4bf79ff4,0.0,2,0,0,0
USA-Major League Soccer,2026,2026-08-01 Sporting KC-Houston,Houston Dynamo,Felipe Andrade,36,BRA,LB,24-064,81,0,0,0,0,2,0,0,0,2,0,0,0,1,1,0,,,4bf79ff4,0.0,2,0,0,0
USA-Major League Soccer,2026,2026-08-01 Sporting KC-Houston,Houston Dynamo,Franco Negri,21,ARG,"DF,MF",31-162,9,0,0,0,0,0,0,0,0,0,0,0,0,0,0,0,,,4bf79ff4,0.0,0,0,0,0
USA-Major League Soccer,2026,2026-08-01 Sporting KC-Houston,Houston Dynamo,Guilherme,20,BRA,AM,31-110,89,1,0,0,0,1,1,0,0,1,3,0,5,1,1,0,,,4bf79ff4,0.0,1,1,1,0
USA-Major League Soccer,2026,2026-08-01 Sporting KC-Houston,Houston Dynamo,Héctor Herrera,16,MEX,DM,36-104,89,0,0,0,0,2,1,0,0,2,2,0,1,2,1,0,,,4bf79ff4,0.0,2,1,0,0
USA-Major League Soccer,2026,2026-08-01 Sporting KC-Houston,Houston Dynamo,Jack McGlynn,8,USA,AM,23-025,90,0,1,0,0,1,0,0,0,0,0,0,3,0,0,0,,,4bf79ff4,0.0,1,0,0,1
USA-Major League Soccer,2026,2026-08-01 Sporting KC-Houston,Houston Dynamo,Jonathan Bond,31,ENG,GK,33-074,90,0,0,0,0,0,0,0,0,0,0,0,0,0,0,0,,,4bf79ff4,0.0,0,0,0,0
USA-Major League Soccer,2026,2026-08-01 Sporting KC-Houston,Houston Dynamo,Lawrence Ennali,11,GER,RB,24-147,90,0,0,0,0,1,0,0,0,2,0,0,2,1,3,0,,,4bf79ff4,0.0,1,0,0,0
USA-Major League Soccer,2026,2026-08-01 Sporting KC-Houston,Houston Dynamo,Lucas Halter,5,BRA,CB,26-091,90,0,0,0,0,1,0,1,0,2,1,0,0,0,0,0,,,4bf79ff4,0.0,1,0,0,0
USA-Major League Soccer,2026,2026-08-01 Sporting KC-Houston,Houston Dynamo,Ondřej Lingr,9,CZE,"FW,MF",27-298,1,0,0,0,0,0,0,0,0,0,0,0,0,0,0,0,,,4bf79ff4,0.0,0,0,0,0
USA-Major League Soccer,2026,2026-08-01 Sporting KC-Houston,Sporting Kansas City,Calvin Harris,11,ENG,AM,26-134,90,0,0,0,0,1,0,0,0,0,2,0,3,1,1,0,,,4bf79ff4,0.0,1,0,0,0
USA-Major League Soccer,2026,2026-08-01 Sporting KC-Houston,Sporting Kansas City,Capita,7,ANG,AM,24-203,81,0,0,0,0,1,1,0,0,1,2,0,0,0,1,0,,,4bf79ff4,0.0,1,1,0,0
USA-Major League Soccer,2026,2026-08-01 Sporting KC-Houston,Sporting Kansas City,Dejan Joveljić,9,SRB,FW,26-359,90,0,0,0,0,1,1,0,0,2,3,0,0,0,1,0,,,4bf79ff4,0.0,1,1,0,0
USA-Major League Soccer,2026,2026-08-01 Sporting KC-Houston,Sporting Kansas City,Emir Karic,18,BIH,LB,29-053,90,0,0,0,0,1,0,0,0,0,0,0,4,1,1,0,,,4bf79ff4,0.0,1,0,0,0
USA-Major League Soccer,2026,2026-08-01 Sporting KC-Houston,Sporting Kansas City,Jacob Bartlett,16,USA,MF,20-298,6,0,0,0,0,0,0,0,0,0,0,0,1,0,1,0,,,4bf79ff4,0.0,0,0,0,0
USA-Major League Soccer,2026,2026-08-01 Sporting KC-Houston,Sporting Kansas City,Jake Davis,8,USA,RB,24-210,64,0,0,0,0,0,0,0,0,1,0,0,1,0,4,0,,,4bf79ff4,0.0,0,0,0,0
USA-Major League Soccer,2026,2026-08-01 Sporting KC-Houston,Sporting Kansas City,Jayden Reid,99,USA,DF,24-336,26,0,0,0,0,1,1,0,0,0,1,0,0,0,0,0,,,4bf79ff4,0.0,1,1,0,0
USA-Major League Soccer,2026,2026-08-01 Sporting KC-Houston,Sporting Kansas City,Kwaku Agyabeng,20,GHA,AM,20-035,64,0,0,0,0,0,0,0,0,1,1,0,0,0,0,0,,,4bf79ff4,0.0,0,0,0,0
USA-Major League Soccer,2026,2026-08-01 Sporting KC-Houston,Sporting Kansas City,Lasse Berg Johnsen,4,NOR,DM,26-348,44,0,0,0,0,0,0,2,1,2,0,0,0,0,2,0,,,4bf79ff4,0.0,0,0,0,0
USA-Major League Soccer,2026,2026-08-01 Sporting KC-Houston,Sporting Kansas City,Magomed-Shapi Suleymanov,93,RUS,"FW,MF",26-228,9,0,0,0,0,1,1,0,0,0,0,0,0,0,0,0,,,4bf79ff4,0.0,1,1,0,0
USA-Major League Soccer,2026,2026-08-01 Sporting KC-Houston,Sporting Kansas City,Manu García,6,ESP,"FW,MF",28-211,26,0,0,0,0,0,0,0,0,0,0,0,0,0,0,0,,,4bf79ff4,0.0,0,0,0,0
USA-Major League Soccer,2026,2026-08-01 Sporting KC-Houston,Sporting Kansas City,Moises Mosquera,3,COL,CB,25-069,64,0,0,0,0,0,0,0,0,1,0,0,0,1,2,0,,,4bf79ff4,0.0,0,0,0,0
USA-Major League Soccer,2026,2026-08-01 Sporting KC-Houston,Sporting Kansas City,Or Blorian,5,ISR,CB,26-147,90,0,0,0,0,0,0,0,0,1,1,0,0,1,0,0,,,4bf79ff4,0.0,0,0,0,0
USA-Major League Soccer,2026,2026-08-01 Sporting KC-Houston,Sporting Kansas City,Stefan Cleveland,30,USA,GK,32-068,90,0,0,0,0,0,0,0,0,0,0,0,0,0,0,0,,,4bf79ff4,0.0,0,0,0,0
USA-Major League Soccer,2026,2026-08-01 Sporting KC-Houston,Sporting Kansas City,Wyatt Meyer,28,USA,DF,25-202,26,0,0,0,0,0,0,0,0,0,0,0,0,2,1,0,,,4bf79ff4,0.0,0,0,0,0
USA-Major League Soccer,2026,2026-08-01 Sporting KC-Houston,Sporting Kansas City,Zorhan Bassong,22,CAN,DM,27-086,84,0,0,0,0,0,0,0,0,1,1,0,0,0,0,0,,,4bf79ff4,0.0,0,0,0,0
USA-Major League Soccer,2026,2026-08-01 St. Louis City-Real Salt Lake,Real Salt Lake,Aiden Hezarkhani,39,USA,FW,19-034,1,0,0,0,0,0,0,0,0,0,0,0,0,0,0,0,,,d1fa955b,0.0,0,0,0,0
USA-Major League Soccer,2026,2026-08-01 St. Louis City-Real Salt Lake,Real Salt Lake,DeAndre Yedlin,2,USA,CB,33-023,90,0,0,0,0,1,0,1,0,1,0,0,1,0,2,0,,,d1fa955b,0.0,1,0,0,0
USA-Major League Soccer,2026,2026-08-01 St. Louis City-Real Salt Lake,Real Salt Lake,Diego Luna,10,USA,AM,22-328,77,0,0,0,0,0,0,0,0,1,1,0,2,0,1,0,,,d1fa955b,0.0,0,0,0,0
USA-Major League Soccer,2026,2026-08-01 St. Louis City-Real Salt Lake,Real Salt Lake,Dominik Marczuk,11,POL,MF,22-273,1,0,0,0,0,0,0,0,0,0,0,0,0,0,1,0,,,d1fa955b,0.0,0,0,0,0
USA-Major League Soccer,2026,2026-08-01 St. Louis City-Real Salt Lake,Real Salt Lake,Griffin Dillon,27,USA,DM,23-098,44,0,0,0,0,0,0,0,0,0,0,0,0,1,1,0,,,d1fa955b,0.0,0,0,0,0
USA-Major League Soccer,2026,2026-08-01 St. Louis City-Real Salt Lake,Real Salt Lake,Juan Manuel Sanabria,8,URU,DM,26-125,90,0,0,0,0,0,0,0,0,1,0,0,2,1,1,0,,,d1fa955b,0.0,0,0,0,0
USA-Major League Soccer,2026,2026-08-01 St. Louis City-Real Salt Lake,Real Salt Lake,Lineker Rodrigues dos Santos,70,BRA,FW,24-142,45,0,0,0,0,0,0,0,0,1,2,0,0,1,0,0,,,d1fa955b,0.0,0,0,0,0
USA-Major League Soccer,2026,2026-08-01 St. Louis City-Real Salt Lake,Real Salt Lake,Noel Caliskan,92,GER,DM,25-337,90,0,0,0,0,0,0,0,0,1,3,0,0,0,1,0,,,d1fa955b,0.0,0,0,0,0
USA-Major League Soccer,2026,2026-08-01 St. Louis City-Real Salt Lake,Real Salt Lake,Philip Quinton,26,USA,CB,26-258,90,0,0,0,0,0,0,1,0,1,0,0,0,0,0,0,,,d1fa955b,0.0,0,0,0,0
USA-Major League Soccer,2026,2026-08-01 St. Louis City-Real Salt Lake,Real Salt Lake,Rafael Cabral,1,BRA,GK,36-073,90,0,0,0,0,0,0,0,0,0,0,0,0,0,0,0,,,d1fa955b,0.0,0,0,0,0
USA-Major League Soccer,2026,2026-08-01 St. Louis City-Real Salt Lake,Real Salt Lake,Saba Lobzhanidze,12,GEO,"FW,MF",31-226,45,0,1,0,0,2,1,0,0,0,0,0,4,0,0,0,,,d1fa955b,0.0,2,1,0,1
USA-Major League Soccer,2026,2026-08-01 St. Louis City-Real Salt Lake,Real Salt Lake,Sam Junqua,29,USA,CB,29-265,90,0,0,0,0,1,1,0,0,1,2,0,0,1,1,0,,,d1fa955b,0.0,1,1,0,0
USA-Major League Soccer,2026,2026-08-01 St. Louis City-Real Salt Lake,Real Salt Lake,Sergi Solans,22,ESP,FW,23-156,89,1,0,0,0,1,1,0,0,1,1,0,0,1,0,0,,,d1fa955b,0.0,1,1,1,0
USA-Major League Soccer,2026,2026-08-01 St. Louis City-Real Salt Lake,Real Salt Lake,Stijn Spierings,6,NED,MF,30-142,46,0,0,0,0,2,0,0,0,0,0,0,1,1,0,0,,,d1fa955b,0.0,2,0,0,0
USA-Major League Soccer,2026,2026-08-01 St. Louis City-Real Salt Lake,Real Salt Lake,Victor Olatunji,17,NGA,FW,26-330,13,0,0,0,0,1,0,0,0,0,0,0,0,0,0,0,,,d1fa955b,0.0,1,0,0,0
USA-Major League Soccer,2026,2026-08-01 St. Louis City-Real Salt Lake,Real Salt Lake,Zach Booth,23,USA,DM,22-165,89,0,0,0,0,1,0,1,0,2,1,1,2,0,1,0,,,d1fa955b,0.0,1,0,0,0
USA-Major League Soccer,2026,2026-08-01 St. Louis City-Real Salt Lake,St. Louis City,Alexandru Mățan,23,ROU,"FW,MF",26-337,26,0,0,0,0,2,0,0,0,0,0,0,3,0,0,0,,,d1fa955b,0.0,2,0,0,0
USA-Major League Soccer,2026,2026-08-01 St. Louis City-Real Salt Lake,St. Louis City,Chris Durkin,8,USA,DM,26-174,64,0,0,0,0,2,0,1,0,4,0,0,0,2,1,0,,,d1fa955b,0.0,2,0,0,0
USA-Major League Soccer,2026,2026-08-01 St. Louis City-Real Salt Lake,St. Louis City,Conrad Wallem,6,NOR,DM,26-053,90,0,0,0,0,4,1,0,0,0,2,1,4,0,1,0,,,d1fa955b,0.0,4,1,0,0
USA-Major League Soccer,2026,2026-08-01 St. Louis City-Real Salt Lake,St. Louis City,Daniel Edelman,24,USA,DM,23-095,90,0,0,0,0,0,0,0,0,2,0,0,2,1,0,0,,,d1fa955b,0.0,0,0,0,0
USA-Major League Soccer,2026,2026-08-01 St. Louis City-Real Salt Lake,St. Louis City,Dante Polvara,21,USA,CB,26-041,90,0,0,0,0,0,0,0,0,1,0,0,0,2,0,0,,,d1fa955b,0.0,0,0,0,0
USA-Major League Soccer,2026,2026-08-01 St. Louis City-Real Salt Lake,St. Louis City,Eduard Löwen,10,GER,AM,29-185,64,0,0,0,0,2,0,1,0,1,0,0,4,0,0,0,,,d1fa955b,0.0,2,0,0,0
USA-Major League Soccer,2026,2026-08-01 St. Louis City-Real Salt Lake,St. Louis City,Jeong Sangbin,77,KOR,AM,24-122,83,0,0,0,0,0,0,1,0,3,0,1,0,0,0,0,,,d1fa955b,0.0,0,0,0,0
USA-Major League Soccer,2026,2026-08-01 St. Louis City-Real Salt Lake,St. Louis City,Lukas MacNaughton,5,CAN,CB,31-146,90,0,0,0,0,0,0,0,0,1,1,0,1,2,3,0,,,d1fa955b,0.0,0,0,0,0
USA-Major League Soccer,2026,2026-08-01 St. Louis City-Real Salt Lake,St. Louis City,Marcel Hartel,17,GER,"FW,MF",30-194,26,1,0,0,0,7,3,0,0,0,0,0,11,0,1,0,,,d1fa955b,0.0,7,3,1,0
USA-Major League Soccer,2026,2026-08-01 St. Louis City-Real Salt Lake,St. Louis City,Palmer Ault,29,USA,FW,22-104,1,0,0,0,0,0,0,0,0,0,0,0,0,0,0,0,,,d1fa955b,0.0,0,0,0,0
USA-Major League Soccer,2026,2026-08-01 St. Louis City-Real Salt Lake,St. Louis City,Roman Bürki,1,SUI,GK,35-260,90,0,0,0,0,0,0,0,0,0,0,0,0,0,0,0,,,d1fa955b,0.0,0,0,0,0
USA-Major League Soccer,2026,2026-08-01 St. Louis City-Real Salt Lake,St. Louis City,Simon Becher,11,USA,FW,27-012,89,0,0,0,0,3,0,0,0,0,3,0,0,0,0,0,,,d1fa955b,0.0,3,0,0,0
USA-Major League Soccer,2026,2026-08-01 St. Louis City-Real Salt Lake,St. Louis City,Timo Baumgartl,32,GER,CB,30-150,90,0,0,0,0,0,0,0,0,0,3,0,1,2,1,0,,,d1fa955b,0.0,0,0,0,0
USA-Major League Soccer,2026,2026-08-01 St. Louis City-Real Salt Lake,St. Louis City,Tomas Totland,14,NOR,DM,26-307,90,0,0,0,0,0,0,0,0,0,1,0,4,0,0,0,,,d1fa955b,0.0,0,0,0,0
USA-Major League Soccer,2026,2026-08-01 St. Louis City-Real Salt Lake,St. Louis City,Tomáš Ostrák,7,CZE,MF,26-177,7,0,0,0,0,0,0,0,0,0,0,0,1,0,0,0,,,d1fa955b,0.0,0,0,0,0
USA-Major League Soccer,2026,2026-08-01 Vancouver-LAFC,Los Angeles FC,Aaron Long,33,USA,CB,33-293,90,0,0,0,0,0,0,0,0,0,1,0,0,2,1,0,,,0a75ab41,0.0,0,0,0,0
USA-Major League Soccer,2026,2026-08-01 Vancouver-LAFC,Los Angeles FC,David Martínez,30,VEN,FW,20-175,20,0,0,0,0,0,0,0,0,0,0,0,0,0,0,0,,,0a75ab41,0.0,0,0,0,0
USA-Major League Soccer,2026,2026-08-01 Vancouver-LAFC,Los Angeles FC,Denis Bouanga,99,GAB,FW,31-263,90,0,1,0,0,0,0,0,0,0,0,1,0,0,0,0,,,0a75ab41,0.0,0,0,0,1
USA-Major League Soccer,2026,2026-08-01 Vancouver-LAFC,Los Angeles FC,Eddie Segura,4,COL,CM,29-180,90,0,0,0,0,1,0,0,0,2,0,0,0,2,1,0,,,0a75ab41,0.0,1,0,0,0
USA-Major League Soccer,2026,2026-08-01 Vancouver-LAFC,Los Angeles FC,Hugo Lloris,1,FRA,GK,39-218,90,0,0,0,0,0,0,0,0,0,1,0,0,0,0,0,,,0a75ab41,0.0,0,0,0,0
USA-Major League Soccer,2026,2026-08-01 Vancouver-LAFC,Los Angeles FC,Jacob Shaffelburg,18,CAN,FW,26-248,70,0,0,0,0,0,0,0,0,2,2,1,1,0,1,0,,,0a75ab41,0.0,0,0,0,0
USA-Major League Soccer,2026,2026-08-01 Vancouver-LAFC,Los Angeles FC,Marky Delgado,8,USA,MF,31-077,19,0,0,0,0,0,0,0,0,1,1,0,0,1,0,0,,,0a75ab41,0.0,0,0,0,0
USA-Major League Soccer,2026,2026-08-01 Vancouver-LAFC,Los Angeles FC,Mathieu Choinière,66,CAN,CM,27-175,90,0,0,0,0,1,0,0,0,2,2,0,1,0,2,0,,,0a75ab41,0.0,1,0,0,0
USA-Major League Soccer,2026,2026-08-01 Vancouver-LAFC,Los Angeles FC,Ryan Hollingshead,24,USA,RB,35-107,90,0,0,0,0,0,0,1,0,1,2,0,1,3,1,0,,,0a75ab41,0.0,0,0,0,0
USA-Major League Soccer,2026,2026-08-01 Vancouver-LAFC,Los Angeles FC,Ryan Porteous,5,SCO,CB,27-129,90,0,0,0,0,0,0,0,0,0,0,0,0,1,0,0,,,0a75ab41,0.0,0,0,0,0
USA-Major League Soccer,2026,2026-08-01 Vancouver-LAFC,Los Angeles FC,Son Heung-min,7,KOR,FW,34-024,90,1,0,0,0,3,1,0,0,0,3,1,0,0,0,0,,,0a75ab41,0.0,3,1,1,0
USA-Major League Soccer,2026,2026-08-01 Vancouver-LAFC,Los Angeles FC,Timothy Tillman,11,USA,CM,27-209,71,0,0,0,0,0,0,0,0,0,1,0,0,1,1,0,,,0a75ab41,0.0,0,0,0,0
USA-Major League Soccer,2026,2026-08-01 Vancouver-LAFC,Los Angeles FC,Yevhen Cheberko,23,UKR,LB,28-190,90,0,0,0,0,0,0,0,0,2,1,0,0,3,3,0,,,0a75ab41,0.0,0,0,0,0
USA-Major League Soccer,2026,2026-08-01 Vancouver-LAFC,Vancouver Whitecaps,Andrés Cubas,20,PAR,DM,30-071,71,0,0,0,0,1,1,0,0,0,0,0,0,3,1,0,,,0a75ab41,0.0,1,1,0,0
USA-Major League Soccer,2026,2026-08-01 Vancouver-LAFC,Vancouver Whitecaps,Brian White,24,USA,FW,30-179,90,0,0,0,0,3,3,0,0,1,0,1,1,1,1,0,,,0a75ab41,0.0,3,3,0,0
USA-Major League Soccer,2026,2026-08-01 Vancouver-LAFC,Vancouver Whitecaps,Cheikh Tidiane Sabaly,7,SEN,"FW,MF",27-150,19,0,0,0,0,1,0,0,0,1,0,0,0,2,1,0,,,0a75ab41,0.0,1,0,0,0
USA-Major League Soccer,2026,2026-08-01 Vancouver-LAFC,Vancouver Whitecaps,Emmanuel Sabbi,11,USA,"FW,MF",28-220,19,0,0,0,0,1,0,0,0,1,0,0,1,0,0,0,,,0a75ab41,0.0,1,0,0,0
USA-Major League Soccer,2026,2026-08-01 Vancouver-LAFC,Vancouver Whitecaps,Jeevan Badwal,59,CAN,AM,20-143,81,0,0,0,0,1,0,0,0,2,1,1,1,0,1,0,,,0a75ab41,0.0,1,0,0,0
USA-Major League Soccer,2026,2026-08-01 Vancouver-LAFC,Vancouver Whitecaps,Mathías Laborda,2,URU,CB,26-320,90,0,0,0,0,3,0,0,0,1,1,0,0,0,1,0,,,0a75ab41,0.0,3,0,0,0
USA-Major League Soccer,2026,2026-08-01 Vancouver-LAFC,Vancouver Whitecaps,Oliver Larraz,8,USA,DM,24-319,90,0,0,0,0,0,0,0,0,2,3,0,6,2,1,0,,,0a75ab41,0.0,0,0,0,0
USA-Major League Soccer,2026,2026-08-01 Vancouver-LAFC,Vancouver Whitecaps,Ralph Priso-Mbongue,6,CAN,MF,23-364,9,0,0,0,0,0,0,0,0,0,0,0,1,0,0,0,,,0a75ab41,0.0,0,0,0,0
USA-Major League Soccer,2026,2026-08-01 Vancouver-LAFC,Vancouver Whitecaps,Ryan Gauld,25,SCO,AM,30-228,71,0,0,0,0,3,0,1,0,3,0,0,12,1,0,0,,,0a75ab41,0.0,3,0,0,0
USA-Major League Soccer,2026,2026-08-01 Vancouver-LAFC,Vancouver Whitecaps,Tate Johnson,28,USA,LB,21-022,90,0,0,0,0,1,0,0,0,2,1,0,3,0,1,0,,,0a75ab41,0.0,1,0,0,0
USA-Major League Soccer,2026,2026-08-01 Vancouver-LAFC,Vancouver Whitecaps,Thomas Müller,13,GER,AM,36-322,90,1,0,1,1,4,1,0,0,0,1,0,1,0,1,0,,,0a75ab41,0.0,4,1,1,0
USA-Major League Soccer,2026,2026-08-01 Vancouver-LAFC,Vancouver Whitecaps,Tristan Blackmon,33,USA,CB,29-354,90,0,0,0,0,0,0,0,0,1,1,0,1,0,0,0,,,0a75ab41,0.0,0,0,0,0
USA-Major League Soccer,2026,2026-08-01 Vancouver-LAFC,Vancouver Whitecaps,Yohei Takaoka,1,JPN,GK,30-138,90,0,0,0,0,0,0,0,0,0,0,0,0,0,0,0,,,0a75ab41,0.0,0,0,0,0
USA-Major League Soccer,2026,2026-08-01 Vancouver-LAFC,Vancouver Whitecaps,Édier Ocampo,18,COL,RB,22-302,90,0,0,0,0,2,0,0,0,0,2,0,8,3,3,0,,,0a75ab41,0.0,2,0,0,0
USA-Major League Soccer,2026,2026-08-08 NE Revolution-Houston,Houston Dynamo,Agustín Bouzat,30,ARG,"FW,MF",32-133,19,0,0,0,0,0,0,0,0,0,1,0,0,0,0,0,,,197ddddb,0.0,0,0,0,0
USA-Major League Soccer,2026,2026-08-08 NE Revolution-Houston,Houston Dynamo,Agustín Resch,34,ARG,CB,24-161,90,1,0,0,0,1,1,0,0,0,1,0,0,2,2,0,,,197ddddb,0.0,1,1,1,0
USA-Major League Soccer,2026,2026-08-08 NE Revolution-Houston,Houston Dynamo,Aliyu Ibrahim,24,NGA,"FW,MF",24-204,10,0,0,0,0,0,0,0,0,1,0,0,0,1,0,0,,,197ddddb,0.0,0,0,0,0
USA-Major League Soccer,2026,2026-08-08 NE Revolution-Houston,Houston Dynamo,Artur,6,BRA,DM,30-150,90,0,0,0,0,1,0,0,0,0,1,0,0,1,3,0,,,197ddddb,0.0,1,0,0,0
USA-Major League Soccer,2026,2026-08-08 NE Revolution-Houston,Houston Dynamo,Diadie Samassékou,18,MLI,MF,30-209,2,0,0,0,0,0,0,0,0,0,0,0,0,0,0,0,,,197ddddb,0.0,0,0,0,0
USA-Major League Soccer,2026,2026-08-08 NE Revolution-Houston,Houston Dynamo,Duncan McGuire,23,USA,FW,25-184,10,0,0,0,0,0,0,0,0,1,1,0,0,0,0,0,,,197ddddb,0.0,0,0,0,0
USA-Major League Soccer,2026,2026-08-08 NE Revolution-Houston,Houston Dynamo,Ezequiel Ponce,10,ARG,FW,29-132,80,0,0,0,0,2,0,0,0,3,0,0,0,2,0,0,,,197ddddb,0.0,2,0,0,0
USA-Major League Soccer,2026,2026-08-08 NE Revolution-Houston,Houston Dynamo,Felipe Andrade,36,BRA,RB,24-071,90,0,0,0,0,1,0,0,0,0,0,0,1,1,2,0,,,197ddddb,0.0,1,0,0,0
USA-Major League Soccer,2026,2026-08-08 NE Revolution-Houston,Houston Dynamo,Guilherme,20,BRA,AM,31-117,88,1,0,0,0,5,3,0,0,0,0,0,1,0,1,0,,,197ddddb,0.0,5,3,1,0
USA-Major League Soccer,2026,2026-08-08 NE Revolution-Houston,Houston Dynamo,Héctor Herrera,16,MEX,DM,36-111,88,0,0,0,0,1,1,0,0,1,2,0,0,0,0,0,,,197ddddb,0.0,1,1,0,0
USA-Major League Soccer,2026,2026-08-08 NE Revolution-Houston,Houston Dynamo,Jack McGlynn,8,USA,AM,23-032,71,0,1,0,0,0,0,0,0,0,1,0,4,0,0,0,,,197ddddb,0.0,0,0,0,1
USA-Major League Soccer,2026,2026-08-08 NE Revolution-Houston,Houston Dynamo,Jonathan Bond,31,ENG,GK,33-081,90,0,0,0,0,0,0,0,0,0,0,0,0,0,0,0,,,197ddddb,0.0,0,0,0,0
USA-Major League Soccer,2026,2026-08-08 NE Revolution-Houston,Houston Dynamo,Lawrence Ennali,11,GER,LB,24-154,90,0,0,0,0,0,0,1,0,1,0,0,0,0,1,0,,,197ddddb,0.0,0,0,0,0
USA-Major League Soccer,2026,2026-08-08 NE Revolution-Houston,Houston Dynamo,Lucas Halter,5,BRA,CB,26-098,90,0,0,0,0,0,0,0,0,1,1,0,0,1,1,0,,,197ddddb,0.0,0,0,0,0
USA-Major League Soccer,2026,2026-08-08 NE Revolution-Houston,Houston Dynamo,Mateusz Bogusz,19,POL,AM,24-351,80,0,0,0,0,2,2,0,0,2,2,1,0,0,0,0,,,197ddddb,0.0,2,2,0,0
USA-Major League Soccer,2026,2026-08-08 NE Revolution-Houston,Houston Dynamo,Ondřej Lingr,9,CZE,"FW,MF",27-305,2,0,0,0,0,0,0,0,0,0,0,0,0,0,0,0,,,197ddddb,0.0,0,0,0,0
USA-Major League Soccer,2026,2026-08-08 NE Revolution-Houston,New England Revolution,Alhassan Yusuf,80,NGA,CM,26-021,78,0,0,0,0,0,0,0,0,2,1,0,0,1,1,0,,,197ddddb,0.0,0,0,0,0
USA-Major League Soccer,2026,2026-08-08 NE Revolution-Houston,New England Revolution,Brooklyn Raines,21,USA,CM,21-150,90,0,0,0,0,1,0,0,0,2,3,0,1,2,0,0,,,197ddddb,0.0,1,0,0,0
USA-Major League Soccer,2026,2026-08-08 NE Revolution-Houston,New England Revolution,Carles Gil,10,ESP,CM,33-259,90,0,0,0,0,2,0,0,0,0,1,0,9,0,0,0,,,197ddddb,0.0,2,0,0,0
USA-Major League Soccer,2026,2026-08-08 NE Revolution-Houston,New England Revolution,Cody Baker,15,USA,DF,22-213,37,0,0,0,0,0,0,0,0,1,1,0,1,0,0,0,,,197ddddb,0.0,0,0,0,0
USA-Major League Soccer,2026,2026-08-08 NE Revolution-Houston,New England Revolution,Diego Fagúndez,77,URU,"FW,MF",31-175,12,0,0,0,0,0,0,0,0,1,0,0,0,0,0,0,,,197ddddb,0.0,0,0,0,0
USA-Major League Soccer,2026,2026-08-08 NE Revolution-Houston,New England Revolution,Dor Turgeman,99,ISR,FW,22-288,90,0,0,0,0,2,0,0,0,1,1,0,1,0,0,0,,,197ddddb,0.0,2,0,0,0
USA-Major League Soccer,2026,2026-08-08 NE Revolution-Houston,New England Revolution,Ethan Kohler,22,USA,CB,21-080,90,0,0,0,0,0,0,0,0,1,0,0,0,1,0,0,,,197ddddb,0.0,0,0,0,0
USA-Major League Soccer,2026,2026-08-08 NE Revolution-Houston,New England Revolution,Griffin Yow,7,USA,MF,23-317,12,0,0,0,0,0,0,0,0,0,0,0,1,1,0,0,,,197ddddb,0.0,0,0,0,0
USA-Major League Soccer,2026,2026-08-08 NE Revolution-Houston,New England Revolution,Jack Harrison,11,ENG,"FW,MF",29-261,37,0,0,0,0,2,0,0,0,0,1,0,5,2,0,0,,,197ddddb,0.0,2,0,0,0
USA-Major League Soccer,2026,2026-08-08 NE Revolution-Houston,New England Revolution,Mamadou Fofana,2,MLI,CB,28-199,90,0,0,0,0,0,0,0,0,0,1,0,0,1,3,0,,,197ddddb,0.0,0,0,0,0
USA-Major League Soccer,2026,2026-08-08 NE Revolution-Houston,New England Revolution,Marcos Zambrano,17,USA,FW,21-200,53,0,0,0,0,0,0,0,0,0,0,0,0,0,0,0,,,197ddddb,0.0,0,0,0,0
USA-Major League Soccer,2026,2026-08-08 NE Revolution-Houston,New England Revolution,Matt Polster,8,USA,RB,33-061,53,0,0,0,0,0,0,0,0,0,0,0,0,1,0,0,,,197ddddb,0.0,0,0,0,0
USA-Major League Soccer,2026,2026-08-08 NE Revolution-Houston,New England Revolution,Matt Turner,30,USA,GK,32-045,90,0,0,0,0,0,0,0,0,0,0,0,0,0,0,0,,,197ddddb,0.0,0,0,0,0
USA-Major League Soccer,2026,2026-08-08 NE Revolution-Houston,New England Revolution,Peyton Miller,25,USA,FW,18-273,78,0,0,0,0,2,2,0,0,1,1,0,4,0,1,0,,,197ddddb,0.0,2,2,0,0
USA-Major League Soccer,2026,2026-08-08 NE Revolution-Houston,New England Revolution,William Sands,23,USA,LB,26-033,86,0,0,0,0,0,0,0,0,1,0,0,2,0,0,0,,,197ddddb,0.0,0,0,0,0
USA-Major League Soccer,2026,2026-08-08 NE Revolution-Houston,New England Revolution,Wilson Harris,27,USA,FW,26-253,4,0,0,0,0,0,0,0,0,0,0,0,0,0,0,0,,,197ddddb,0.0,0,0,0,0
USA-Major League Soccer,2026,2026-08-15 Atlanta Utd-RB New York,Atlanta United,Adrian Gill,16,USA,DM,20-224,90,0,0,0,0,0,0,0,0,0,1,0,0,2,2,0,,,2b5e2a03,0.0,0,0,0,0
USA-Major League Soccer,2026,2026-08-15 Atlanta Utd-RB New York,Atlanta United,Aleksei Miranchuk,59,RUS,RW,30-302,90,0,1,0,0,3,1,0,0,1,1,0,2,0,3,0,,,2b5e2a03,0.0,3,1,0,1
USA-Major League Soccer,2026,2026-08-15 Atlanta Utd-RB New York,Atlanta United,Cooper Sanchez,48,USA,AM,18-142,79,0,0,0,0,1,0,0,0,1,1,0,1,0,1,0,,,2b5e2a03,0.0,1,0,0,0
USA-Major League Soccer,2026,2026-08-15 Atlanta Utd-RB New York,Atlanta United,Elías Báez,3,ARG,LB,21-301,79,0,0,0,0,0,0,1,0,0,3,0,1,0,0,0,,,2b5e2a03,0.0,0,0,0,0
USA-Major League Soccer,2026,2026-08-15 Atlanta Utd-RB New York,Atlanta United,Fafà Picault,22,HAI,FW,35-173,85,1,0,0,0,2,1,1,0,2,0,1,2,0,0,0,,,2b5e2a03,0.0,2,1,1,0
USA-Major League Soccer,2026,2026-08-15 Atlanta Utd-RB New York,Atlanta United,Júnior Alonso,6,PAR,CB,33-187,90,0,0,0,0,0,0,0,0,1,0,0,0,0,3,0,,,2b5e2a03,0.0,0,0,0,0
USA-Major League Soccer,2026,2026-08-15 Atlanta Utd-RB New York,Atlanta United,Lucas Hoyos,1,ARG,GK,37-108,90,0,0,0,0,0,0,0,0,0,0,0,0,0,0,0,,,2b5e2a03,0.0,0,0,0,0
USA-Major League Soccer,2026,2026-08-15 Atlanta Utd-RB New York,Atlanta United,Luke Brennan,20,USA,FW,21-172,5,0,0,0,0,0,0,0,0,2,0,0,0,1,0,0,,,2b5e2a03,0.0,0,0,0,0
USA-Major League Soccer,2026,2026-08-15 Atlanta Utd-RB New York,Atlanta United,Matthew Edwards,47,USA,RB,23-179,67,0,0,0,0,0,0,0,0,1,0,0,2,2,1,0,,,2b5e2a03,0.0,0,0,0,0
USA-Major League Soccer,2026,2026-08-15 Atlanta Utd-RB New York,Atlanta United,Miguel Almirón,10,PAR,LW,32-186,85,0,1,0,0,2,0,0,0,1,1,2,3,0,0,0,,,2b5e2a03,0.0,2,0,0,1
USA-Major League Soccer,2026,2026-08-15 Atlanta Utd-RB New York,Atlanta United,Ronald Hernández,2,VEN,DF,28-328,11,0,0,0,0,0,0,0,0,0,0,0,0,1,1,0,,,2b5e2a03,0.0,0,0,0,0
USA-Major League Soccer,2026,2026-08-15 Atlanta Utd-RB New York,Atlanta United,Sergio Santos Gomes,19,BRA,FW,31-345,5,0,0,0,0,0,0,0,0,2,1,1,0,0,0,0,,,2b5e2a03,0.0,0,0,0,0
USA-Major League Soccer,2026,2026-08-15 Atlanta Utd-RB New York,Atlanta United,Steven Alzate,7,COL,MF,27-341,11,0,0,0,0,0,0,0,0,0,0,0,0,0,1,0,,,2b5e2a03,0.0,0,0,0,0
USA-Major League Soccer,2026,2026-08-15 Atlanta Utd-RB New York,Atlanta United,Stian Rode Gregersen,5,NOR,"DF,MF",31-090,23,0,0,0,0,0,0,0,0,0,0,0,0,0,1,0,,,2b5e2a03,0.0,0,0,0,0
USA-Major League Soccer,2026,2026-08-15 Atlanta Utd-RB New York,Atlanta United,Tomás Jacob,55,ARG,CB,22-117,90,0,0,0,0,0,0,1,0,1,1,0,2,0,3,0,,,2b5e2a03,0.0,0,0,0,0
USA-Major League Soccer,2026,2026-08-15 Atlanta Utd-RB New York,Atlanta United,Tristan Muyumba,8,FRA,AM,29-161,90,1,0,0,0,2,1,0,0,2,1,0,0,0,0,0,,,2b5e2a03,0.0,2,1,1,0
USA-Major League Soccer,2026,2026-08-15 Atlanta Utd-RB New York,Red Bull New York,Adri Mehmeti,15,USA,CM,17-131,85,0,1,0,0,1,0,0,0,0,3,1,0,1,1,0,,,2b5e2a03,0.0,1,0,0,1
USA-Major League Soccer,2026,2026-08-15 Atlanta Utd-RB New York,Red Bull New York,Cade Cowell,7,USA,FW,22-305,78,0,0,0,0,1,0,0,0,1,0,0,2,1,0,0,,,2b5e2a03,0.0,1,0,0,0
USA-Major League Soccer,2026,2026-08-15 Atlanta Utd-RB New York,Red Bull New York,Cameron Harper,17,USA,"DF,MF",24-269,12,0,0,0,0,0,0,0,0,2,0,0,2,1,0,0,,,2b5e2a03,0.0,0,0,0,0
USA-Major League Soccer,2026,2026-08-15 Atlanta Utd-RB New York,Red Bull New York,Dylan Nealis,12,USA,RB,28-016,90,0,0,0,0,0,0,0,0,1,2,0,0,1,0,0,,,2b5e2a03,0.0,0,0,0,0
USA-Major League Soccer,2026,2026-08-15 Atlanta Utd-RB New York,Red Bull New York,Emil Forsberg,10,SWE,CM,34-296,78,1,0,0,0,3,2,0,0,1,0,0,1,0,0,0,,,2b5e2a03,0.0,3,2,1,0
USA-Major League Soccer,2026,2026-08-15 Atlanta Utd-RB New York,Red Bull New York,Eric Maxim Choupo-Moting,13,CMR,"FW,MF",37-145,5,0,0,0,0,0,0,0,0,0,0,0,0,0,0,0,,,2b5e2a03,0.0,0,0,0,0
USA-Major League Soccer,2026,2026-08-15 Atlanta Utd-RB New York,Red Bull New York,Ethan Horvath,34,USA,GK,31-067,90,0,0,0,0,0,0,0,0,0,0,0,0,0,0,0,,,2b5e2a03,0.0,0,0,0,0
USA-Major League Soccer,2026,2026-08-15 Atlanta Utd-RB New York,Red Bull New York,Jahkeele Marshall-Rutty,3,CAN,"DF,MF",22-060,12,0,0,0,0,0,0,0,0,0,0,0,0,0,0,0,,,2b5e2a03,0.0,0,0,0,0
USA-Major League Soccer,2026,2026-08-15 Atlanta Utd-RB New York,Red Bull New York,Jorge Ruvalcaba,11,MEX,"FW,MF",25-023,20,0,0,0,0,1,0,0,0,0,1,0,1,0,0,0,,,2b5e2a03,0.0,1,0,0,0
USA-Major League Soccer,2026,2026-08-15 Atlanta Utd-RB New York,Red Bull New York,Julian Hall,16,USA,FW,18-144,90,0,0,0,0,1,1,0,0,2,2,1,0,0,0,0,,,2b5e2a03,0.0,1,1,0,0
USA-Major League Soccer,2026,2026-08-15 Atlanta Utd-RB New York,Red Bull New York,Julián Bazán,14,COL,CB,20-263,90,0,0,0,0,1,0,0,0,0,0,0,0,1,1,0,,,2b5e2a03,0.0,1,0,0,0
USA-Major League Soccer,2026,2026-08-15 Atlanta Utd-RB New York,Red Bull New York,Justin Che,2,USA,CB,22-270,90,0,0,0,0,0,0,0,0,1,4,0,1,1,2,0,,,2b5e2a03,0.0,0,0,0,0
USA-Major League Soccer,2026,2026-08-15 Atlanta Utd-RB New York,Red Bull New York,Matthew Dos Santos,56,USA,LB,18-071,78,0,0,0,0,0,0,0,0,0,1,0,5,2,0,0,,,2b5e2a03,0.0,0,0,0,0
USA-Major League Soccer,2026,2026-08-15 Atlanta Utd-RB New York,Red Bull New York,Mijahir Jiménez,91,PAN,FW,19-140,70,0,0,0,0,2,0,0,0,1,0,0,0,0,0,0,,,2b5e2a03,0.0,2,0,0,0
USA-Major League Soccer,2026,2026-08-15 Atlanta Utd-RB New York,Red Bull New York,Mohammed Sofo,37,GHA,MF,21-258,12,0,0,0,0,0,0,1,0,1,0,0,0,0,0,0,,,2b5e2a03,0.0,0,0,0,0
USA-Major League Soccer,2026,2026-08-15 Atlanta Utd-RB New York,Red Bull New York,Ronald Donkor,48,GHA,CM,21-268,90,0,0,0,0,1,0,0,0,2,0,0,0,0,1,0,,,2b5e2a03,0.0,1,0,0,0
USA-Major League Soccer,2026,2026-08-15 CF Montréal-D.C. United,CF Montréal,Brayan Ceballos,3,COL,RB,25-083,61,0,0,0,0,0,0,0,0,0,0,0,0,0,0,0,,,45ae30e4,0.0,0,0,0,0
USA-Major League Soccer,2026,2026-08-15 CF Montréal-D.C. United,CF Montréal,Brayan Vera,4,COL,CB,27-212,90,0,0,0,0,3,1,0,0,1,0,0,0,2,2,0,,,45ae30e4,0.0,3,1,0,0
USA-Major League Soccer,2026,2026-08-15 CF Montréal-D.C. United,CF Montréal,Daniel Armando Ríos,14,MEX,FW,31-174,14,0,0,0,0,2,1,0,0,0,1,0,0,0,0,0,,,45ae30e4,0.0,2,1,0,0
USA-Major League Soccer,2026,2026-08-15 CF Montréal-D.C. United,CF Montréal,Daniel Pereira,7,VEN,CM,26-032,90,0,0,0,0,1,0,0,0,3,3,0,2,1,0,0,,,45ae30e4,0.0,1,0,0,0
USA-Major League Soccer,2026,2026-08-15 CF Montréal-D.C. United,CF Montréal,Dawid Bugaj,27,POL,DF,22-037,29,0,0,0,0,0,0,0,0,1,0,0,2,0,0,0,,,45ae30e4,0.0,0,0,0,0
USA-Major League Soccer,2026,2026-08-15 CF Montréal-D.C. United,CF Montréal,Fabian Herbers,21,GER,CM,32-363,61,0,0,0,0,1,0,0,0,0,0,0,0,0,0,0,,,45ae30e4,0.0,1,0,0,0
USA-Major League Soccer,2026,2026-08-15 CF Montréal-D.C. United,CF Montréal,Hennadii Synchuk,18,UKR,FW,20-036,90,0,0,0,0,4,2,0,0,1,0,0,6,3,0,0,,,45ae30e4,0.0,4,2,0,0
USA-Major League Soccer,2026,2026-08-15 CF Montréal-D.C. United,CF Montréal,Jalen Neal,2,USA,CB,22-356,90,0,0,0,0,0,0,0,0,1,2,0,0,1,2,0,,,45ae30e4,0.0,0,0,0,0
USA-Major League Soccer,2026,2026-08-15 CF Montréal-D.C. United,CF Montréal,Luca Petrasso,13,CAN,LB,26-060,90,0,0,0,0,0,0,1,0,1,0,0,6,0,2,0,,,45ae30e4,0.0,0,0,0,0
USA-Major League Soccer,2026,2026-08-15 CF Montréal-D.C. United,CF Montréal,Matthew Longstaff,8,ENG,MF,26-147,29,0,0,0,0,1,1,0,0,0,0,0,3,0,0,0,,,45ae30e4,0.0,1,1,0,0
USA-Major League Soccer,2026,2026-08-15 CF Montréal-D.C. United,CF Montréal,Noah Streit,23,SUI,FW,20-308,76,0,0,0,0,2,0,0,0,1,0,0,1,3,0,0,,,45ae30e4,0.0,2,0,0,0
USA-Major League Soccer,2026,2026-08-15 CF Montréal-D.C. United,CF Montréal,Olger Escobar,29,GUA,FW,19-338,1,0,0,0,0,2,0,0,0,0,0,0,0,0,0,0,,,45ae30e4,0.0,2,0,0,0
USA-Major League Soccer,2026,2026-08-15 CF Montréal-D.C. United,CF Montréal,Prince Owusu,9,GHA,FW,29-220,90,1,0,1,1,4,2,0,0,1,1,0,1,0,0,0,,,45ae30e4,0.0,4,2,1,0
USA-Major League Soccer,2026,2026-08-15 CF Montréal-D.C. United,CF Montréal,Thomas Gillier,31,CHI,GK,22-079,90,0,0,0,0,0,0,0,0,0,0,0,0,0,0,0,,,45ae30e4,0.0,0,0,0,0
USA-Major League Soccer,2026,2026-08-15 CF Montréal-D.C. United,CF Montréal,Victor Loturi,22,CAN,CM,25-086,89,0,0,0,0,0,0,0,0,0,1,0,0,1,1,0,,,45ae30e4,0.0,0,0,0,0
USA-Major League Soccer,2026,2026-08-15 CF Montréal-D.C. United,D.C. United,Andre Dozzell,21,ENG,CM,27-105,90,0,0,0,0,1,0,0,0,1,0,0,0,0,1,0,,,45ae30e4,0.0,1,0,0,0
USA-Major League Soccer,2026,2026-08-15 CF Montréal-D.C. United,D.C. United,Brandon Servania,23,USA,CM,27-156,87,0,0,0,0,1,0,0,0,1,1,0,1,1,0,0,,,45ae30e4,0.0,1,0,0,0
USA-Major League Soccer,2026,2026-08-15 CF Montréal-D.C. United,D.C. United,Hosei Kijima,77,JPN,MF,24-045,11,0,0,0,0,0,0,0,0,1,0,0,0,2,0,0,,,45ae30e4,0.0,0,0,0,0
USA-Major League Soccer,2026,2026-08-15 CF Montréal-D.C. United,D.C. United,Jackson Hopkins,25,USA,LM,22-045,61,0,0,0,0,0,0,1,0,1,0,0,2,1,0,0,,,45ae30e4,0.0,0,0,0,0
USA-Major League Soccer,2026,2026-08-15 CF Montréal-D.C. United,D.C. United,Jared Stroud,8,USA,"FW,MF",30-036,29,0,0,0,0,0,0,0,0,0,2,0,1,2,0,0,,,45ae30e4,0.0,0,0,0,0
USA-Major League Soccer,2026,2026-08-15 CF Montréal-D.C. United,D.C. United,Keisuke Kurokawa,6,JPN,LB,29-124,90,0,0,0,0,0,0,1,0,2,0,0,6,0,1,0,,,45ae30e4,0.0,0,0,0,0
USA-Major League Soccer,2026,2026-08-15 CF Montréal-D.C. United,D.C. United,Kimito Nono,2,JPN,RM,24-142,79,0,1,0,0,0,0,0,0,0,1,0,4,4,0,0,,,45ae30e4,0.0,0,0,0,1
USA-Major League Soccer,2026,2026-08-15 CF Montréal-D.C. United,D.C. United,Louis Munteanu,11,ROU,FW,24-060,87,0,0,0,0,2,1,0,0,2,2,1,2,0,0,0,,,45ae30e4,0.0,2,1,0,0
USA-Major League Soccer,2026,2026-08-15 CF Montréal-D.C. United,D.C. United,Matti Peltola,4,FIN,CB,24-043,90,0,0,0,0,0,0,0,0,0,1,0,0,0,0,0,,,45ae30e4,0.0,0,0,0,0
USA-Major League Soccer,2026,2026-08-15 CF Montréal-D.C. United,D.C. United,Nathan Ordaz,22,SLV,FW,22-215,3,0,0,0,0,0,0,0,0,1,0,0,0,0,0,0,,,45ae30e4,0.0,0,0,0,0
USA-Major League Soccer,2026,2026-08-15 CF Montréal-D.C. United,D.C. United,Nikola Marković,27,CAN,DF,22-024,3,0,0,0,0,0,0,0,0,0,0,0,0,0,0,0,,,45ae30e4,0.0,0,0,0,0
USA-Major League Soccer,2026,2026-08-15 CF Montréal-D.C. United,D.C. United,Sean Johnson,1,USA,GK,37-076,90,0,0,0,0,0,0,0,0,0,0,0,0,0,0,0,,,45ae30e4,0.0,0,0,0,0
USA-Major League Soccer,2026,2026-08-15 CF Montréal-D.C. United,D.C. United,Sean Nealis,13,USA,CB,29-214,90,0,0,0,0,0,0,0,0,1,1,0,0,1,3,0,,,45ae30e4,0.0,0,0,0,0
USA-Major League Soccer,2026,2026-08-15 CF Montréal-D.C. United,D.C. United,Silvan Hefti,5,SUI,RB,28-294,90,0,0,0,0,0,0,0,0,0,0,0,4,3,0,0,,,45ae30e4,0.0,0,0,0,0
USA-Major League Soccer,2026,2026-08-15 CF Montréal-D.C. United,D.C. United,Tai Baribo,9,ISR,FW,28-212,90,1,0,0,0,3,1,0,0,1,2,0,1,0,0,0,,,45ae30e4,0.0,3,1,1,0
USA-Major League Soccer,2026,2026-08-15 Charlotte-Columbus Crew,Charlotte FC,Allan Saint-Maximin,10,FRA,"FW,MF",29-156,45,0,0,0,0,1,1,0,0,1,1,0,2,0,0,0,,,8ca8a3b6,0.0,1,1,0,0
USA-Major League Soccer,2026,2026-08-15 Charlotte-Columbus Crew,Charlotte FC,Archie Goodwin,7,AUS,FW,21-281,35,0,0,0,0,1,1,0,0,4,1,1,0,0,0,0,,,8ca8a3b6,0.0,1,1,0,0
USA-Major League Soccer,2026,2026-08-15 Charlotte-Columbus Crew,Charlotte FC,Ashley Westwood,8,ENG,DM,36-136,90,0,0,0,0,0,0,1,0,0,0,0,0,2,1,0,,,8ca8a3b6,0.0,0,0,0,0
USA-Major League Soccer,2026,2026-08-15 Charlotte-Columbus Crew,Charlotte FC,Brandt Bronico,13,USA,AM,31-056,90,1,0,0,0,1,1,0,0,1,1,0,1,0,1,0,,,8ca8a3b6,0.0,1,1,1,0
USA-Major League Soccer,2026,2026-08-15 Charlotte-Columbus Crew,Charlotte FC,David Schnegg,23,AUT,LB,27-320,90,0,1,0,0,0,0,1,0,1,0,0,2,3,4,0,,,8ca8a3b6,0.0,0,0,0,1
USA-Major League Soccer,2026,2026-08-15 Charlotte-Columbus Crew,Charlotte FC,Henry Kessler,22,USA,CB,28-051,90,0,0,0,0,0,0,1,0,1,1,0,0,1,0,0,,,8ca8a3b6,0.0,0,0,0,0
USA-Major League Soccer,2026,2026-08-15 Charlotte-Columbus Crew,Charlotte FC,Idan Markovich,9,ISR,FW,22-006,55,0,0,0,0,1,1,0,0,1,0,0,0,1,0,0,,,8ca8a3b6,0.0,1,1,0,0
USA-Major League Soccer,2026,2026-08-15 Charlotte-Columbus Crew,Charlotte FC,Kristijan Kahlina,1,CRO,GK,34-022,90,0,0,0,0,0,0,0,0,0,0,0,0,0,0,0,,,8ca8a3b6,0.0,0,0,0,0
USA-Major League Soccer,2026,2026-08-15 Charlotte-Columbus Crew,Charlotte FC,Liel Abada,11,ISR,LW,24-316,69,1,0,1,1,2,1,0,0,0,2,0,0,1,0,0,,,8ca8a3b6,0.0,2,1,1,0
USA-Major League Soccer,2026,2026-08-15 Charlotte-Columbus Crew,Charlotte FC,Luca de la Torre,17,USA,AM,28-084,45,0,0,0,0,0,0,0,0,0,0,0,0,1,0,0,,,8ca8a3b6,0.0,0,0,0,0
USA-Major League Soccer,2026,2026-08-15 Charlotte-Columbus Crew,Charlotte FC,Nathan Byrne,14,ENG,RB,34-071,55,0,0,0,0,0,0,0,0,0,1,0,1,1,0,0,,,8ca8a3b6,0.0,0,0,0,0
USA-Major League Soccer,2026,2026-08-15 Charlotte-Columbus Crew,Charlotte FC,Pep Biel,16,ESP,RW,29-344,86,1,0,0,0,3,2,0,0,0,1,0,1,1,1,0,,,8ca8a3b6,0.0,3,2,1,0
USA-Major League Soccer,2026,2026-08-15 Charlotte-Columbus Crew,Charlotte FC,Rodolfo Aloko,37,BEN,MF,19-232,21,0,1,0,0,0,0,0,0,0,0,1,0,1,0,0,,,8ca8a3b6,0.0,0,0,0,1
USA-Major League Soccer,2026,2026-08-15 Charlotte-Columbus Crew,Charlotte FC,Tim Ream,3,USA,CB,38-314,90,0,0,0,0,0,0,0,0,0,0,0,0,0,2,0,,,8ca8a3b6,0.0,0,0,0,0
USA-Major League Soccer,2026,2026-08-15 Charlotte-Columbus Crew,Charlotte FC,Tyger Smalls,25,,FW,23-331,4,0,0,0,0,0,0,0,0,0,0,0,1,0,0,0,,,8ca8a3b6,0.0,0,0,0,0
USA-Major League Soccer,2026,2026-08-15 Charlotte-Columbus Crew,Charlotte FC,Will Cleary,35,USA,DF,23-179,35,0,0,0,0,0,0,0,0,0,1,0,0,0,1,0,,,8ca8a3b6,0.0,0,0,0,0
USA-Major League Soccer,2026,2026-08-15 Charlotte-Columbus Crew,Columbus Crew,André Gomes,20,POR,MF,33-016,45,0,0,0,0,1,0,0,0,2,0,0,4,0,0,0,,,8ca8a3b6,0.0,1,0,0,0
USA-Major League Soccer,2026,2026-08-15 Charlotte-Columbus Crew,Columbus Crew,Brais Méndez,10,ESP,"FW,MF",29-220,45,0,0,0,0,4,0,0,0,0,0,0,4,2,0,0,,,8ca8a3b6,0.0,4,0,0,0
USA-Major League Soccer,2026,2026-08-15 Charlotte-Columbus Crew,Columbus Crew,Brooks Lennon,11,USA,RB,28-327,90,0,0,0,0,3,1,0,0,1,0,0,8,0,0,0,,,8ca8a3b6,0.0,3,1,0,0
USA-Major League Soccer,2026,2026-08-15 Charlotte-Columbus Crew,Columbus Crew,Cesar Ruvalcaba,12,USA,CB,25-033,90,0,0,0,0,1,0,0,0,0,2,0,0,0,1,0,,,8ca8a3b6,0.0,1,0,0,0
USA-Major League Soccer,2026,2026-08-15 Charlotte-Columbus Crew,Columbus Crew,Chase Adams,46,USA,FW,18-120,45,1,0,0,0,4,1,0,0,0,1,0,1,0,0,0,,,8ca8a3b6,0.0,4,1,1,0
USA-Major League Soccer,2026,2026-08-15 Charlotte-Columbus Crew,Columbus Crew,Dylan Chambost,7,FRA,CM,28-361,90,0,0,0,0,3,0,0,0,2,0,0,2,1,0,0,,,8ca8a3b6,0.0,3,0,0,0
USA-Major League Soccer,2026,2026-08-15 Charlotte-Columbus Crew,Columbus Crew,Dániel Gazdag,8,HUN,FW,30-166,70,0,0,0,0,1,0,0,0,0,0,0,0,0,0,0,,,8ca8a3b6,0.0,1,0,0,0
USA-Major League Soccer,2026,2026-08-15 Charlotte-Columbus Crew,Columbus Crew,Josef Martínez,77,VEN,FW,33-088,20,0,0,0,0,1,0,0,0,0,0,0,0,0,0,0,,,8ca8a3b6,0.0,1,0,0,0
USA-Major League Soccer,2026,2026-08-15 Charlotte-Columbus Crew,Columbus Crew,Laurtaro Giaccone,26,ARG,LM,25-195,45,0,0,0,0,1,0,0,0,0,0,0,1,0,1,0,,,8ca8a3b6,0.0,1,0,0,0
USA-Major League Soccer,2026,2026-08-15 Charlotte-Columbus Crew,Columbus Crew,Malte Amundsen,18,DEN,LB,28-185,70,0,0,0,0,1,0,0,0,2,0,0,0,0,4,0,,,8ca8a3b6,0.0,1,0,0,0
USA-Major League Soccer,2026,2026-08-15 Charlotte-Columbus Crew,Columbus Crew,Marcelo Herrera,2,ARG,"DF,MF",27-285,20,0,0,0,0,0,0,0,0,1,1,0,0,0,1,0,,,8ca8a3b6,0.0,0,0,0,0
USA-Major League Soccer,2026,2026-08-15 Charlotte-Columbus Crew,Columbus Crew,Patrick Schulte,28,USA,GK,25-155,90,0,0,0,0,0,0,0,0,0,1,0,0,0,0,0,,,8ca8a3b6,0.0,0,0,0,0
USA-Major League Soccer,2026,2026-08-15 Charlotte-Columbus Crew,Columbus Crew,Sean Zawadzki,25,USA,CB,26-116,90,0,0,0,0,1,0,0,0,0,0,0,0,0,0,0,,,8ca8a3b6,0.0,1,0,0,0
USA-Major League Soccer,2026,2026-08-15 Charlotte-Columbus Crew,Columbus Crew,Steven Moreira,31,CPV,"DF,MF",32-002,45,0,0,0,0,0,0,0,0,0,0,0,0,0,0,0,,,8ca8a3b6,0.0,0,0,0,0
USA-Major League Soccer,2026,2026-08-15 Charlotte-Columbus Crew,Columbus Crew,Taha Habroune,16,USA,RM,20-191,90,0,0,0,0,4,2,0,0,0,2,0,5,0,1,0,,,8ca8a3b6,0.0,4,2,0,0
USA-Major League Soccer,2026,2026-08-15 Charlotte-Columbus Crew,Columbus Crew,Tarun Karumanchi,50,USA,CM,23-136,45,0,0,0,0,1,0,0,0,1,0,0,0,4,0,0,,,8ca8a3b6,0.0,1,0,0,0
USA-Major League Soccer,2026,2026-08-15 Colorado Rapids-Sporting KC,Colorado Rapids,Dante Sealy,7,TRI,AM,23-120,65,0,0,0,0,5,1,0,0,0,0,0,6,0,0,0,,,3f013db3,0.0,5,1,0,0
USA-Major League Soccer,2026,2026-08-15 Colorado Rapids-Sporting KC,Colorado Rapids,Darren Yapi,77,USA,FW,21-269,25,0,0,0,0,1,0,0,0,0,0,0,1,0,0,0,,,3f013db3,0.0,1,0,0,0
USA-Major League Soccer,2026,2026-08-15 Colorado Rapids-Sporting KC,Colorado Rapids,Georgi Minoungou,93,BFA,AM,24-021,83,0,0,0,0,2,0,0,0,1,1,0,7,1,0,0,,,3f013db3,0.0,2,0,0,0
USA-Major League Soccer,2026,2026-08-15 Colorado Rapids-Sporting KC,Colorado Rapids,Hamzat Ojediran,8,NGA,MF,22-274,7,0,0,0,0,0,0,0,0,0,0,0,0,0,0,0,,,3f013db3,0.0,0,0,0,0
USA-Major League Soccer,2026,2026-08-15 Colorado Rapids-Sporting KC,Colorado Rapids,Joshua Atencio,12,USA,DM,24-196,90,0,0,0,0,3,0,1,0,3,0,0,1,1,5,0,,,3f013db3,0.0,3,0,0,0
USA-Major League Soccer,2026,2026-08-15 Colorado Rapids-Sporting KC,Colorado Rapids,Loïc Williams,5,ESP,CB,24-220,90,0,0,0,0,0,0,0,0,3,0,0,0,0,0,0,,,3f013db3,0.0,0,0,0,0
USA-Major League Soccer,2026,2026-08-15 Colorado Rapids-Sporting KC,Colorado Rapids,Miguel Navarro,29,VEN,LB,27-170,90,0,0,0,0,0,0,0,0,2,4,0,3,0,1,0,,,3f013db3,0.0,0,0,0,0
USA-Major League Soccer,2026,2026-08-15 Colorado Rapids-Sporting KC,Colorado Rapids,Nicholas Hansen,41,DEN,GK,25-036,90,0,0,0,0,0,0,0,0,0,0,0,0,0,0,0,,,3f013db3,0.0,0,0,0,0
USA-Major League Soccer,2026,2026-08-15 Colorado Rapids-Sporting KC,Colorado Rapids,Paxten Aaronson,10,USA,AM,22-354,90,0,1,0,0,5,0,0,0,0,2,0,5,0,0,0,,,3f013db3,0.0,5,0,0,1
USA-Major League Soccer,2026,2026-08-15 Colorado Rapids-Sporting KC,Colorado Rapids,Rafael Navarro,9,BRA,FW,26-123,90,1,0,0,0,4,1,0,0,0,3,2,0,3,0,0,,,3f013db3,0.0,4,1,1,0
USA-Major League Soccer,2026,2026-08-15 Colorado Rapids-Sporting KC,Colorado Rapids,Reggie Cannon,4,USA,RB,28-065,90,1,0,0,0,1,1,0,0,1,1,0,2,0,1,0,,,3f013db3,0.0,1,1,1,0
USA-Major League Soccer,2026,2026-08-15 Colorado Rapids-Sporting KC,Colorado Rapids,Rob Holding,6,ENG,CB,30-329,90,0,0,0,0,2,0,0,0,0,0,0,1,0,0,0,,,3f013db3,0.0,2,0,0,0
USA-Major League Soccer,2026,2026-08-15 Colorado Rapids-Sporting KC,Colorado Rapids,Wayne Frederick,13,TRI,DM,22-063,55,0,0,0,0,2,0,0,0,2,1,0,1,0,0,0,,,3f013db3,0.0,2,0,0,0
USA-Major League Soccer,2026,2026-08-15 Colorado Rapids-Sporting KC,Colorado Rapids,Youssef Maziz,88,FRA,"FW,MF",28-052,35,0,1,0,0,3,0,0,0,0,0,0,1,0,0,0,,,3f013db3,0.0,3,0,0,1
USA-Major League Soccer,2026,2026-08-15 Colorado Rapids-Sporting KC,Sporting Kansas City,Calvin Harris,11,ENG,FW,26-148,90,0,0,0,0,3,1,0,0,1,2,1,0,0,1,0,,,3f013db3,0.0,3,1,0,0
USA-Major League Soccer,2026,2026-08-15 Colorado Rapids-Sporting KC,Sporting Kansas City,Capita,7,ANG,LM,24-217,65,0,0,0,0,0,0,0,0,0,1,0,0,0,0,0,,,3f013db3,0.0,0,0,0,0
USA-Major League Soccer,2026,2026-08-15 Colorado Rapids-Sporting KC,Sporting Kansas City,Dejan Joveljić,9,SRB,FW,27-008,65,0,0,0,0,1,1,0,0,0,1,0,0,1,0,0,,,3f013db3,0.0,1,1,0,0
USA-Major League Soccer,2026,2026-08-15 Colorado Rapids-Sporting KC,Sporting Kansas City,Emir Karic,18,BIH,LB,29-067,90,0,0,0,0,0,0,0,0,0,0,0,4,4,1,0,,,3f013db3,0.0,0,0,0,0
USA-Major League Soccer,2026,2026-08-15 Colorado Rapids-Sporting KC,Sporting Kansas City,Ian James,2,USA,MF,18-070,45,0,0,0,0,0,0,0,0,0,1,0,0,3,1,0,,,3f013db3,0.0,0,0,0,0
USA-Major League Soccer,2026,2026-08-15 Colorado Rapids-Sporting KC,Sporting Kansas City,Jacob Bartlett,16,USA,MF,20-312,49,0,0,0,0,0,0,0,0,2,0,0,0,0,0,0,,,3f013db3,0.0,0,0,0,0
USA-Major League Soccer,2026,2026-08-15 Colorado Rapids-Sporting KC,Sporting Kansas City,Jake Davis,8,USA,RB,24-224,90,0,0,0,0,0,0,0,0,1,0,0,0,0,2,0,,,3f013db3,0.0,0,0,0,0
USA-Major League Soccer,2026,2026-08-15 Colorado Rapids-Sporting KC,Sporting Kansas City,Jayden Reid,99,USA,DF,24-350,25,0,0,0,0,0,0,0,0,0,0,0,0,1,0,0,,,3f013db3,0.0,0,0,0,0
USA-Major League Soccer,2026,2026-08-15 Colorado Rapids-Sporting KC,Sporting Kansas City,Kwaku Agyabeng,20,GHA,CM,20-049,37,0,0,0,0,0,0,0,1,2,2,0,0,0,1,0,,,3f013db3,0.0,0,0,0,0
USA-Major League Soccer,2026,2026-08-15 Colorado Rapids-Sporting KC,Sporting Kansas City,Magomed-Shapi Suleymanov,93,RUS,RM,26-242,41,0,0,0,0,2,1,1,0,0,2,1,3,0,1,0,,,3f013db3,0.0,2,1,0,0
USA-Major League Soccer,2026,2026-08-15 Colorado Rapids-Sporting KC,Sporting Kansas City,Moises Mosquera,3,COL,CB,25-083,89,0,0,0,0,0,0,1,1,3,0,0,0,1,2,0,,,3f013db3,0.0,0,0,0,0
USA-Major League Soccer,2026,2026-08-15 Colorado Rapids-Sporting KC,Sporting Kansas City,Or Blorian,5,ISR,CB,26-161,61,0,0,0,0,0,0,0,0,0,0,0,0,0,1,0,,,3f013db3,0.0,0,0,0,0
USA-Major League Soccer,2026,2026-08-15 Colorado Rapids-Sporting KC,Sporting Kansas City,Stefan Cleveland,30,USA,GK,32-082,90,0,0,0,0,0,0,0,0,0,2,0,0,0,0,0,,,3f013db3,0.0,0,0,0,0
USA-Major League Soccer,2026,2026-08-15 Colorado Rapids-Sporting KC,Sporting Kansas City,Taylor Calheira,19,USA,FW,24-111,25,0,0,0,0,0,0,0,0,0,0,0,0,0,0,0,,,3f013db3,0.0,0,0,0,0
USA-Major League Soccer,2026,2026-08-15 Colorado Rapids-Sporting KC,Sporting Kansas City,Wyatt Meyer,28,USA,DF,25-216,29,0,0,0,0,0,0,0,0,0,0,0,0,0,0,0,,,3f013db3,0.0,0,0,0,0
USA-Major League Soccer,2026,2026-08-15 Colorado Rapids-Sporting KC,Sporting Kansas City,Zorhan Bassong,22,CAN,CM,27-100,45,0,0,0,0,0,0,1,0,3,0,0,0,0,1,0,,,3f013db3,0.0,0,0,0,0
USA-Major League Soccer,2026,2026-08-15 Houston-LA Galaxy,Houston Dynamo,Agustín Bouzat,30,ARG,"FW,MF",32-140,8,0,0,0,0,1,1,0,0,1,1,0,0,0,0,0,,,962aa326,0.0,1,1,0,0
USA-Major League Soccer,2026,2026-08-15 Houston-LA Galaxy,Houston Dynamo,Agustín Resch,34,ARG,CB,24-168,90,0,0,0,0,0,0,0,0,0,0,0,0,1,0,0,,,962aa326,0.0,0,0,0,0
USA-Major League Soccer,2026,2026-08-15 Houston-LA Galaxy,Houston Dynamo,Aliyu Ibrahim,24,NGA,"FW,MF",24-211,1,0,0,0,0,0,0,2,1,2,0,1,0,0,0,0,,,962aa326,0.0,0,0,0,0
USA-Major League Soccer,2026,2026-08-15 Houston-LA Galaxy,Houston Dynamo,Artur,6,BRA,DM,30-157,90,0,0,0,0,0,0,0,0,0,1,0,0,0,2,0,,,962aa326,0.0,0,0,0,0
USA-Major League Soccer,2026,2026-08-15 Houston-LA Galaxy,Houston Dynamo,Diadie Samassékou,18,MLI,MF,30-216,2,0,0,0,0,0,0,0,0,0,0,0,0,0,0,0,,,962aa326,0.0,0,0,0,0
USA-Major League Soccer,2026,2026-08-15 Houston-LA Galaxy,Houston Dynamo,Duane Holmes,14,USA,"FW,MF",31-282,26,0,0,0,0,0,0,0,0,0,1,0,1,0,1,0,,,962aa326,0.0,0,0,0,0
USA-Major League Soccer,2026,2026-08-15 Houston-LA Galaxy,Houston Dynamo,Duncan McGuire,23,USA,FW,25-191,64,0,0,0,0,0,0,0,0,1,0,0,0,0,0,0,,,962aa326,0.0,0,0,0,0
USA-Major League Soccer,2026,2026-08-15 Houston-LA Galaxy,Houston Dynamo,Franco Negri,21,ARG,LB,31-176,64,0,0,0,0,0,0,0,0,2,0,0,0,1,0,0,,,962aa326,0.0,0,0,0,0
USA-Major League Soccer,2026,2026-08-15 Houston-LA Galaxy,Houston Dynamo,Guilherme,20,BRA,LW,31-124,90,1,0,1,1,3,1,0,0,2,2,0,3,0,1,0,,,962aa326,0.0,3,1,1,0
USA-Major League Soccer,2026,2026-08-15 Houston-LA Galaxy,Houston Dynamo,Héctor Herrera,16,MEX,AM,36-118,88,0,0,0,0,1,0,1,0,2,4,0,0,1,0,0,,,962aa326,0.0,1,0,0,0
USA-Major League Soccer,2026,2026-08-15 Houston-LA Galaxy,Houston Dynamo,Jack McGlynn,8,USA,AM,23-039,82,0,0,0,0,2,0,0,0,2,1,0,4,0,0,0,,,962aa326,0.0,2,0,0,0
USA-Major League Soccer,2026,2026-08-15 Houston-LA Galaxy,Houston Dynamo,Jonathan Bond,31,ENG,GK,33-088,90,0,0,0,0,0,0,0,0,0,0,0,0,0,0,0,,,962aa326,0.0,0,0,0,0
USA-Major League Soccer,2026,2026-08-15 Houston-LA Galaxy,Houston Dynamo,Lawrence Ennali,11,GER,RB,24-161,90,0,0,0,0,0,0,1,0,0,2,0,1,0,0,0,,,962aa326,0.0,0,0,0,0
USA-Major League Soccer,2026,2026-08-15 Houston-LA Galaxy,Houston Dynamo,Lucas Halter,5,BRA,CB,26-105,90,0,0,0,0,0,0,0,0,1,0,0,0,1,0,0,,,962aa326,0.0,0,0,0,0
USA-Major League Soccer,2026,2026-08-15 Houston-LA Galaxy,Houston Dynamo,Mateusz Bogusz,19,POL,RW,24-358,88,0,0,0,0,1,0,0,0,1,1,0,5,0,0,0,,,962aa326,0.0,1,0,0,0
USA-Major League Soccer,2026,2026-08-15 Houston-LA Galaxy,Houston Dynamo,Ondřej Lingr,9,CZE,"FW,MF",27-312,26,0,0,0,0,1,0,0,0,1,0,1,1,2,0,0,,,962aa326,0.0,1,0,0,0
USA-Major League Soccer,2026,2026-08-15 Houston-LA Galaxy,LA Galaxy,Carlos Garcés,25,COL,DF,24-308,12,0,0,0,0,0,0,0,1,1,0,0,0,0,0,0,,,962aa326,0.0,0,0,0,0
USA-Major League Soccer,2026,2026-08-15 Houston-LA Galaxy,LA Galaxy,Elijah Wynder,22,USA,DM,23-158,53,0,0,0,0,1,0,0,0,1,0,0,0,0,2,0,,,962aa326,0.0,1,0,0,0
USA-Major League Soccer,2026,2026-08-15 Houston-LA Galaxy,LA Galaxy,Harbor Miller,26,USA,RB,19-055,90,0,0,0,0,1,0,0,0,3,1,0,0,2,2,0,,,962aa326,0.0,1,0,0,0
USA-Major League Soccer,2026,2026-08-15 Houston-LA Galaxy,LA Galaxy,Hirving Lozano,11,MEX,"FW,MF",31-016,26,0,0,0,0,1,0,1,0,4,4,0,0,0,0,0,,,962aa326,0.0,1,0,0,0
USA-Major League Soccer,2026,2026-08-15 Houston-LA Galaxy,LA Galaxy,Isaiah Parente,16,USA,MF,26-152,37,0,0,0,0,0,0,0,0,1,0,0,0,0,1,0,,,962aa326,0.0,0,0,0,0
USA-Major League Soccer,2026,2026-08-15 Houston-LA Galaxy,LA Galaxy,J.T. Marcinkowski,12,USA,GK,29-098,90,0,0,0,0,0,0,0,0,0,0,0,0,0,0,0,,,962aa326,0.0,0,0,0,0
USA-Major League Soccer,2026,2026-08-15 Houston-LA Galaxy,LA Galaxy,Jakob Glesnes,5,NOR,CB,32-143,90,0,0,0,0,1,0,0,0,0,0,1,0,0,1,0,,,962aa326,0.0,1,0,0,0
USA-Major League Soccer,2026,2026-08-15 Houston-LA Galaxy,LA Galaxy,John Nelson,14,USA,LB,28-035,90,0,0,0,0,0,0,0,0,1,1,0,2,1,2,0,,,962aa326,0.0,0,0,0,0
USA-Major League Soccer,2026,2026-08-15 Houston-LA Galaxy,LA Galaxy,Joseph Paintsil,28,GHA,AM,28-195,90,0,0,0,0,1,0,0,0,0,4,0,4,0,0,0,,,962aa326,0.0,1,0,0,0
USA-Major League Soccer,2026,2026-08-15 Houston-LA Galaxy,LA Galaxy,Justin Haak,15,USA,DM,24-337,90,0,0,0,0,1,0,0,0,1,2,0,0,1,1,0,,,962aa326,0.0,1,0,0,0
USA-Major League Soccer,2026,2026-08-15 Houston-LA Galaxy,LA Galaxy,Kyogo Furuhashi,7,JPN,FW,31-207,64,0,0,0,0,3,0,0,0,0,0,0,1,0,0,0,,,962aa326,0.0,3,0,0,0
USA-Major League Soccer,2026,2026-08-15 Houston-LA Galaxy,LA Galaxy,Lucas Sanabria,8,URU,AM,22-232,88,0,0,0,0,0,0,0,0,1,0,0,0,0,1,0,,,962aa326,0.0,0,0,0,0
USA-Major League Soccer,2026,2026-08-15 Houston-LA Galaxy,LA Galaxy,Maya Yoshida,4,JPN,CB,37-356,45,0,0,0,0,0,0,0,0,1,1,0,0,1,1,0,,,962aa326,0.0,0,0,0,0
USA-Major League Soccer,2026,2026-08-15 Houston-LA Galaxy,LA Galaxy,Robert Taylor,21,FIN,AM,31-298,64,0,0,0,0,0,0,0,0,0,2,0,2,0,0,0,,,962aa326,0.0,0,0,0,0
USA-Major League Soccer,2026,2026-08-15 Houston-LA Galaxy,LA Galaxy,Rubén Ramos,24,USA,FW,19-205,2,0,0,0,0,0,0,0,0,0,0,0,0,0,0,0,,,962aa326,0.0,0,0,0,0
USA-Major League Soccer,2026,2026-08-15 Houston-LA Galaxy,LA Galaxy,Troy Elgersma,76,,MF,,26,0,0,0,0,0,0,0,0,0,0,0,1,1,1,0,,,962aa326,0.0,0,0,0,0
USA-Major League Soccer,2026,2026-08-15 LAFC-San Diego FC,Los Angeles FC,Denis Bouanga,99,GAB,FW,31-277,90,0,0,0,0,2,1,0,0,3,1,1,5,0,0,0,,,3f1df786,0.0,2,1,0,0
USA-Major League Soccer,2026,2026-08-15 LAFC-San Diego FC,Los Angeles FC,Eddie Segura,4,COL,CM,29-194,89,0,0,0,0,3,1,1,0,4,1,0,0,2,1,0,,,3f1df786,0.0,3,1,0,0
USA-Major League Soccer,2026,2026-08-15 LAFC-San Diego FC,Los Angeles FC,Hugo Lloris,1,FRA,GK,39-232,90,0,0,0,0,0,0,0,0,0,0,0,0,0,0,0,,,3f1df786,0.0,0,0,0,0
USA-Major League Soccer,2026,2026-08-15 LAFC-San Diego FC,Los Angeles FC,Jacob Shaffelburg,18,CAN,MF,26-262,26,0,0,0,0,0,0,0,0,1,0,0,2,0,0,0,,,3f1df786,0.0,0,0,0,0
USA-Major League Soccer,2026,2026-08-15 LAFC-San Diego FC,Los Angeles FC,Jeremy Ebobisse,17,USA,"FW,MF",29-182,1,0,0,0,0,0,0,0,0,0,0,0,0,0,0,0,,,3f1df786,0.0,0,0,0,0
USA-Major League Soccer,2026,2026-08-15 LAFC-San Diego FC,Los Angeles FC,Marky Delgado,8,USA,CM,31-091,90,0,0,0,0,1,1,1,0,2,2,0,0,2,1,0,,,3f1df786,0.0,1,1,0,0
USA-Major League Soccer,2026,2026-08-15 LAFC-San Diego FC,Los Angeles FC,Mathieu Choinière,66,CAN,MF,27-189,26,0,0,0,0,1,0,1,0,1,1,0,0,0,1,0,,,3f1df786,0.0,1,0,0,0
USA-Major League Soccer,2026,2026-08-15 LAFC-San Diego FC,Los Angeles FC,Nkosi Tafari,91,USA,CB,29-145,90,0,0,0,0,1,0,0,0,0,0,1,1,0,0,0,,,3f1df786,0.0,1,0,0,0
USA-Major League Soccer,2026,2026-08-15 LAFC-San Diego FC,Los Angeles FC,Ryan Hollingshead,24,USA,RB,35-121,89,0,0,0,0,2,0,0,0,1,0,0,0,1,3,0,,,3f1df786,0.0,2,0,0,0
USA-Major League Soccer,2026,2026-08-15 LAFC-San Diego FC,Los Angeles FC,Ryan Porteous,5,SCO,CB,27-143,90,0,0,0,0,0,0,0,0,3,0,0,0,2,0,0,,,3f1df786,0.0,0,0,0,0
USA-Major League Soccer,2026,2026-08-15 LAFC-San Diego FC,Los Angeles FC,Ryan Raposo,21,CAN,MF,27-163,1,0,0,0,0,0,0,0,0,1,1,0,1,0,0,0,,,3f1df786,0.0,0,0,0,0
USA-Major League Soccer,2026,2026-08-15 LAFC-San Diego FC,Los Angeles FC,Son Heung-min,7,KOR,FW,34-038,90,0,0,0,0,4,0,1,0,1,2,2,4,0,0,0,,,3f1df786,0.0,4,0,0,0
USA-Major League Soccer,2026,2026-08-15 LAFC-San Diego FC,Los Angeles FC,Timothy Tillman,11,USA,CM,27-223,64,0,0,0,0,1,0,0,0,0,1,0,0,2,0,0,,,3f1df786,0.0,1,0,0,0
USA-Major League Soccer,2026,2026-08-15 LAFC-San Diego FC,Los Angeles FC,Tyler Boyd,19,USA,FW,31-228,64,0,0,0,0,0,0,0,0,3,1,0,1,2,0,0,,,3f1df786,0.0,0,0,0,0
USA-Major League Soccer,2026,2026-08-15 LAFC-San Diego FC,Los Angeles FC,Yevhen Cheberko,23,UKR,LB,28-204,90,0,0,0,0,0,0,0,0,1,1,0,0,1,1,0,,,3f1df786,0.0,0,0,0,0
USA-Major League Soccer,2026,2026-08-15 LAFC-San Diego FC,San Diego FC,Alejandro Alvarado Jr.,70,USA,CM,23-017,72,0,0,0,0,0,0,1,0,4,2,0,0,1,0,0,,,3f1df786,0.0,0,0,0,0
USA-Major League Soccer,2026,2026-08-15 LAFC-San Diego FC,San Diego FC,Amahl Pellegrino,90,NOR,"FW,MF",36-058,6,0,0,0,0,0,0,0,0,0,0,0,0,0,0,0,,,3f1df786,0.0,0,0,0,0
USA-Major League Soccer,2026,2026-08-15 LAFC-San Diego FC,San Diego FC,Anders Dreyer,10,DEN,FW,28-105,89,1,0,1,1,2,1,2,1,1,0,0,8,0,1,0,,,3f1df786,0.0,2,1,1,0
USA-Major League Soccer,2026,2026-08-15 LAFC-San Diego FC,San Diego FC,Aníbal Godoy,20,PAN,CM,36-186,90,0,0,0,0,0,0,0,0,0,2,0,0,0,1,0,,,3f1df786,0.0,0,0,0,0
USA-Major League Soccer,2026,2026-08-15 LAFC-San Diego FC,San Diego FC,C.J. dos Santos,1,CPV,GK,25-356,90,0,0,0,0,0,0,0,0,0,0,0,0,0,0,0,,,3f1df786,0.0,0,0,0,0
USA-Major League Soccer,2026,2026-08-15 LAFC-San Diego FC,San Diego FC,Christopher McVey,97,SWE,DF,29-125,6,0,0,0,0,0,0,0,0,0,0,0,0,0,0,0,,,3f1df786,0.0,0,0,0,0
USA-Major League Soccer,2026,2026-08-15 LAFC-San Diego FC,San Diego FC,Elias Achouri,99,TUN,"FW,MF",27-186,38,0,0,0,0,0,0,0,0,2,3,0,2,0,0,0,,,3f1df786,0.0,0,0,0,0
USA-Major League Soccer,2026,2026-08-15 LAFC-San Diego FC,San Diego FC,Gabriel Pirani,12,BRA,CM,24-125,72,0,0,0,0,1,0,0,0,0,1,0,1,3,0,0,,,3f1df786,0.0,1,0,0,0
USA-Major League Soccer,2026,2026-08-15 LAFC-San Diego FC,San Diego FC,Ian Murphy,32,USA,CB,26-211,84,0,0,0,0,0,0,0,0,0,0,0,0,0,3,0,,,3f1df786,0.0,0,0,0,0
USA-Major League Soccer,2026,2026-08-15 LAFC-San Diego FC,San Diego FC,Jeppe Tverskov,6,DEN,"DF,MF",33-156,18,0,0,0,0,1,0,0,0,0,1,0,0,0,0,0,,,3f1df786,0.0,1,0,0,0
USA-Major League Soccer,2026,2026-08-15 LAFC-San Diego FC,San Diego FC,Lewis Morgan,9,SCO,FW,29-319,52,0,0,0,0,2,0,0,0,0,0,0,0,2,1,0,,,3f1df786,0.0,2,0,0,0
USA-Major League Soccer,2026,2026-08-15 LAFC-San Diego FC,San Diego FC,Luca Bombino,27,USA,LB,20-036,90,0,0,0,0,0,0,0,0,1,6,0,1,0,2,0,,,3f1df786,0.0,0,0,0,0
USA-Major League Soccer,2026,2026-08-15 LAFC-San Diego FC,San Diego FC,Manu Duah,26,GHA,CB,21-071,90,0,0,0,0,0,0,0,0,0,1,0,0,0,1,0,,,3f1df786,0.0,0,0,0,0
USA-Major League Soccer,2026,2026-08-15 LAFC-San Diego FC,San Diego FC,Marcus Ingvartsen,7,DEN,FW,30-223,84,0,0,0,0,2,0,0,0,2,1,4,0,0,1,0,,,3f1df786,0.0,2,0,0,0
USA-Major League Soccer,2026,2026-08-15 LAFC-San Diego FC,San Diego FC,Onni Valakari,8,FIN,MF,26-362,18,0,0,0,0,0,0,1,0,2,1,0,0,0,0,0,,,3f1df786,0.0,0,0,0,0
USA-Major League Soccer,2026,2026-08-15 LAFC-San Diego FC,San Diego FC,Oscar Verhoeven,33,USA,RB,20-076,90,0,0,0,0,1,1,0,0,0,1,0,3,1,1,0,,,3f1df786,0.0,1,1,0,0
USA-Major League Soccer,2026,2026-08-15 Nashville SC-Inter Miami,Inter Miami,Casemiro,5,BRA,DM,34-173,90,0,0,0,0,1,0,1,0,2,0,0,0,0,0,0,,,e2983058,0.0,1,0,0,0
USA-Major League Soccer,2026,2026-08-15 Nashville SC-Inter Miami,Inter Miami,David Ruíz,41,HON,MF,22-188,16,0,0,0,0,0,0,1,0,0,0,0,0,0,0,0,,,e2983058,0.0,0,0,0,0
USA-Major League Soccer,2026,2026-08-15 Nashville SC-Inter Miami,Inter Miami,Facundo Mura,4,ARG,RB,27-145,32,0,0,0,0,0,0,0,0,0,0,0,1,0,0,0,,,e2983058,0.0,0,0,0,0
USA-Major League Soccer,2026,2026-08-15 Nashville SC-Inter Miami,Inter Miami,Gonzalo Luján,2,ARG,CB,25-110,90,0,0,0,0,0,0,0,0,0,0,0,0,0,1,0,,,e2983058,0.0,0,0,0,0
USA-Major League Soccer,2026,2026-08-15 Nashville SC-Inter Miami,Inter Miami,Ian Fray,17,JAM,CB,23-349,74,0,0,0,0,1,0,0,0,0,2,0,1,0,0,0,,,e2983058,0.0,1,0,0,0
USA-Major League Soccer,2026,2026-08-15 Nashville SC-Inter Miami,Inter Miami,Lionel Messi,10,ARG,FW,39-052,90,0,1,0,1,11,2,1,0,0,2,1,2,0,0,0,,,e2983058,0.0,11,2,0,1
USA-Major League Soccer,2026,2026-08-15 Nashville SC-Inter Miami,Inter Miami,Lovens Delinois,54,HAI,FW,21-314,5,0,0,0,0,1,0,0,0,0,0,0,0,0,0,0,,,e2983058,0.0,1,0,0,0
USA-Major League Soccer,2026,2026-08-15 Nashville SC-Inter Miami,Inter Miami,Luis Suárez,9,URU,FW,39-203,90,0,0,0,0,0,0,0,0,1,4,2,0,2,0,0,,,e2983058,0.0,0,0,0,0
USA-Major League Soccer,2026,2026-08-15 Nashville SC-Inter Miami,Inter Miami,Maximiliano Falcón,37,URU,DF,29-106,58,0,0,0,0,0,0,0,0,2,0,0,0,2,1,0,,,e2983058,0.0,0,0,0,0
USA-Major League Soccer,2026,2026-08-15 Nashville SC-Inter Miami,Inter Miami,Noah Allen,32,GRE,DF,22-109,16,0,0,0,0,0,0,0,0,0,0,0,0,0,0,0,,,e2983058,0.0,0,0,0,0
USA-Major League Soccer,2026,2026-08-15 Nashville SC-Inter Miami,Inter Miami,Rocco Ríos Novo,34,ARG,GK,24-072,90,0,0,0,0,0,0,0,0,0,0,0,0,0,0,0,,,e2983058,0.0,0,0,0,0
USA-Major League Soccer,2026,2026-08-15 Nashville SC-Inter Miami,Inter Miami,Rodrigo De Paul,7,ARG,AM,32-083,90,0,0,0,0,0,0,0,0,0,3,0,5,0,1,0,,,e2983058,0.0,0,0,0,0
USA-Major League Soccer,2026,2026-08-15 Nashville SC-Inter Miami,Inter Miami,Sergio Reguilón,3,ESP,LB,29-242,74,0,0,0,0,0,0,0,0,1,1,0,1,0,1,0,,,e2983058,0.0,0,0,0,0
USA-Major League Soccer,2026,2026-08-15 Nashville SC-Inter Miami,Inter Miami,Telasco Segovia,8,VEN,AM,23-135,85,1,0,0,0,2,2,0,0,0,0,0,0,1,0,0,,,e2983058,0.0,2,2,1,0
USA-Major League Soccer,2026,2026-08-15 Nashville SC-Inter Miami,Inter Miami,Yannick Bright,42,ITA,AM,24-346,90,0,0,0,0,0,0,0,0,3,3,0,0,2,2,0,,,e2983058,0.0,0,0,0,0
USA-Major League Soccer,2026,2026-08-15 Nashville SC-Inter Miami,Nashville SC,Alex Muyl,19,USA,MF,30-319,19,0,0,0,0,0,0,0,0,0,0,0,0,2,1,0,,,e2983058,0.0,0,0,0,0
USA-Major League Soccer,2026,2026-08-15 Nashville SC-Inter Miami,Nashville SC,Andy Najar,31,HON,RB,33-152,83,1,0,0,0,1,1,0,0,0,0,0,0,0,1,0,,,e2983058,0.0,1,1,1,0
USA-Major League Soccer,2026,2026-08-15 Nashville SC-Inter Miami,Nashville SC,Brian Schwake,99,USA,GK,24-356,90,0,1,0,0,0,0,0,0,0,0,0,0,0,0,0,,,e2983058,0.0,0,0,0,1
USA-Major League Soccer,2026,2026-08-15 Nashville SC-Inter Miami,Nashville SC,Cristian Espinoza,7,ARG,FW,31-134,71,0,1,0,0,5,2,0,0,2,0,0,9,0,0,0,,,e2983058,0.0,5,2,0,1
USA-Major League Soccer,2026,2026-08-15 Nashville SC-Inter Miami,Nashville SC,Daniel Lovitz,2,USA,"DF,MF",34-353,7,0,0,0,0,0,0,0,0,1,0,0,0,0,0,0,,,e2983058,0.0,0,0,0,0
USA-Major League Soccer,2026,2026-08-15 Nashville SC-Inter Miami,Nashville SC,Edvard Sandvik Tagseth,20,NOR,CM,25-204,90,0,0,0,0,1,0,0,0,0,0,0,1,0,1,0,,,e2983058,0.0,1,0,0,0
USA-Major League Soccer,2026,2026-08-15 Nashville SC-Inter Miami,Nashville SC,Elias Saad,11,TUN,CM,26-231,71,0,2,0,0,0,0,0,0,4,4,0,3,1,2,0,,,e2983058,0.0,0,0,0,2
USA-Major League Soccer,2026,2026-08-15 Nashville SC-Inter Miami,Nashville SC,Hany Mukhtar,10,GER,FW,31-147,90,2,0,0,0,7,3,0,0,0,1,0,1,0,0,0,,,e2983058,0.0,7,3,2,0
USA-Major League Soccer,2026,2026-08-15 Nashville SC-Inter Miami,Nashville SC,Jack Maher,5,USA,DF,26-291,19,0,0,0,0,0,0,0,0,0,0,0,0,0,0,0,,,e2983058,0.0,0,0,0,0
USA-Major League Soccer,2026,2026-08-15 Nashville SC-Inter Miami,Nashville SC,Jeison Palacios,4,COL,CB,32-148,71,0,0,0,0,0,0,0,0,3,0,0,0,1,1,0,,,e2983058,0.0,0,0,0,0
USA-Major League Soccer,2026,2026-08-15 Nashville SC-Inter Miami,Nashville SC,Josh Bauer,22,USA,DF,28-024,4,0,0,0,0,0,0,0,0,0,0,0,0,1,1,0,,,e2983058,0.0,0,0,0,0
USA-Major League Soccer,2026,2026-08-15 Nashville SC-Inter Miami,Nashville SC,Matthew Corcoran,16,USA,CM,20-179,90,0,0,0,0,0,0,0,0,2,0,0,1,3,1,0,,,e2983058,0.0,0,0,0,0
USA-Major League Soccer,2026,2026-08-15 Nashville SC-Inter Miami,Nashville SC,Maxwell Woledzi,3,GHA,CB,25-044,90,0,0,0,0,0,0,0,0,2,0,0,0,0,2,0,,,e2983058,0.0,0,0,0,0
USA-Major League Soccer,2026,2026-08-15 Nashville SC-Inter Miami,Nashville SC,Reed Baker-Whiting,27,USA,LB,21-137,86,0,0,0,0,1,1,0,0,0,0,0,2,0,0,0,,,e2983058,0.0,1,1,0,0
USA-Major League Soccer,2026,2026-08-15 Nashville SC-Inter Miami,Nashville SC,Sam Surridge,9,ENG,FW,28-018,90,1,0,0,0,3,1,1,0,1,3,1,0,0,0,0,,,e2983058,0.0,3,1,1,0
USA-Major League Soccer,2026,2026-08-15 Nashville SC-Inter Miami,Nashville SC,Shakur Mohammed,14,GHA,MF,22-353,19,0,0,0,0,0,0,0,0,0,0,0,2,1,0,0,,,e2983058,0.0,0,0,0,0
USA-Major League Soccer,2026,2026-08-15 Orlando City-FC Cincinnati,FC Cincinnati,Ayoub Jabbari,99,MAR,FW,26-197,11,0,0,0,0,0,0,0,0,0,0,1,0,0,0,0,,,be010593,0.0,0,0,0,0
USA-Major League Soccer,2026,2026-08-15 Orlando City-FC Cincinnati,FC Cincinnati,Brian Anunga,27,CMR,MF,30-005,45,0,0,0,0,0,0,0,0,0,0,0,0,1,0,0,,,be010593,0.0,0,0,0,0
USA-Major League Soccer,2026,2026-08-15 Orlando City-FC Cincinnati,FC Cincinnati,Bryan Ramírez,29,ECU,LM,26-004,79,0,0,0,0,1,0,0,0,1,0,1,4,0,0,0,,,be010593,0.0,1,0,0,0
USA-Major League Soccer,2026,2026-08-15 Orlando City-FC Cincinnati,FC Cincinnati,Ender Echenique,66,VEN,RM,22-135,90,0,0,0,0,2,0,0,0,1,1,0,3,0,0,0,,,be010593,0.0,2,0,0,0
USA-Major League Soccer,2026,2026-08-15 Orlando City-FC Cincinnati,FC Cincinnati,Evander,10,BRA,FW,28-067,90,0,0,0,0,5,1,1,0,1,3,0,6,0,1,0,,,be010593,0.0,5,1,0,0
USA-Major League Soccer,2026,2026-08-15 Orlando City-FC Cincinnati,FC Cincinnati,Kenji Mboma Dem,17,FRA,FW,24-205,11,0,0,0,0,1,1,0,0,0,0,0,1,0,0,0,,,be010593,0.0,1,1,0,0
USA-Major League Soccer,2026,2026-08-15 Orlando City-FC Cincinnati,FC Cincinnati,Kyle Smith,24,USA,"DF,MF",34-218,25,0,0,0,0,0,0,0,0,0,0,0,0,1,0,0,,,be010593,0.0,0,0,0,0
USA-Major League Soccer,2026,2026-08-15 Orlando City-FC Cincinnati,FC Cincinnati,Kévin Denkey,9,TOG,FW,25-258,90,0,0,0,0,1,0,0,0,0,0,3,2,0,0,0,,,be010593,0.0,1,0,0,0
USA-Major League Soccer,2026,2026-08-15 Orlando City-FC Cincinnati,FC Cincinnati,Matt Miazga,21,USA,CB,31-027,89,0,0,0,0,0,0,1,0,1,0,1,0,2,0,0,,,be010593,0.0,0,0,0,0
USA-Major League Soccer,2026,2026-08-15 Orlando City-FC Cincinnati,FC Cincinnati,Miles Robinson,12,USA,CB,29-154,90,0,0,0,0,0,0,0,0,0,0,1,0,0,1,0,,,be010593,0.0,0,0,0,0
USA-Major League Soccer,2026,2026-08-15 Orlando City-FC Cincinnati,FC Cincinnati,Obinna Nwobodo,5,NGA,CM,29-259,45,0,0,0,0,0,0,0,0,2,0,0,0,1,0,0,,,be010593,0.0,0,0,0,0
USA-Major League Soccer,2026,2026-08-15 Orlando City-FC Cincinnati,FC Cincinnati,Pavel Bucha,20,CZE,CM,28-157,90,1,0,0,0,1,1,0,0,2,0,0,1,2,1,0,,,be010593,0.0,1,1,1,0
USA-Major League Soccer,2026,2026-08-15 Orlando City-FC Cincinnati,FC Cincinnati,Roman Celentano,18,USA,GK,25-335,90,0,0,0,0,0,0,0,0,0,0,0,0,0,0,0,,,be010593,0.0,0,0,0,0
USA-Major League Soccer,2026,2026-08-15 Orlando City-FC Cincinnati,FC Cincinnati,Samuel Gidi,11,SVK,CB,22-122,65,0,0,0,0,0,0,0,0,3,0,0,0,2,1,0,,,be010593,0.0,0,0,0,0
USA-Major League Soccer,2026,2026-08-15 Orlando City-FC Cincinnati,FC Cincinnati,Teenage Hadebe,15,ZIM,DF,30-332,1,0,0,0,0,0,0,0,0,0,0,0,0,0,0,0,,,be010593,0.0,0,0,0,0
USA-Major League Soccer,2026,2026-08-15 Orlando City-FC Cincinnati,FC Cincinnati,Tom Barlow,16,USA,FW,31-038,79,0,0,0,0,0,0,0,0,1,2,1,0,0,0,0,,,be010593,0.0,0,0,0,0
USA-Major League Soccer,2026,2026-08-15 Orlando City-FC Cincinnati,Orlando City,Adrián Marín,3,ESP,DF,29-218,52,0,0,0,0,0,0,0,0,1,0,0,1,0,0,0,,,be010593,0.0,0,0,0,0
USA-Major League Soccer,2026,2026-08-15 Orlando City-FC Cincinnati,Orlando City,Antoine Griezmann,7,FRA,AM,35-147,90,0,0,0,0,3,1,0,0,0,1,0,14,0,0,0,,,be010593,0.0,3,1,0,0
USA-Major League Soccer,2026,2026-08-15 Orlando City-FC Cincinnati,Orlando City,Bernardo Rhein,44,BRA,LB,18-328,38,0,0,0,0,0,0,0,0,0,0,0,2,0,1,0,,,be010593,0.0,0,0,0,0
USA-Major League Soccer,2026,2026-08-15 Orlando City-FC Cincinnati,Orlando City,Daryl Dike,9,USA,FW,26-073,9,0,0,0,0,0,0,0,0,0,1,0,0,0,0,0,,,be010593,0.0,0,0,0,0
USA-Major League Soccer,2026,2026-08-15 Orlando City-FC Cincinnati,Orlando City,David Brekalo,4,SVN,CB,27-255,90,0,0,0,0,0,0,0,0,0,0,0,0,2,0,0,,,be010593,0.0,0,0,0,0
USA-Major League Soccer,2026,2026-08-15 Orlando City-FC Cincinnati,Orlando City,Griffin Dorsey,24,USA,RB,27-163,90,0,0,0,0,0,0,0,0,3,1,1,0,2,2,0,,,be010593,0.0,0,0,0,0
USA-Major League Soccer,2026,2026-08-15 Orlando City-FC Cincinnati,Orlando City,Iván Angulo,77,COL,AM,27-146,90,0,0,0,0,0,0,0,0,0,3,0,1,0,0,0,,,be010593,0.0,0,0,0,0
USA-Major League Soccer,2026,2026-08-15 Orlando City-FC Cincinnati,Orlando City,Joran Gerbet,35,FRA,DM,25-046,45,0,0,0,0,0,0,0,0,0,1,0,1,0,1,0,,,be010593,0.0,0,0,0,0
USA-Major League Soccer,2026,2026-08-15 Orlando City-FC Cincinnati,Orlando City,Justin Ellis,22,USA,FW,19-093,60,0,1,0,0,5,3,0,0,0,0,0,0,0,0,0,,,be010593,0.0,5,3,0,1
USA-Major League Soccer,2026,2026-08-15 Orlando City-FC Cincinnati,Orlando City,Luis Otávio,5,BRA,DM,19-125,90,0,0,0,0,0,0,0,0,1,2,0,1,4,1,0,,,be010593,0.0,0,0,0,0
USA-Major League Soccer,2026,2026-08-15 Orlando City-FC Cincinnati,Orlando City,Marco Pašalić,87,CRO,MF,25-335,45,0,0,0,0,3,0,0,0,0,0,0,1,0,0,0,,,be010593,0.0,3,0,0,0
USA-Major League Soccer,2026,2026-08-15 Orlando City-FC Cincinnati,Orlando City,Maxime Crépeau,71,CAN,GK,32-096,90,0,0,0,0,0,0,0,0,0,0,0,0,0,0,0,,,be010593,0.0,0,0,0,0
USA-Major League Soccer,2026,2026-08-15 Orlando City-FC Cincinnati,Orlando City,Robin Jansson,6,SWE,CB,34-273,90,0,0,0,0,0,0,1,0,0,0,0,0,0,0,0,,,be010593,0.0,0,0,0,0
USA-Major League Soccer,2026,2026-08-15 Orlando City-FC Cincinnati,Orlando City,Tyrese Spicer,14,TRI,AM,25-254,81,1,0,0,0,5,1,0,0,2,0,0,6,0,0,0,,,be010593,0.0,5,1,1,0
USA-Major League Soccer,2026,2026-08-15 Orlando City-FC Cincinnati,Orlando City,Wilder Cartagena,16,PER,MF,31-326,30,0,0,0,0,1,0,0,0,0,1,0,2,1,0,0,,,be010593,0.0,1,0,0,0
USA-Major League Soccer,2026,2026-08-15 Real Salt Lake-Minnesota Utd,Minnesota United,Anthony Markanich,13,PHI,LM,26-232,90,0,0,0,0,3,1,0,0,1,0,0,0,1,0,0,,,c014cf23,0.0,3,1,0,0
USA-Major League Soccer,2026,2026-08-15 Real Salt Lake-Minnesota Utd,Minnesota United,Bongokuhle Hlongwane,21,RSA,"DF,FW",26-056,45,0,0,0,0,0,0,0,0,0,0,0,1,0,1,0,,,c014cf23,0.0,0,0,0,0
USA-Major League Soccer,2026,2026-08-15 Real Salt Lake-Minnesota Utd,Minnesota United,Carlos Harvey,67,PAN,"DF,MF",26-193,20,0,0,0,0,0,0,0,0,0,0,0,0,0,1,0,,,c014cf23,0.0,0,0,0,0
USA-Major League Soccer,2026,2026-08-15 Real Salt Lake-Minnesota Utd,Minnesota United,Drake Callender,12,USA,GK,28-312,90,0,0,0,0,0,0,0,0,0,0,0,0,0,0,0,,,c014cf23,0.0,0,0,0,0
USA-Major League Soccer,2026,2026-08-15 Real Salt Lake-Minnesota Utd,Minnesota United,Jefferson Díaz,28,COL,CB,25-253,70,0,0,0,0,0,0,1,0,2,1,0,0,0,0,0,,,c014cf23,0.0,0,0,0,0
USA-Major League Soccer,2026,2026-08-15 Real Salt Lake-Minnesota Utd,Minnesota United,Joaquín Pereyra,26,ARG,FW,27-257,90,1,0,0,0,2,1,0,0,0,2,0,8,1,0,0,,,c014cf23,0.0,2,1,1,0
USA-Major League Soccer,2026,2026-08-15 Real Salt Lake-Minnesota Utd,Minnesota United,Kelvin Yeboah,9,ITA,FW,26-101,20,0,0,0,0,0,0,0,0,1,0,0,1,0,0,0,,,c014cf23,0.0,0,0,0,0
USA-Major League Soccer,2026,2026-08-15 Real Salt Lake-Minnesota Utd,Minnesota United,Kyle Duncan,3,USA,RM,29-007,45,0,0,0,0,1,0,0,0,0,0,0,2,0,1,0,,,c014cf23,0.0,1,0,0,0
USA-Major League Soccer,2026,2026-08-15 Real Salt Lake-Minnesota Utd,Minnesota United,Mamadou Dieng,29,SEN,FW,22-192,70,0,0,0,0,2,1,0,0,1,1,1,0,0,0,0,,,c014cf23,0.0,2,1,0,0
USA-Major League Soccer,2026,2026-08-15 Real Salt Lake-Minnesota Utd,Minnesota United,Marcus Caldeira,22,CAN,FW,21-305,4,0,1,0,0,1,0,0,0,0,0,0,0,0,0,0,,,c014cf23,0.0,1,0,0,1
USA-Major League Soccer,2026,2026-08-15 Real Salt Lake-Minnesota Utd,Minnesota United,Mauricio Gonzalez,18,,MF,,20,0,0,0,0,0,0,0,0,0,0,0,0,0,0,0,,,c014cf23,0.0,0,0,0,0
USA-Major League Soccer,2026,2026-08-15 Real Salt Lake-Minnesota Utd,Minnesota United,Michael Boxall,15,NZL,CB,37-362,90,0,0,0,0,1,0,0,0,1,0,0,0,0,5,0,,,c014cf23,0.0,1,0,0,0
USA-Major League Soccer,2026,2026-08-15 Real Salt Lake-Minnesota Utd,Minnesota United,Morris Duggan,23,GER,CB,25-295,90,0,0,0,0,0,0,0,0,1,1,0,1,3,2,0,,,c014cf23,0.0,0,0,0,0
USA-Major League Soccer,2026,2026-08-15 Real Salt Lake-Minnesota Utd,Minnesota United,Owen Géne,30,FRA,CM,23-149,90,0,0,0,0,1,0,0,0,2,0,0,0,0,0,0,,,c014cf23,0.0,1,0,0,0
USA-Major League Soccer,2026,2026-08-15 Real Salt Lake-Minnesota Utd,Minnesota United,Tomás Chancalay,8,ARG,FW,27-226,70,0,0,0,0,4,0,0,0,2,1,0,4,0,1,0,,,c014cf23,0.0,4,0,0,0
USA-Major League Soccer,2026,2026-08-15 Real Salt Lake-Minnesota Utd,Minnesota United,Wil Trapp,20,USA,CM,33-212,86,0,0,0,0,0,0,0,0,1,0,0,0,0,1,0,,,c014cf23,0.0,0,0,0,0
USA-Major League Soccer,2026,2026-08-15 Real Salt Lake-Minnesota Utd,Real Salt Lake,Aiden Hezarkhani,39,USA,FW,19-048,5,0,0,0,0,1,0,0,0,1,1,0,0,0,0,0,,,c014cf23,0.0,1,0,0,0
USA-Major League Soccer,2026,2026-08-15 Real Salt Lake-Minnesota Utd,Real Salt Lake,Diego Luna,10,USA,AM,22-342,85,0,1,0,0,2,0,0,0,1,1,1,10,0,3,0,,,c014cf23,0.0,2,0,0,1
USA-Major League Soccer,2026,2026-08-15 Real Salt Lake-Minnesota Utd,Real Salt Lake,Dominik Marczuk,11,POL,MF,22-287,76,0,0,0,0,2,2,0,0,0,3,0,0,0,1,0,,,c014cf23,0.0,2,2,0,0
USA-Major League Soccer,2026,2026-08-15 Real Salt Lake-Minnesota Utd,Real Salt Lake,Juan Arias,21,COL,CB,22-219,90,0,0,0,0,0,0,0,0,1,1,0,0,0,3,0,,,c014cf23,0.0,0,0,0,0
USA-Major League Soccer,2026,2026-08-15 Real Salt Lake-Minnesota Utd,Real Salt Lake,Juan Manuel Sanabria,8,URU,DM,26-139,90,0,0,0,0,2,2,0,0,0,0,0,2,1,0,0,,,c014cf23,0.0,2,2,0,0
USA-Major League Soccer,2026,2026-08-15 Real Salt Lake-Minnesota Utd,Real Salt Lake,Lineker Rodrigues dos Santos,70,BRA,AM,24-156,59,0,0,0,0,1,1,1,0,1,2,0,0,0,1,0,,,c014cf23,0.0,1,1,0,0
USA-Major League Soccer,2026,2026-08-15 Real Salt Lake-Minnesota Utd,Real Salt Lake,Lukas Engel,4,DEN,CB,27-244,90,0,0,0,0,0,0,0,0,0,0,0,0,0,3,0,,,c014cf23,0.0,0,0,0,0
USA-Major League Soccer,2026,2026-08-15 Real Salt Lake-Minnesota Utd,Real Salt Lake,Noel Caliskan,92,GER,DM,25-351,90,0,0,0,0,1,0,0,0,1,2,0,0,0,6,0,,,c014cf23,0.0,1,0,0,0
USA-Major League Soccer,2026,2026-08-15 Real Salt Lake-Minnesota Utd,Real Salt Lake,Philip Quinton,26,USA,CB,26-272,90,0,0,0,0,0,0,0,0,1,0,0,0,2,1,0,,,c014cf23,0.0,0,0,0,0
USA-Major League Soccer,2026,2026-08-15 Real Salt Lake-Minnesota Utd,Real Salt Lake,Rafael Cabral,1,BRA,GK,36-087,90,0,0,0,0,0,0,0,0,0,0,0,0,0,0,0,,,c014cf23,0.0,0,0,0,0
USA-Major League Soccer,2026,2026-08-15 Real Salt Lake-Minnesota Utd,Real Salt Lake,Saba Lobzhanidze,12,GEO,"FW,MF",31-240,31,0,0,0,0,0,0,0,0,0,0,0,3,0,1,0,,,c014cf23,0.0,0,0,0,0
USA-Major League Soccer,2026,2026-08-15 Real Salt Lake-Minnesota Utd,Real Salt Lake,Sergi Solans,22,ESP,FW,23-170,85,1,0,0,0,3,1,0,0,0,2,0,0,1,0,0,,,c014cf23,0.0,3,1,1,0
USA-Major League Soccer,2026,2026-08-15 Real Salt Lake-Minnesota Utd,Real Salt Lake,Stijn Spierings,6,NED,DM,30-156,90,0,0,0,0,1,1,1,0,0,0,0,0,1,1,0,,,c014cf23,0.0,1,1,0,0
USA-Major League Soccer,2026,2026-08-15 Real Salt Lake-Minnesota Utd,Real Salt Lake,Victor Olatunji,17,NGA,FW,26-344,5,0,0,0,0,0,0,0,0,0,0,0,0,1,1,0,,,c014cf23,0.0,0,0,0,0
USA-Major League Soccer,2026,2026-08-15 Real Salt Lake-Minnesota Utd,Real Salt Lake,Zach Booth,23,USA,DM,22-179,14,0,0,0,0,0,0,1,0,1,0,0,0,0,0,0,,,c014cf23,0.0,0,0,0,0
USA-Major League Soccer,2026,2026-08-15 SJ Earthquakes-St. Louis City,San Jose Earthquakes,Angus Gunn,1,SCO,GK,30-205,90,0,0,0,0,0,0,0,0,0,0,0,0,0,0,0,,,65fa98ca,0.0,0,0,0,0
USA-Major League Soccer,2026,2026-08-15 SJ Earthquakes-St. Louis City,San Jose Earthquakes,Beau Leroux,34,USA,DM,22-349,90,1,0,0,0,1,1,0,0,2,2,0,1,1,2,0,,,65fa98ca,0.0,1,1,1,0
USA-Major League Soccer,2026,2026-08-15 SJ Earthquakes-St. Louis City,San Jose Earthquakes,Benjamin Kikanovic,28,USA,RB,26-221,45,0,0,0,0,1,0,0,0,0,1,0,0,0,0,0,,,65fa98ca,0.0,1,0,0,0
USA-Major League Soccer,2026,2026-08-15 SJ Earthquakes-St. Louis City,San Jose Earthquakes,Daniel Munie,5,USA,CB,26-186,90,0,0,0,0,0,0,0,0,1,0,0,0,0,2,0,,,65fa98ca,0.0,0,0,0,0
USA-Major League Soccer,2026,2026-08-15 SJ Earthquakes-St. Louis City,San Jose Earthquakes,Ian Harkes,6,USA,MF,31-138,20,0,0,0,0,0,0,0,0,0,0,0,0,1,1,0,,,65fa98ca,0.0,0,0,0,0
USA-Major League Soccer,2026,2026-08-15 SJ Earthquakes-St. Louis City,San Jose Earthquakes,Jack Jasinski,17,USA,FW,22-254,45,0,0,0,0,0,0,0,0,0,0,0,0,1,0,0,,,65fa98ca,0.0,0,0,0,0
USA-Major League Soccer,2026,2026-08-15 SJ Earthquakes-St. Louis City,San Jose Earthquakes,Jack Skahan,16,USA,MF,28-189,20,0,0,0,0,0,0,0,0,0,1,0,0,0,1,0,,,65fa98ca,0.0,0,0,0,0
USA-Major League Soccer,2026,2026-08-15 SJ Earthquakes-St. Louis City,San Jose Earthquakes,Jamar Ricketts,2,USA,LB,24-295,90,0,0,0,0,0,0,0,0,3,4,0,2,1,0,0,,,65fa98ca,0.0,0,0,0,0
USA-Major League Soccer,2026,2026-08-15 SJ Earthquakes-St. Louis City,San Jose Earthquakes,Luka Jovanović,9,AUS,FW,21-087,45,0,0,0,0,0,0,0,0,0,1,0,0,1,0,0,,,65fa98ca,0.0,0,0,0,0
USA-Major League Soccer,2026,2026-08-15 SJ Earthquakes-St. Louis City,San Jose Earthquakes,Niko Tsakiris,10,USA,AM,21-057,45,0,0,0,0,0,0,0,0,1,1,0,1,1,1,0,,,65fa98ca,0.0,0,0,0,0
USA-Major League Soccer,2026,2026-08-15 SJ Earthquakes-St. Louis City,San Jose Earthquakes,Ousseni Bouda,7,BFA,AM,26-109,70,0,0,0,0,0,0,0,0,1,1,0,3,0,2,0,,,65fa98ca,0.0,0,0,0,0
USA-Major League Soccer,2026,2026-08-15 SJ Earthquakes-St. Louis City,San Jose Earthquakes,Preston Judd,19,USA,FW,27-079,90,0,0,0,0,3,0,0,0,1,3,1,1,0,0,0,,,65fa98ca,0.0,3,0,0,0
USA-Major League Soccer,2026,2026-08-15 SJ Earthquakes-St. Louis City,San Jose Earthquakes,Reid Roberts,18,USA,CB,22-249,90,0,0,0,0,1,0,1,0,2,0,0,0,1,2,0,,,65fa98ca,0.0,1,0,0,0
USA-Major League Soccer,2026,2026-08-15 SJ Earthquakes-St. Louis City,San Jose Earthquakes,Ronaldo Vieira,14,GNB,DM,28-027,70,0,0,0,0,0,0,0,0,3,0,0,0,0,1,0,,,65fa98ca,0.0,0,0,0,0
USA-Major League Soccer,2026,2026-08-15 SJ Earthquakes-St. Louis City,San Jose Earthquakes,Timo Werner,11,GER,AM,30-162,90,0,0,0,0,0,0,0,0,2,3,0,10,0,0,0,,,65fa98ca,0.0,0,0,0,0
USA-Major League Soccer,2026,2026-08-15 SJ Earthquakes-St. Louis City,St. Louis City,Alexandru Mățan,23,ROU,"FW,MF",26-351,22,0,0,0,0,0,0,0,0,0,2,0,1,1,1,0,,,65fa98ca,0.0,0,0,0,0
USA-Major League Soccer,2026,2026-08-15 SJ Earthquakes-St. Louis City,St. Louis City,Carlo Holse,19,DEN,"FW,MF",27-074,22,0,0,0,0,1,0,0,0,0,0,0,2,0,0,0,,,65fa98ca,0.0,1,0,0,0
USA-Major League Soccer,2026,2026-08-15 SJ Earthquakes-St. Louis City,St. Louis City,Chris Durkin,8,USA,DM,26-188,90,0,0,0,0,0,0,0,0,1,3,0,1,3,2,0,,,65fa98ca,0.0,0,0,0,0
USA-Major League Soccer,2026,2026-08-15 SJ Earthquakes-St. Louis City,St. Louis City,Conrad Wallem,6,NOR,DM,26-067,88,0,1,0,0,0,0,1,0,5,1,0,1,3,1,0,,,65fa98ca,0.0,0,0,0,1
USA-Major League Soccer,2026,2026-08-15 SJ Earthquakes-St. Louis City,St. Louis City,Daniel Edelman,24,USA,DM,23-109,90,1,0,0,0,2,2,0,0,0,0,0,0,1,1,0,,,65fa98ca,0.0,2,2,1,0
USA-Major League Soccer,2026,2026-08-15 SJ Earthquakes-St. Louis City,St. Louis City,Dante Polvara,21,USA,CB,26-055,90,0,0,0,0,0,0,0,0,0,1,0,1,5,5,0,,,65fa98ca,0.0,0,0,0,0
USA-Major League Soccer,2026,2026-08-15 SJ Earthquakes-St. Louis City,St. Louis City,Eduard Löwen,10,GER,AM,29-199,68,0,1,0,0,2,0,0,0,1,4,0,6,0,0,0,,,65fa98ca,0.0,2,0,0,1
USA-Major League Soccer,2026,2026-08-15 SJ Earthquakes-St. Louis City,St. Louis City,Jaziel Orozco,99,USA,DF,22-074,2,0,0,0,0,0,0,0,0,0,0,0,0,0,0,0,,,65fa98ca,0.0,0,0,0,0
USA-Major League Soccer,2026,2026-08-15 SJ Earthquakes-St. Louis City,St. Louis City,Jeong Sangbin,77,KOR,FW,24-136,68,0,0,0,0,1,1,0,0,0,1,0,1,0,0,0,,,65fa98ca,0.0,1,1,0,0
USA-Major League Soccer,2026,2026-08-15 SJ Earthquakes-St. Louis City,St. Louis City,Lukas MacNaughton,5,CAN,CB,31-160,90,0,0,0,0,0,0,0,0,3,1,0,0,1,1,0,,,65fa98ca,0.0,0,0,0,0
USA-Major League Soccer,2026,2026-08-15 SJ Earthquakes-St. Louis City,St. Louis City,Palmer Ault,29,USA,FW,22-118,2,0,0,0,0,0,0,0,0,0,0,1,0,0,0,0,,,65fa98ca,0.0,0,0,0,0
USA-Major League Soccer,2026,2026-08-15 SJ Earthquakes-St. Louis City,St. Louis City,Roman Bürki,1,SUI,GK,35-274,90,0,0,0,0,0,0,0,0,0,0,0,0,0,0,0,,,65fa98ca,0.0,0,0,0,0
USA-Major League Soccer,2026,2026-08-15 SJ Earthquakes-St. Louis City,St. Louis City,Simon Becher,11,USA,FW,27-026,88,2,0,0,0,7,4,0,0,1,1,2,0,0,0,0,,,65fa98ca,0.0,7,4,2,0
USA-Major League Soccer,2026,2026-08-15 SJ Earthquakes-St. Louis City,St. Louis City,Timo Baumgartl,32,GER,CB,30-164,90,0,0,0,0,1,0,0,0,3,0,0,0,1,1,0,,,65fa98ca,0.0,1,0,0,0
USA-Major League Soccer,2026,2026-08-15 SJ Earthquakes-St. Louis City,St. Louis City,Tomas Totland,14,NOR,DM,26-321,90,0,1,0,0,0,0,1,0,3,0,1,0,1,1,0,,,65fa98ca,0.0,0,0,0,1
USA-Major League Soccer,2026,2026-08-15 Toronto FC-NE Revolution,New England Revolution,Alhassan Yusuf,80,NGA,CM,26-028,90,0,0,0,0,1,0,0,0,0,1,0,1,1,0,0,,,fe58089c,0.0,1,0,0,0
USA-Major League Soccer,2026,2026-08-15 Toronto FC-NE Revolution,New England Revolution,Brooklyn Raines,21,USA,CM,21-157,85,0,0,0,0,1,1,1,0,2,2,0,0,0,1,0,,,fe58089c,0.0,1,1,0,0
USA-Major League Soccer,2026,2026-08-15 Toronto FC-NE Revolution,New England Revolution,Carles Gil,10,ESP,CM,33-266,90,0,0,0,0,3,0,0,0,1,4,0,8,0,0,0,,,fe58089c,0.0,3,0,0,0
USA-Major League Soccer,2026,2026-08-15 Toronto FC-NE Revolution,New England Revolution,Diego Fagúndez,77,URU,"FW,MF",31-182,5,0,0,0,0,0,0,0,0,0,0,0,1,0,0,0,,,fe58089c,0.0,0,0,0,0
USA-Major League Soccer,2026,2026-08-15 Toronto FC-NE Revolution,New England Revolution,Dor Turgeman,99,ISR,FW,22-295,72,0,0,0,0,2,0,0,0,1,0,1,0,0,0,0,,,fe58089c,0.0,2,0,0,0
USA-Major League Soccer,2026,2026-08-15 Toronto FC-NE Revolution,New England Revolution,Ethan Kohler,22,USA,CB,21-087,90,0,0,0,0,2,0,0,0,0,1,0,0,0,0,0,,,fe58089c,0.0,2,0,0,0
USA-Major League Soccer,2026,2026-08-15 Toronto FC-NE Revolution,New England Revolution,Griffin Yow,7,USA,MF,23-324,51,0,0,0,0,3,2,0,0,0,0,0,2,3,0,0,,,fe58089c,0.0,3,2,0,0
USA-Major League Soccer,2026,2026-08-15 Toronto FC-NE Revolution,New England Revolution,Jack Harrison,11,ENG,FW,29-268,90,0,1,0,0,4,1,0,0,0,2,0,18,0,0,0,,,fe58089c,0.0,4,1,0,1
USA-Major League Soccer,2026,2026-08-15 Toronto FC-NE Revolution,New England Revolution,Mamadou Fofana,2,MLI,CB,28-206,90,0,0,0,0,1,0,0,0,1,0,0,0,1,0,0,,,fe58089c,0.0,1,0,0,0
USA-Major League Soccer,2026,2026-08-15 Toronto FC-NE Revolution,New England Revolution,Marcos Zambrano,17,USA,FW,21-207,10,0,0,0,0,0,0,0,0,0,0,0,0,0,0,0,,,fe58089c,0.0,0,0,0,0
USA-Major League Soccer,2026,2026-08-15 Toronto FC-NE Revolution,New England Revolution,Matt Polster,8,USA,RB,33-068,80,0,0,0,0,4,1,0,0,0,0,0,3,0,0,0,,,fe58089c,0.0,4,1,0,0
USA-Major League Soccer,2026,2026-08-15 Toronto FC-NE Revolution,New England Revolution,Matt Turner,30,USA,GK,32-052,90,0,0,0,0,0,0,0,0,0,0,0,0,0,0,0,,,fe58089c,0.0,0,0,0,0
USA-Major League Soccer,2026,2026-08-15 Toronto FC-NE Revolution,New England Revolution,Peyton Miller,25,USA,FW,18-280,39,0,0,0,0,1,1,0,0,0,0,0,1,1,0,0,,,fe58089c,0.0,1,1,0,0
USA-Major League Soccer,2026,2026-08-15 Toronto FC-NE Revolution,New England Revolution,William Sands,23,USA,LB,26-040,90,0,0,0,0,0,0,0,0,0,1,0,2,1,1,1,,,fe58089c,0.0,0,0,0,0
USA-Major League Soccer,2026,2026-08-15 Toronto FC-NE Revolution,New England Revolution,Wilson Harris,27,USA,FW,26-260,18,1,0,0,0,2,1,0,0,0,0,0,0,1,0,0,,,fe58089c,0.0,2,1,1,0
USA-Major League Soccer,2026,2026-08-15 Toronto FC-NE Revolution,Toronto FC,Alonso Coello,14,ESP,MF,26-307,10,0,0,0,0,0,0,0,0,0,0,0,1,0,0,0,,,fe58089c,0.0,0,0,0,0
USA-Major League Soccer,2026,2026-08-15 Toronto FC-NE Revolution,Toronto FC,Benjamín Kuscevic,13,CHI,CB,30-105,90,0,0,0,0,0,0,0,0,2,0,0,0,0,2,0,,,fe58089c,0.0,0,0,0,0
USA-Major League Soccer,2026,2026-08-15 Toronto FC-NE Revolution,Toronto FC,Djordje Mihailovic,10,USA,AM,27-278,75,0,1,0,0,0,0,0,1,2,0,0,1,0,0,0,,,fe58089c,0.0,0,0,0,1
USA-Major League Soccer,2026,2026-08-15 Toronto FC-NE Revolution,Toronto FC,Dániel Sallói,20,HUN,AM,30-027,80,0,0,0,0,1,0,0,0,0,0,1,0,0,2,0,,,fe58089c,0.0,1,0,0,0
USA-Major League Soccer,2026,2026-08-15 Toronto FC-NE Revolution,Toronto FC,Emilio Aristizábal,17,COL,FW,21-010,1,0,0,0,0,0,0,0,0,0,0,0,0,0,1,0,,,fe58089c,0.0,0,0,0,0
USA-Major League Soccer,2026,2026-08-15 Toronto FC-NE Revolution,Toronto FC,Jackson Gilman,38,USA,LB,22-108,90,0,0,0,0,0,0,0,0,0,0,0,0,2,0,0,,,fe58089c,0.0,0,0,0,0
USA-Major League Soccer,2026,2026-08-15 Toronto FC-NE Revolution,Toronto FC,Josh Sargent,9,USA,FW,26-176,89,0,0,0,0,1,0,0,0,1,2,0,1,0,0,0,,,fe58089c,0.0,1,0,0,0
USA-Major League Soccer,2026,2026-08-15 Toronto FC-NE Revolution,Toronto FC,Kobe Franklin,19,CAN,DF,23-097,1,0,0,0,0,0,0,0,0,0,0,0,0,0,0,0,,,fe58089c,0.0,0,0,0,0
USA-Major League Soccer,2026,2026-08-15 Toronto FC-NE Revolution,Toronto FC,Luka Gavran,1,CAN,GK,26-098,90,0,0,0,0,0,0,0,0,0,0,0,0,0,0,0,,,fe58089c,0.0,0,0,0,0
USA-Major League Soccer,2026,2026-08-15 Toronto FC-NE Revolution,Toronto FC,Markus Cimermancic,71,CAN,DM,21-318,89,0,0,0,0,0,0,0,0,0,1,0,1,1,1,0,,,fe58089c,0.0,0,0,0,0
USA-Major League Soccer,2026,2026-08-15 Toronto FC-NE Revolution,Toronto FC,Niklas Dorsch,6,GER,DM,28-212,90,1,0,0,0,1,1,0,0,5,1,0,0,2,1,0,,,fe58089c,0.0,1,1,1,0
USA-Major League Soccer,2026,2026-08-15 Toronto FC-NE Revolution,Toronto FC,Richie Laryea,22,CAN,RB,31-220,90,0,0,0,0,0,0,0,0,0,0,1,0,0,1,0,,,fe58089c,0.0,0,0,0,0
USA-Major League Soccer,2026,2026-08-15 Toronto FC-NE Revolution,Toronto FC,Theo Corbeanu,7,CAN,AM,24-090,81,0,0,0,0,0,0,0,0,0,0,0,6,0,1,0,,,fe58089c,0.0,0,0,0,0
USA-Major League Soccer,2026,2026-08-15 Toronto FC-NE Revolution,Toronto FC,Walker Zimmerman,25,USA,CB,33-088,90,0,0,0,0,0,0,1,0,1,1,0,0,0,1,0,,,fe58089c,0.0,0,0,0,0
USA-Major League Soccer,2026,2026-08-15 Toronto FC-NE Revolution,Toronto FC,Zane Monlouis,12,ENG,DF,22-303,9,0,0,0,0,0,0,0,0,0,0,0,0,0,0,0,,,fe58089c,0.0,0,0,0,0
USA-Major League Soccer,2026,2026-08-16 Austin FC-FC Dallas,Austin FC,Besard Sabovic,14,SWE,CM,28-223,90,0,0,0,0,1,0,0,0,0,2,0,1,1,0,0,,,115ea14d,0.0,1,0,0,0
USA-Major League Soccer,2026,2026-08-16 Austin FC-FC Dallas,Austin FC,Brad Stuver,1,USA,GK,35-122,90,0,0,0,0,0,0,0,0,0,1,0,0,0,0,0,,,115ea14d,0.0,0,0,0,0
USA-Major League Soccer,2026,2026-08-16 Austin FC-FC Dallas,Austin FC,Brandon Vazquez,9,USA,FW,27-306,28,0,0,0,0,0,0,0,0,1,1,0,0,1,0,0,,,115ea14d,0.0,0,0,0,0
USA-Major League Soccer,2026,2026-08-16 Austin FC-FC Dallas,Austin FC,Christian Ramirez,21,USA,FW,35-134,62,0,0,0,0,0,0,0,0,0,2,1,2,1,0,0,,,115ea14d,0.0,0,0,0,0
USA-Major League Soccer,2026,2026-08-16 Austin FC-FC Dallas,Austin FC,Ervin Torres,38,USA,FW,18-275,90,1,0,0,0,1,1,0,0,0,2,0,0,1,1,0,,,115ea14d,0.0,1,1,1,0
USA-Major League Soccer,2026,2026-08-16 Austin FC-FC Dallas,Austin FC,Facundo Torres,11,URU,MF,26-125,45,0,0,0,0,0,0,0,0,0,1,0,5,0,0,0,,,115ea14d,0.0,0,0,0,0
USA-Major League Soccer,2026,2026-08-16 Austin FC-FC Dallas,Austin FC,Guilherme Biro,29,BRA,CB,26-107,81,0,0,0,0,0,0,0,0,0,0,0,0,1,1,0,,,115ea14d,0.0,0,0,0,0
USA-Major League Soccer,2026,2026-08-16 Austin FC-FC Dallas,Austin FC,Ilie Sánchez,6,ESP,CM,35-268,45,0,0,0,0,0,0,0,0,1,0,0,0,0,0,0,,,115ea14d,0.0,0,0,0,0
USA-Major League Soccer,2026,2026-08-16 Austin FC-FC Dallas,Austin FC,Jayden Nelson,7,CAN,"FW,MF",23-324,9,0,0,0,0,1,1,0,0,0,0,0,1,0,0,0,,,115ea14d,0.0,1,1,0,0
USA-Major League Soccer,2026,2026-08-16 Austin FC-FC Dallas,Austin FC,Jon Gallagher,17,IRL,LM,30-174,62,0,0,0,0,1,1,0,0,0,0,0,4,1,0,0,,,115ea14d,0.0,1,1,0,0
USA-Major League Soccer,2026,2026-08-16 Austin FC-FC Dallas,Austin FC,Joseph Rosales,30,HON,RM,25-283,45,0,0,0,0,0,0,0,0,0,2,0,2,0,0,0,,,115ea14d,0.0,0,0,0,0
USA-Major League Soccer,2026,2026-08-16 Austin FC-FC Dallas,Austin FC,Mateja Đorđević,35,SRB,CB,23-211,90,0,0,0,0,1,0,1,0,3,2,0,0,2,0,0,,,115ea14d,0.0,1,0,0,0
USA-Major League Soccer,2026,2026-08-16 Austin FC-FC Dallas,Austin FC,Myrto Uzuni,10,ALB,FW,31-077,90,0,0,0,0,2,0,1,0,3,3,0,1,1,1,0,,,115ea14d,0.0,2,0,0,0
USA-Major League Soccer,2026,2026-08-16 Austin FC-FC Dallas,Austin FC,Oleksandr Svatok,5,UKR,CB,31-323,90,0,0,0,0,0,0,1,0,2,0,0,0,0,0,0,,,115ea14d,0.0,0,0,0,0
USA-Major League Soccer,2026,2026-08-16 Austin FC-FC Dallas,Austin FC,Przemysław Płacheta,77,POL,MF,28-146,45,0,0,0,0,2,1,0,0,2,0,1,3,0,1,0,,,115ea14d,0.0,2,1,0,0
USA-Major League Soccer,2026,2026-08-16 Austin FC-FC Dallas,Austin FC,Žan Kolmanič,23,SVN,DF,26-166,28,0,0,0,0,0,0,0,0,0,0,0,8,0,0,0,,,115ea14d,0.0,0,0,0,0
USA-Major League Soccer,2026,2026-08-16 Austin FC-FC Dallas,FC Dallas,Bernard Kamungo,77,USA,DM,24-227,90,0,0,0,0,1,0,1,0,3,3,1,1,1,1,0,,,115ea14d,0.0,1,0,0,0
USA-Major League Soccer,2026,2026-08-16 Austin FC-FC Dallas,FC Dallas,Christian Cappis,12,USA,DM,27-003,90,0,0,0,0,1,0,0,0,2,2,0,1,1,3,0,,,115ea14d,0.0,1,0,0,0
USA-Major League Soccer,2026,2026-08-16 Austin FC-FC Dallas,FC Dallas,Clay Holstad,33,USA,MF,26-216,6,0,0,0,0,0,0,0,0,0,0,0,0,0,0,0,,,115ea14d,0.0,0,0,0,0
USA-Major League Soccer,2026,2026-08-16 Austin FC-FC Dallas,FC Dallas,Herman Johansson,14,SWE,DM,28-304,90,0,0,0,0,1,1,0,0,2,0,0,0,1,0,0,,,115ea14d,0.0,1,1,0,0
USA-Major League Soccer,2026,2026-08-16 Austin FC-FC Dallas,FC Dallas,Joaquín Valiente,21,URU,AM,25-125,84,0,1,0,0,2,0,1,0,1,0,0,2,1,0,0,,,115ea14d,0.0,2,0,0,1
USA-Major League Soccer,2026,2026-08-16 Austin FC-FC Dallas,FC Dallas,Jonathan Sirois,40,CAN,GK,25-050,90,0,0,0,0,0,0,0,0,0,0,0,0,0,0,0,,,115ea14d,0.0,0,0,0,0
USA-Major League Soccer,2026,2026-08-16 Austin FC-FC Dallas,FC Dallas,Kaick,55,BRA,MF,20-260,12,0,0,0,0,0,0,0,0,0,1,0,0,0,0,0,,,115ea14d,0.0,0,0,0,0
USA-Major League Soccer,2026,2026-08-16 Austin FC-FC Dallas,FC Dallas,Lalas Abubakar,5,GHA,CB,31-234,90,1,0,0,0,3,1,0,0,2,0,0,0,1,2,0,,,115ea14d,0.0,3,1,1,0
USA-Major League Soccer,2026,2026-08-16 Austin FC-FC Dallas,FC Dallas,Logan Farrington,23,USA,FW,24-245,21,0,0,0,0,0,0,0,0,1,0,0,0,0,0,0,,,115ea14d,0.0,0,0,0,0
USA-Major League Soccer,2026,2026-08-16 Austin FC-FC Dallas,FC Dallas,Osaze Urhoghide,3,NED,CB,26-043,90,0,0,0,0,0,0,1,0,3,3,0,0,0,0,0,,,115ea14d,0.0,0,0,0,0
USA-Major League Soccer,2026,2026-08-16 Austin FC-FC Dallas,FC Dallas,Petar Musa,9,CRO,FW,28-165,84,1,0,0,0,3,3,0,0,0,1,1,1,0,0,0,,,115ea14d,0.0,3,3,1,0
USA-Major League Soccer,2026,2026-08-16 Austin FC-FC Dallas,FC Dallas,Ramiro Benetti,17,BRA,DM,33-086,78,0,0,0,0,0,0,1,0,2,1,0,0,1,1,0,,,115ea14d,0.0,0,0,0,0
USA-Major League Soccer,2026,2026-08-16 Austin FC-FC Dallas,FC Dallas,Ran Binyamin,6,ISR,MF,22-191,6,0,0,0,0,2,0,0,0,0,0,0,0,0,0,0,,,115ea14d,0.0,2,0,0,0
USA-Major League Soccer,2026,2026-08-16 Austin FC-FC Dallas,FC Dallas,Santiago Moreno,10,COL,AM,26-117,69,0,1,0,0,2,1,0,0,1,1,0,4,0,1,0,,,115ea14d,0.0,2,1,0,1
USA-Major League Soccer,2026,2026-08-16 Austin FC-FC Dallas,FC Dallas,Sebastien Ibeagha,25,USA,CB,34-207,90,0,0,0,0,0,0,0,0,0,0,0,0,0,1,0,,,115ea14d,0.0,0,0,0,0
USA-Major League Soccer,2026,2026-08-16 Chicago Fire-Portland Timbers,Chicago Fire,Andrew Gutman,15,USA,LB,29-318,90,0,1,0,0,0,0,0,0,2,1,0,0,1,2,0,,,b077cd41,0.0,0,0,0,1
USA-Major League Soccer,2026,2026-08-16 Chicago Fire-Portland Timbers,Chicago Fire,Anton Salétros,6,SWE,DM,30-126,81,0,0,0,0,0,0,1,0,2,0,0,0,2,0,0,,,b077cd41,0.0,0,0,0,0
USA-Major League Soccer,2026,2026-08-16 Chicago Fire-Portland Timbers,Chicago Fire,Chris Brady,1,USA,GK,22-166,90,0,0,0,0,0,0,0,0,0,0,0,0,0,0,0,,,b077cd41,0.0,0,0,0,0
USA-Major League Soccer,2026,2026-08-16 Chicago Fire-Portland Timbers,Chicago Fire,Innocent Dje,42,CIV,DM,23-103,90,1,0,0,0,1,1,0,0,0,1,0,0,2,2,0,,,b077cd41,0.0,1,1,1,0
USA-Major League Soccer,2026,2026-08-16 Chicago Fire-Portland Timbers,Chicago Fire,Jack Elliott,3,ENG,CB,30-356,90,0,0,0,0,0,0,0,0,0,0,0,0,0,0,0,,,b077cd41,0.0,0,0,0,0
USA-Major League Soccer,2026,2026-08-16 Chicago Fire-Portland Timbers,Chicago Fire,Jonathan Bamba,19,CIV,"FW,MF",30-143,31,0,0,0,0,0,0,0,0,0,0,0,0,0,0,0,,,b077cd41,0.0,0,0,0,0
USA-Major League Soccer,2026,2026-08-16 Chicago Fire-Portland Timbers,Chicago Fire,Jonathan Dean,24,USA,"DF,MF",29-093,19,0,0,0,0,0,0,0,0,0,0,0,0,0,1,0,,,b077cd41,0.0,0,0,0,0
USA-Major League Soccer,2026,2026-08-16 Chicago Fire-Portland Timbers,Chicago Fire,Leonardo Barroso,2,POR,RB,21-065,71,0,0,0,0,0,0,0,0,3,0,1,1,2,0,0,,,b077cd41,0.0,0,0,0,0
USA-Major League Soccer,2026,2026-08-16 Chicago Fire-Portland Timbers,Chicago Fire,Maren Haile-Selassie,7,SUI,AM,27-156,90,0,1,0,0,1,0,0,0,1,1,0,0,1,0,0,,,b077cd41,0.0,1,0,0,1
USA-Major League Soccer,2026,2026-08-16 Chicago Fire-Portland Timbers,Chicago Fire,Mauricio Pineda,22,USA,"DF,MF",28-303,9,0,0,0,0,0,0,0,0,0,0,0,0,0,0,0,,,b077cd41,0.0,0,0,0,0
USA-Major League Soccer,2026,2026-08-16 Chicago Fire-Portland Timbers,Chicago Fire,Philip Zinckernagel,11,DEN,AM,31-243,59,0,0,0,0,0,0,0,0,1,0,1,6,0,0,0,,,b077cd41,0.0,0,0,0,0
USA-Major League Soccer,2026,2026-08-16 Chicago Fire-Portland Timbers,Chicago Fire,Puso Dithejane,12,RSA,MF,22-066,31,0,0,0,0,1,0,0,0,0,1,0,0,0,0,0,,,b077cd41,0.0,1,0,0,0
USA-Major League Soccer,2026,2026-08-16 Chicago Fire-Portland Timbers,Chicago Fire,Robert Lewandowski,9,POL,FW,37-360,59,0,0,0,0,3,1,0,0,0,2,0,0,0,0,0,,,b077cd41,0.0,3,1,0,0
USA-Major League Soccer,2026,2026-08-16 Chicago Fire-Portland Timbers,Chicago Fire,Robin Lod,17,FIN,AM,33-121,90,1,0,0,0,2,2,1,0,5,0,0,0,1,0,0,,,b077cd41,0.0,2,2,1,0
USA-Major League Soccer,2026,2026-08-16 Chicago Fire-Portland Timbers,Chicago Fire,Sam Rogers,5,USA,CB,27-091,90,0,0,0,0,0,0,0,0,1,0,0,0,0,0,0,,,b077cd41,0.0,0,0,0,0
USA-Major League Soccer,2026,2026-08-16 Chicago Fire-Portland Timbers,Portland Timbers,Antony,11,BRA,FW,24-342,60,0,0,0,0,1,1,0,0,2,1,1,0,0,1,0,,,b077cd41,0.0,1,1,0,0
USA-Major League Soccer,2026,2026-08-16 Chicago Fire-Portland Timbers,Portland Timbers,Ariel Lassiter,7,CRC,"FW,MF",31-323,30,0,0,0,0,0,0,0,0,0,1,1,5,0,0,0,,,b077cd41,0.0,0,0,0,0
USA-Major League Soccer,2026,2026-08-16 Chicago Fire-Portland Timbers,Portland Timbers,Brandon Bye,5,USA,RB,30-260,90,0,1,0,0,0,0,1,0,2,0,0,1,1,0,0,,,b077cd41,0.0,0,0,0,1
USA-Major League Soccer,2026,2026-08-16 Chicago Fire-Portland Timbers,Portland Timbers,Cole Bassett,17,USA,CM,25-019,60,0,0,0,0,0,0,0,0,0,1,0,0,0,0,0,,,b077cd41,0.0,0,0,0,0
USA-Major League Soccer,2026,2026-08-16 Chicago Fire-Portland Timbers,Portland Timbers,David Costa,10,POR,CM,25-223,75,0,0,0,0,1,0,0,0,0,0,0,0,1,0,0,,,b077cd41,0.0,1,0,0,0
USA-Major League Soccer,2026,2026-08-16 Chicago Fire-Portland Timbers,Portland Timbers,Diego Chará,21,COL,CM,40-133,75,0,0,0,0,0,0,0,0,0,2,0,0,2,2,0,,,b077cd41,0.0,0,0,0,0
USA-Major League Soccer,2026,2026-08-16 Chicago Fire-Portland Timbers,Portland Timbers,Finn Surman,20,NZL,CB,22-327,90,1,0,0,0,1,1,0,0,0,2,0,0,0,1,0,,,b077cd41,0.0,1,1,1,0
USA-Major League Soccer,2026,2026-08-16 Chicago Fire-Portland Timbers,Portland Timbers,James Pantemis,41,CAN,GK,29-176,90,0,0,0,0,0,0,0,0,0,0,0,0,0,0,0,,,b077cd41,0.0,0,0,0,0
USA-Major League Soccer,2026,2026-08-16 Chicago Fire-Portland Timbers,Portland Timbers,Jimer Fory,27,COL,LB,24-084,90,0,0,0,0,1,0,0,0,1,1,0,3,2,1,0,,,b077cd41,0.0,1,0,0,0
USA-Major League Soccer,2026,2026-08-16 Chicago Fire-Portland Timbers,Portland Timbers,José Caicedo,30,COL,MF,24-085,15,0,0,0,0,0,0,0,0,0,0,0,0,1,1,0,,,b077cd41,0.0,0,0,0,0
USA-Major League Soccer,2026,2026-08-16 Chicago Fire-Portland Timbers,Portland Timbers,Julio Joao Ortíz,80,ECU,MF,30-107,30,0,0,0,0,0,0,0,0,0,0,0,0,1,0,0,,,b077cd41,0.0,0,0,0,0
USA-Major League Soccer,2026,2026-08-16 Chicago Fire-Portland Timbers,Portland Timbers,Kamal Miller,4,CAN,CB,29-092,87,0,0,0,0,0,0,0,0,0,1,0,0,1,2,0,,,b077cd41,0.0,0,0,0,0
USA-Major League Soccer,2026,2026-08-16 Chicago Fire-Portland Timbers,Portland Timbers,Kevin Kelsy,19,VEN,FW,22-020,90,0,0,0,0,2,0,0,0,0,1,0,0,0,0,0,,,b077cd41,0.0,2,0,0,0
USA-Major League Soccer,2026,2026-08-16 Chicago Fire-Portland Timbers,Portland Timbers,Kristoffer Velde,99,NOR,FW,26-341,90,0,0,0,0,3,0,0,0,0,4,0,7,0,0,0,,,b077cd41,0.0,3,0,0,0
USA-Major League Soccer,2026,2026-08-16 Chicago Fire-Portland Timbers,Portland Timbers,Omir Fernandez,22,USA,MF,27-189,3,0,0,0,0,1,0,0,0,0,0,0,2,0,0,0,,,b077cd41,0.0,1,0,0,0
USA-Major League Soccer,2026,2026-08-16 Chicago Fire-Portland Timbers,Portland Timbers,Vincent Janssen,14,NED,FW,32-062,15,0,0,0,0,1,0,1,0,1,1,0,0,1,0,0,,,b077cd41,0.0,1,0,0,0
USA-Major League Soccer,2026,2026-08-16 NYCFC-Philadelphia,New York City FC,Agustin Ojeda,26,ARG,FW,22-058,90,0,0,0,0,3,0,0,0,0,2,0,10,0,1,0,,,dcc49d03,0.0,3,0,0,0
USA-Major League Soccer,2026,2026-08-16 NYCFC-Philadelphia,New York City FC,Andrés Perea,8,USA,CM,25-275,90,0,0,0,0,1,0,0,0,2,2,0,0,1,0,0,,,dcc49d03,0.0,1,0,0,0
USA-Major League Soccer,2026,2026-08-16 NYCFC-Philadelphia,New York City FC,Bénie Traoré,9,CIV,FW,23-259,66,1,0,1,1,1,1,0,0,2,3,0,1,0,0,0,,,dcc49d03,0.0,1,1,1,0
USA-Major League Soccer,2026,2026-08-16 NYCFC-Philadelphia,New York City FC,James Sands,6,USA,CB,26-041,90,0,0,0,0,3,1,0,0,0,1,0,0,0,1,0,,,dcc49d03,0.0,3,1,0,0
USA-Major League Soccer,2026,2026-08-16 NYCFC-Philadelphia,New York City FC,Jonathan Shore,32,USA,CM,19-125,59,0,0,0,0,1,0,0,0,1,2,0,0,0,0,0,,,dcc49d03,0.0,1,0,0,0
USA-Major League Soccer,2026,2026-08-16 NYCFC-Philadelphia,New York City FC,Keaton Parks,55,USA,CM,29-010,59,0,0,0,0,1,0,0,0,1,4,0,0,1,0,0,,,dcc49d03,0.0,1,0,0,0
USA-Major League Soccer,2026,2026-08-16 NYCFC-Philadelphia,New York City FC,Kevin O'Toole,22,IRL,DF,27-245,31,0,0,0,0,0,0,0,0,1,1,0,0,0,1,0,,,dcc49d03,0.0,0,0,0,0
USA-Major League Soccer,2026,2026-08-16 NYCFC-Philadelphia,New York City FC,Luighi,20,BRA,FW,20-108,66,1,0,1,1,3,2,1,0,3,2,0,1,0,0,0,,,dcc49d03,0.0,3,2,1,0
USA-Major League Soccer,2026,2026-08-16 NYCFC-Philadelphia,New York City FC,Malachi Jones,88,SLE,FW,22-327,24,0,0,0,0,0,0,1,0,2,0,0,1,0,0,0,,,dcc49d03,0.0,0,0,0,0
USA-Major League Soccer,2026,2026-08-16 NYCFC-Philadelphia,New York City FC,Matt Freese,49,USA,GK,27-348,90,0,0,0,0,1,0,0,0,0,0,0,0,0,0,0,,,dcc49d03,0.0,1,0,0,0
USA-Major League Soccer,2026,2026-08-16 NYCFC-Philadelphia,New York City FC,Max Murray,23,USA,CB,24-130,77,0,0,0,0,0,0,0,0,1,0,0,0,1,0,0,,,dcc49d03,0.0,0,0,0,0
USA-Major League Soccer,2026,2026-08-16 NYCFC-Philadelphia,New York City FC,Maxi Carrizo,29,USA,MF,18-169,31,0,0,0,0,0,0,0,0,0,1,0,0,0,0,0,,,dcc49d03,0.0,0,0,0,0
USA-Major League Soccer,2026,2026-08-16 NYCFC-Philadelphia,New York City FC,Nico Cavallo,2,USA,LB,24-232,90,0,0,0,0,0,0,0,0,0,1,0,2,1,1,0,,,dcc49d03,0.0,0,0,0,0
USA-Major League Soccer,2026,2026-08-16 NYCFC-Philadelphia,New York City FC,Raul Gustavo,34,BRA,DF,27-114,13,0,0,0,0,0,0,0,0,0,0,0,0,0,0,0,,,dcc49d03,0.0,0,0,0,0
USA-Major League Soccer,2026,2026-08-16 NYCFC-Philadelphia,New York City FC,Talles Magno,11,BRA,"FW,MF",24-051,24,0,0,0,0,0,0,0,0,1,1,0,1,0,0,0,,,dcc49d03,0.0,0,0,0,0
USA-Major League Soccer,2026,2026-08-16 NYCFC-Philadelphia,New York City FC,Tayvon Gray,24,JAM,RB,23-362,90,0,0,0,0,2,0,1,0,1,0,0,0,1,0,0,,,dcc49d03,0.0,2,0,0,0
USA-Major League Soccer,2026,2026-08-16 NYCFC-Philadelphia,Philadelphia Union,Alejandro Bedoya,11,USA,"FW,MF",39-109,11,0,0,0,0,1,0,0,0,1,0,0,0,0,0,0,,,dcc49d03,0.0,1,0,0,0
USA-Major League Soccer,2026,2026-08-16 NYCFC-Philadelphia,Philadelphia Union,Andre Blake,18,JAM,GK,35-268,90,0,0,0,0,0,0,0,0,0,1,0,0,0,0,0,,,dcc49d03,0.0,0,0,0,0
USA-Major League Soccer,2026,2026-08-16 NYCFC-Philadelphia,Philadelphia Union,Bruno Damiani,9,URU,FW,24-120,90,2,0,0,0,2,2,0,0,2,0,1,1,0,0,0,,,dcc49d03,0.0,2,2,2,0
USA-Major League Soccer,2026,2026-08-16 NYCFC-Philadelphia,Philadelphia Union,Cavan Sullivan,6,USA,RM,16-322,79,0,2,0,0,6,0,0,0,2,2,1,2,3,1,0,,,dcc49d03,0.0,6,0,0,2
USA-Major League Soccer,2026,2026-08-16 NYCFC-Philadelphia,Philadelphia Union,Danley Jean-Jacques,21,HAI,CM,26-088,90,1,0,0,0,1,1,0,0,2,1,0,0,4,1,0,,,dcc49d03,0.0,1,1,1,0
USA-Major League Soccer,2026,2026-08-16 NYCFC-Philadelphia,Philadelphia Union,Francis Westfield,39,USA,RB,20-250,90,0,0,0,0,0,0,0,0,1,6,0,3,1,1,0,,,dcc49d03,0.0,0,0,0,0
USA-Major League Soccer,2026,2026-08-16 NYCFC-Philadelphia,Philadelphia Union,Indiana Vassilev,19,USA,LM,25-181,69,0,0,0,0,0,0,0,0,1,2,1,4,0,0,0,,,dcc49d03,0.0,0,0,0,0
USA-Major League Soccer,2026,2026-08-16 NYCFC-Philadelphia,Philadelphia Union,Jesús Daniel Bueno,8,VEN,MF,27-123,29,0,0,0,0,0,0,0,0,1,0,0,0,1,2,0,,,dcc49d03,0.0,0,0,0,0
USA-Major League Soccer,2026,2026-08-16 NYCFC-Philadelphia,Philadelphia Union,Jovan Lukić,4,SRB,CM,24-208,61,0,0,0,0,0,0,1,0,4,0,0,0,0,0,0,,,dcc49d03,0.0,0,0,0,0
USA-Major League Soccer,2026,2026-08-16 NYCFC-Philadelphia,Philadelphia Union,Kai Wagner,27,GER,LB,29-182,90,0,0,0,0,0,0,1,0,3,0,0,9,1,1,0,,,dcc49d03,0.0,0,0,0,0
USA-Major League Soccer,2026,2026-08-16 NYCFC-Philadelphia,Philadelphia Union,Milan Iloski,10,USA,FW,27-018,90,0,0,0,0,5,2,1,0,2,0,0,2,0,0,0,,,dcc49d03,0.0,5,2,0,0
USA-Major League Soccer,2026,2026-08-16 NYCFC-Philadelphia,Philadelphia Union,Nathan Harriel,26,USA,CB,25-115,90,0,0,0,0,0,0,1,0,1,1,0,0,1,3,0,,,dcc49d03,0.0,0,0,0,0
USA-Major League Soccer,2026,2026-08-16 NYCFC-Philadelphia,Philadelphia Union,Neil Pierre,44,USA,CB,18-301,90,0,0,0,0,0,0,0,0,1,1,0,0,0,0,0,,,dcc49d03,0.0,0,0,0,0
USA-Major League Soccer,2026,2026-08-16 NYCFC-Philadelphia,Philadelphia Union,Quinn Sullivan,33,USA,"FW,MF",22-142,21,0,1,0,0,2,0,0,0,0,0,0,2,1,0,0,,,dcc49d03,0.0,2,0,0,1
USA-Major League Soccer,2026,2026-08-16 Seattle Sounders-Vancouver,Seattle Sounders,Albert Rusnák,11,SVK,AM,32-040,90,0,0,0,0,2,0,0,0,1,0,0,1,0,0,0,,,076b4cec,0.0,2,0,0,0
USA-Major League Soccer,2026,2026-08-16 Seattle Sounders-Vancouver,Seattle Sounders,Alex Roldan,16,SLV,CB,30-019,84,0,0,0,0,0,0,0,0,1,2,0,0,1,1,0,,,076b4cec,0.0,0,0,0,0
USA-Major League Soccer,2026,2026-08-16 Seattle Sounders-Vancouver,Seattle Sounders,Andrew Thomas,26,RUS,GK,27-349,90,0,0,0,0,0,0,0,0,1,0,0,0,0,0,0,,,076b4cec,0.0,0,0,0,0
USA-Major League Soccer,2026,2026-08-16 Seattle Sounders-Vancouver,Seattle Sounders,Antino Lopez,35,USA,DF,24-087,33,0,0,0,0,0,0,0,0,0,0,0,0,1,0,0,,,076b4cec,0.0,0,0,0,0
USA-Major League Soccer,2026,2026-08-16 Seattle Sounders-Vancouver,Seattle Sounders,Charlie Gaffney,84,USA,DF,23-018,6,0,0,0,0,0,0,0,0,0,1,0,0,0,0,0,,,076b4cec,0.0,0,0,0,0
USA-Major League Soccer,2026,2026-08-16 Seattle Sounders-Vancouver,Seattle Sounders,Daniel Musovski,19,MKD,FW,30-259,72,0,0,0,0,0,0,0,0,2,2,1,0,0,0,0,,,076b4cec,0.0,0,0,0,0
USA-Major League Soccer,2026,2026-08-16 Seattle Sounders-Vancouver,Seattle Sounders,Jackson Ragen,25,USA,CB,27-326,90,0,0,0,0,0,0,1,0,1,1,0,0,0,1,0,,,076b4cec,0.0,0,0,0,0
USA-Major League Soccer,2026,2026-08-16 Seattle Sounders-Vancouver,Seattle Sounders,Jesús Ferreira,9,USA,AM,25-235,35,0,0,0,0,0,0,0,0,0,0,0,1,0,1,0,,,076b4cec,0.0,0,0,0,0
USA-Major League Soccer,2026,2026-08-16 Seattle Sounders-Vancouver,Seattle Sounders,Kalani Rienzi,85,USA,RB,24-050,72,0,0,0,0,0,0,0,0,0,1,0,1,3,1,0,,,076b4cec,0.0,0,0,0,0
USA-Major League Soccer,2026,2026-08-16 Seattle Sounders-Vancouver,Seattle Sounders,Kim Kee-hee,20,KOR,"DF,MF",37-034,18,0,0,0,0,0,0,0,0,0,0,0,0,1,1,0,,,076b4cec,0.0,0,0,0,0
USA-Major League Soccer,2026,2026-08-16 Seattle Sounders-Vancouver,Seattle Sounders,Nouhou Tolo,5,CMR,LB,29-054,90,0,0,0,0,0,0,1,0,3,1,0,0,2,1,0,,,076b4cec,0.0,0,0,0,0
USA-Major League Soccer,2026,2026-08-16 Seattle Sounders-Vancouver,Seattle Sounders,Osaze De Rosario,95,GUY,FW,25-028,18,0,0,0,0,0,0,0,0,1,0,0,0,0,0,0,,,076b4cec,0.0,0,0,0,0
USA-Major League Soccer,2026,2026-08-16 Seattle Sounders-Vancouver,Seattle Sounders,Paul Rothrock,14,USA,AM,27-219,90,0,0,0,0,1,0,1,0,3,0,1,1,0,1,0,,,076b4cec,0.0,1,0,0,0
USA-Major League Soccer,2026,2026-08-16 Seattle Sounders-Vancouver,Seattle Sounders,Peter Kingston,45,USA,DM,25-033,90,0,0,0,0,0,0,0,0,1,2,0,0,1,1,0,,,076b4cec,0.0,0,0,0,0
USA-Major League Soccer,2026,2026-08-16 Seattle Sounders-Vancouver,Seattle Sounders,Sebastian Gomez,90,USA,MF,20-087,55,0,0,0,0,1,0,0,0,1,1,0,0,0,0,0,,,076b4cec,0.0,1,0,0,0
USA-Major League Soccer,2026,2026-08-16 Seattle Sounders-Vancouver,Seattle Sounders,Snyder Brunell,37,USA,DM,19-146,57,0,0,0,0,1,0,0,0,1,0,0,0,2,2,0,,,076b4cec,0.0,1,0,0,0
USA-Major League Soccer,2026,2026-08-16 Seattle Sounders-Vancouver,Vancouver Whitecaps,Andrés Cubas,20,PAR,DM,30-086,90,0,0,0,0,1,0,0,0,2,0,0,0,1,4,0,,,076b4cec,0.0,1,0,0,0
USA-Major League Soccer,2026,2026-08-16 Seattle Sounders-Vancouver,Vancouver Whitecaps,Cheikh Tidiane Sabaly,7,SEN,AM,27-165,57,0,0,0,0,0,0,0,0,0,0,0,2,2,0,0,,,076b4cec,0.0,0,0,0,0
USA-Major League Soccer,2026,2026-08-16 Seattle Sounders-Vancouver,Vancouver Whitecaps,Emmanuel Sabbi,11,USA,FW,28-235,85,0,1,0,0,1,0,0,0,1,2,1,2,2,1,0,,,076b4cec,0.0,1,0,0,1
USA-Major League Soccer,2026,2026-08-16 Seattle Sounders-Vancouver,Vancouver Whitecaps,Jeevan Badwal,59,CAN,AM,20-158,17,0,0,0,0,0,0,0,0,0,1,0,0,0,3,0,,,076b4cec,0.0,0,0,0,0
USA-Major League Soccer,2026,2026-08-16 Seattle Sounders-Vancouver,Vancouver Whitecaps,Mathías Laborda,2,URU,CB,26-335,90,0,0,0,0,1,0,0,0,0,0,0,1,0,2,0,,,076b4cec,0.0,1,0,0,0
USA-Major League Soccer,2026,2026-08-16 Seattle Sounders-Vancouver,Vancouver Whitecaps,Nikola Djordjevic,41,USA,DF,23-275,5,0,0,0,0,0,0,0,0,0,0,0,0,0,1,0,,,076b4cec,0.0,0,0,0,0
USA-Major League Soccer,2026,2026-08-16 Seattle Sounders-Vancouver,Vancouver Whitecaps,Oliver Larraz,8,USA,DM,24-334,90,0,1,0,0,3,0,0,0,2,1,0,9,1,0,0,,,076b4cec,0.0,3,0,0,1
USA-Major League Soccer,2026,2026-08-16 Seattle Sounders-Vancouver,Vancouver Whitecaps,Ralph Priso-Mbongue,6,CAN,CB,24-014,65,0,0,0,0,1,0,0,0,2,1,0,0,2,0,0,,,076b4cec,0.0,1,0,0,0
USA-Major League Soccer,2026,2026-08-16 Seattle Sounders-Vancouver,Vancouver Whitecaps,Rayan Elloumi,19,TUN,FW,18-333,73,1,0,0,0,4,1,0,0,3,0,0,0,1,1,0,,,076b4cec,0.0,4,1,1,0
USA-Major League Soccer,2026,2026-08-16 Seattle Sounders-Vancouver,Vancouver Whitecaps,Ryan Gauld,25,SCO,"FW,MF",30-243,33,0,0,0,0,0,0,0,0,0,1,0,1,1,0,0,,,076b4cec,0.0,0,0,0,0
USA-Major League Soccer,2026,2026-08-16 Seattle Sounders-Vancouver,Vancouver Whitecaps,Tate Johnson,28,USA,LB,21-037,90,0,0,0,0,1,0,0,0,1,4,0,2,2,0,0,,,076b4cec,0.0,1,0,0,0
USA-Major League Soccer,2026,2026-08-16 Seattle Sounders-Vancouver,Vancouver Whitecaps,Thomas Müller,13,GER,AM,36-337,90,1,0,0,0,5,4,0,0,0,2,1,0,2,0,0,,,076b4cec,0.0,5,4,1,0
USA-Major League Soccer,2026,2026-08-16 Seattle Sounders-Vancouver,Vancouver Whitecaps,Tristan Blackmon,33,USA,DF,30-004,25,0,0,0,0,1,0,0,0,0,0,0,0,0,0,0,,,076b4cec,0.0,1,0,0,0
USA-Major League Soccer,2026,2026-08-16 Seattle Sounders-Vancouver,Vancouver Whitecaps,Yohei Takaoka,1,JPN,GK,30-153,90,0,0,0,0,0,0,0,0,0,1,0,0,0,0,0,,,076b4cec,0.0,0,0,0,0
USA-Major League Soccer,2026,2026-08-16 Seattle Sounders-Vancouver,Vancouver Whitecaps,Édier Ocampo,18,COL,RB,22-317,90,0,0,0,0,1,1,0,0,0,2,0,4,1,0,0,,,076b4cec,0.0,1,1,0,0
USA-Major League Soccer,2026,2026-08-19 Colorado Rapids-LAFC,Colorado Rapids,Dante Sealy,7,TRI,"FW,MF",23-124,29,0,0,0,0,2,1,0,0,0,0,0,0,1,0,0,,,dcda491d,0.0,2,1,0,0
USA-Major League Soccer,2026,2026-08-19 Colorado Rapids-LAFC,Colorado Rapids,Darren Yapi,77,USA,FW,21-273,61,0,0,0,0,0,0,1,0,1,1,0,2,2,1,0,,,dcda491d,0.0,0,0,0,0
USA-Major League Soccer,2026,2026-08-19 Colorado Rapids-LAFC,Colorado Rapids,Georgi Minoungou,93,BFA,FW,24-025,36,0,0,0,0,1,0,0,0,0,0,0,1,0,0,0,,,dcda491d,0.0,1,0,0,0
USA-Major League Soccer,2026,2026-08-19 Colorado Rapids-LAFC,Colorado Rapids,Hamzat Ojediran,8,NGA,CM,22-278,82,0,0,0,0,0,0,0,0,1,1,0,1,0,4,0,,,dcda491d,0.0,0,0,0,0
USA-Major League Soccer,2026,2026-08-19 Colorado Rapids-LAFC,Colorado Rapids,Kosi Thompson,33,CAN,"DF,MF",23-204,8,0,0,0,0,0,0,1,0,1,0,0,0,0,0,0,,,dcda491d,0.0,0,0,0,0
USA-Major League Soccer,2026,2026-08-19 Colorado Rapids-LAFC,Colorado Rapids,Loïc Williams,5,ESP,CB,24-224,90,0,0,0,0,0,0,0,0,0,0,0,0,1,0,0,,,dcda491d,0.0,0,0,0,0
USA-Major League Soccer,2026,2026-08-19 Colorado Rapids-LAFC,Colorado Rapids,Miguel Navarro,29,VEN,LB,27-174,84,0,0,0,0,0,0,0,0,1,2,0,0,1,2,0,,,dcda491d,0.0,0,0,0,0
USA-Major League Soccer,2026,2026-08-19 Colorado Rapids-LAFC,Colorado Rapids,Nicholas Hansen,41,DEN,GK,25-040,90,0,0,0,0,0,0,0,0,0,0,0,0,0,0,0,,,dcda491d,0.0,0,0,0,0
USA-Major League Soccer,2026,2026-08-19 Colorado Rapids-LAFC,Colorado Rapids,Noah Cobb,24,USA,DF,21-030,6,0,0,0,0,0,0,0,0,0,0,0,0,0,1,0,,,dcda491d,0.0,0,0,0,0
USA-Major League Soccer,2026,2026-08-19 Colorado Rapids-LAFC,Colorado Rapids,Paxten Aaronson,10,USA,FW,22-358,90,0,0,0,0,3,0,0,0,0,1,0,2,0,0,0,,,dcda491d,0.0,3,0,0,0
USA-Major League Soccer,2026,2026-08-19 Colorado Rapids-LAFC,Colorado Rapids,Rafael Navarro,9,BRA,FW,26-127,90,0,0,0,1,5,2,0,0,2,2,1,0,1,0,0,,,dcda491d,0.0,5,2,0,0
USA-Major League Soccer,2026,2026-08-19 Colorado Rapids-LAFC,Colorado Rapids,Reggie Cannon,4,USA,RB,28-069,90,0,0,0,0,0,0,0,0,2,0,0,0,1,1,0,,,dcda491d,0.0,0,0,0,0
USA-Major League Soccer,2026,2026-08-19 Colorado Rapids-LAFC,Colorado Rapids,Rob Holding,6,ENG,CB,30-333,90,0,0,0,0,0,0,0,0,0,0,0,0,2,0,0,,,dcda491d,0.0,0,0,0,0
USA-Major League Soccer,2026,2026-08-19 Colorado Rapids-LAFC,Colorado Rapids,Wayne Frederick,13,TRI,CM,22-067,90,0,0,0,0,0,0,0,0,3,2,0,0,0,2,0,,,dcda491d,0.0,0,0,0,0
USA-Major League Soccer,2026,2026-08-19 Colorado Rapids-LAFC,Colorado Rapids,Youssef Maziz,88,FRA,CM,28-056,54,0,0,0,0,2,1,1,0,2,1,0,6,0,0,0,,,dcda491d,0.0,2,1,0,0
USA-Major League Soccer,2026,2026-08-19 Colorado Rapids-LAFC,Los Angeles FC,Aaron Long,33,USA,DF,33-311,45,0,0,0,0,0,0,0,0,0,0,0,0,1,1,0,,,dcda491d,0.0,0,0,0,0
USA-Major League Soccer,2026,2026-08-19 Colorado Rapids-LAFC,Los Angeles FC,Cabral Carter,31,USA,GK,22-045,90,0,0,0,0,0,0,0,0,0,0,0,0,0,0,0,,,dcda491d,0.0,0,0,0,0
USA-Major League Soccer,2026,2026-08-19 Colorado Rapids-LAFC,Los Angeles FC,Denis Bouanga,99,GAB,"FW,MF",31-281,27,0,0,0,0,1,0,0,0,0,0,0,0,0,0,0,,,dcda491d,0.0,1,0,0,0
USA-Major League Soccer,2026,2026-08-19 Colorado Rapids-LAFC,Los Angeles FC,Eddie Segura,4,COL,CM,29-198,90,0,0,0,0,2,0,1,0,2,1,0,1,0,0,0,,,dcda491d,0.0,2,0,0,0
USA-Major League Soccer,2026,2026-08-19 Colorado Rapids-LAFC,Los Angeles FC,Jacob Shaffelburg,18,CAN,FW,26-266,63,0,0,0,0,1,0,0,0,0,1,0,4,0,0,0,,,dcda491d,0.0,1,0,0,0
USA-Major League Soccer,2026,2026-08-19 Colorado Rapids-LAFC,Los Angeles FC,Jeremy Ebobisse,17,USA,FW,29-186,90,0,0,0,0,1,0,0,0,0,1,1,0,0,0,1,,,dcda491d,0.0,1,0,0,0
USA-Major League Soccer,2026,2026-08-19 Colorado Rapids-LAFC,Los Angeles FC,Marky Delgado,8,USA,MF,31-095,16,0,0,0,0,0,0,0,0,0,0,0,3,0,1,0,,,dcda491d,0.0,0,0,0,0
USA-Major League Soccer,2026,2026-08-19 Colorado Rapids-LAFC,Los Angeles FC,Mathieu Choinière,66,CAN,CM,27-193,90,0,0,0,0,1,0,0,0,1,3,0,4,1,0,0,,,dcda491d,0.0,1,0,0,0
USA-Major League Soccer,2026,2026-08-19 Colorado Rapids-LAFC,Los Angeles FC,Nkosi Tafari,91,USA,CB,29-149,45,0,0,0,0,1,0,1,0,1,1,0,0,0,0,0,,,dcda491d,0.0,1,0,0,0
USA-Major League Soccer,2026,2026-08-19 Colorado Rapids-LAFC,Los Angeles FC,Ryan Hollingshead,24,USA,RB,35-125,74,0,0,0,0,0,0,0,0,1,2,1,1,0,2,0,,,dcda491d,0.0,0,0,0,0
USA-Major League Soccer,2026,2026-08-19 Colorado Rapids-LAFC,Los Angeles FC,Ryan Porteous,5,SCO,CB,27-147,85,0,0,0,0,0,0,0,0,1,0,0,1,1,2,0,,,dcda491d,0.0,0,0,0,0
USA-Major League Soccer,2026,2026-08-19 Colorado Rapids-LAFC,Los Angeles FC,Ryan Raposo,21,CAN,MF,27-167,5,0,0,0,0,0,0,0,0,0,0,0,0,0,1,0,,,dcda491d,0.0,0,0,0,0
USA-Major League Soccer,2026,2026-08-19 Colorado Rapids-LAFC,Los Angeles FC,Son Heung-min,7,KOR,"FW,MF",34-042,27,0,0,0,0,1,1,0,0,0,1,1,0,0,0,0,,,dcda491d,0.0,1,1,0,0
USA-Major League Soccer,2026,2026-08-19 Colorado Rapids-LAFC,Los Angeles FC,Timothy Tillman,11,USA,CM,27-227,63,0,0,0,0,0,0,0,0,1,1,0,0,1,3,0,,,dcda491d,0.0,0,0,0,0
USA-Major League Soccer,2026,2026-08-19 Colorado Rapids-LAFC,Los Angeles FC,Tommy Mihalič,90,GER,FW,23-283,9,0,0,0,0,0,0,0,0,0,1,0,1,0,0,0,,,dcda491d,0.0,0,0,0,0
USA-Major League Soccer,2026,2026-08-19 Colorado Rapids-LAFC,Los Angeles FC,Tyler Boyd,19,USA,FW,31-232,81,0,0,0,0,1,1,0,0,2,0,0,7,1,0,0,,,dcda491d,0.0,1,1,0,0
USA-Major League Soccer,2026,2026-08-19 Colorado Rapids-LAFC,Los Angeles FC,Yevhen Cheberko,23,UKR,LB,28-208,90,0,0,0,0,1,0,1,0,1,0,0,2,2,0,0,,,dcda491d,0.0,1,0,0,0
USA-Major League Soccer,2026,2026-08-19 Columbus Crew-CF Montréal,CF Montréal,Alexis Sánchez,10,CHI,"FW,MF",37-243,12,0,0,0,0,0,0,0,0,0,0,0,0,0,0,0,,,63429996,0.0,0,0,0,0
USA-Major League Soccer,2026,2026-08-19 Columbus Crew-CF Montréal,CF Montréal,Brandan Craig,5,USA,DF,22-134,23,0,0,0,0,0,0,0,0,0,0,0,0,0,0,0,,,63429996,0.0,0,0,0,0
USA-Major League Soccer,2026,2026-08-19 Columbus Crew-CF Montréal,CF Montréal,Brayan Ceballos,3,COL,DF,25-087,23,0,0,0,0,0,0,1,0,1,0,0,0,0,0,0,,,63429996,0.0,0,0,0,0
USA-Major League Soccer,2026,2026-08-19 Columbus Crew-CF Montréal,CF Montréal,Brayan Vera,4,COL,CB,27-216,90,0,1,0,0,0,0,1,0,1,1,0,0,1,2,0,,,63429996,0.0,0,0,0,1
USA-Major League Soccer,2026,2026-08-19 Columbus Crew-CF Montréal,CF Montréal,Daniel Armando Ríos,14,MEX,FW,31-178,12,0,0,0,0,0,0,0,0,0,2,0,0,0,0,0,,,63429996,0.0,0,0,0,0
USA-Major League Soccer,2026,2026-08-19 Columbus Crew-CF Montréal,CF Montréal,Daniel Pereira,7,VEN,CM,26-036,90,0,0,0,0,1,1,0,0,0,1,0,3,1,0,0,,,63429996,0.0,1,1,0,0
USA-Major League Soccer,2026,2026-08-19 Columbus Crew-CF Montréal,CF Montréal,Dawid Bugaj,27,POL,RB,22-041,90,0,0,0,0,1,0,0,0,0,1,0,1,2,4,0,,,63429996,0.0,1,0,0,0
USA-Major League Soccer,2026,2026-08-19 Columbus Crew-CF Montréal,CF Montréal,Fabian Herbers,21,GER,CM,33-002,67,0,0,0,0,0,0,0,0,1,0,0,1,0,1,0,,,63429996,0.0,0,0,0,0
USA-Major League Soccer,2026,2026-08-19 Columbus Crew-CF Montréal,CF Montréal,Hennadii Synchuk,18,UKR,FW,20-040,55,0,1,0,0,1,1,0,0,0,0,0,1,2,1,0,,,63429996,0.0,1,1,0,1
USA-Major League Soccer,2026,2026-08-19 Columbus Crew-CF Montréal,CF Montréal,Jalen Neal,2,USA,CB,22-360,67,0,0,0,0,1,0,1,0,2,0,0,0,0,0,0,,,63429996,0.0,1,0,0,0
USA-Major League Soccer,2026,2026-08-19 Columbus Crew-CF Montréal,CF Montréal,Luca Petrasso,13,CAN,LB,26-064,90,0,0,0,0,0,0,0,0,0,0,0,6,1,2,0,,,63429996,0.0,0,0,0,0
USA-Major League Soccer,2026,2026-08-19 Columbus Crew-CF Montréal,CF Montréal,Matthew Longstaff,8,ENG,CM,26-151,90,0,0,0,0,4,2,1,0,1,0,0,0,1,0,0,,,63429996,0.0,4,2,0,0
USA-Major League Soccer,2026,2026-08-19 Columbus Crew-CF Montréal,CF Montréal,Noah Streit,23,SUI,FW,20-312,78,1,0,0,0,3,1,0,0,1,0,0,1,1,1,0,,,63429996,0.0,3,1,1,0
USA-Major League Soccer,2026,2026-08-19 Columbus Crew-CF Montréal,CF Montréal,Prince Owusu,9,GHA,FW,29-224,78,1,0,0,0,3,2,0,0,0,2,0,2,0,0,0,,,63429996,0.0,3,2,1,0
USA-Major League Soccer,2026,2026-08-19 Columbus Crew-CF Montréal,CF Montréal,Thomas Gillier,31,CHI,GK,22-083,90,0,0,0,0,0,0,0,0,0,0,0,0,0,0,1,,,63429996,0.0,0,0,0,0
USA-Major League Soccer,2026,2026-08-19 Columbus Crew-CF Montréal,CF Montréal,Victor Loturi,22,CAN,MF,25-090,35,0,0,0,0,0,0,0,0,0,0,0,0,1,0,0,,,63429996,0.0,0,0,0,0
USA-Major League Soccer,2026,2026-08-19 Columbus Crew-CF Montréal,Columbus Crew,André Gomes,20,POR,CM,33-020,90,0,0,0,0,0,0,1,0,2,1,0,3,0,0,0,,,63429996,0.0,0,0,0,0
USA-Major League Soccer,2026,2026-08-19 Columbus Crew-CF Montréal,Columbus Crew,Brais Méndez,10,ESP,FW,29-224,90,0,0,0,0,0,0,0,0,0,1,1,3,2,1,0,,,63429996,0.0,0,0,0,0
USA-Major League Soccer,2026,2026-08-19 Columbus Crew-CF Montréal,Columbus Crew,Cesar Ruvalcaba,12,USA,DF,25-037,77,0,0,0,0,1,0,0,0,0,0,0,0,0,2,0,,,63429996,0.0,1,0,0,0
USA-Major League Soccer,2026,2026-08-19 Columbus Crew-CF Montréal,Columbus Crew,Chase Adams,46,USA,FW,18-124,55,0,0,0,0,0,0,0,0,1,1,1,0,1,1,0,,,63429996,0.0,0,0,0,0
USA-Major League Soccer,2026,2026-08-19 Columbus Crew-CF Montréal,Columbus Crew,Dylan Chambost,7,FRA,CM,29-000,79,0,0,0,0,2,1,0,0,0,0,0,0,1,1,0,,,63429996,0.0,2,1,0,0
USA-Major League Soccer,2026,2026-08-19 Columbus Crew-CF Montréal,Columbus Crew,Dániel Gazdag,8,HUN,"FW,MF",30-170,11,0,0,0,0,0,0,0,0,0,0,0,0,0,0,0,,,63429996,0.0,0,0,0,0
USA-Major League Soccer,2026,2026-08-19 Columbus Crew-CF Montréal,Columbus Crew,Josef Martínez,77,VEN,FW,33-092,35,0,0,0,0,0,0,0,0,0,0,1,0,0,0,0,,,63429996,0.0,0,0,0,0
USA-Major League Soccer,2026,2026-08-19 Columbus Crew-CF Montréal,Columbus Crew,Malte Amundsen,18,DEN,LB,28-189,90,0,0,0,0,0,0,0,0,0,0,0,7,0,0,0,,,63429996,0.0,0,0,0,0
USA-Major League Soccer,2026,2026-08-19 Columbus Crew-CF Montréal,Columbus Crew,Marcelo Herrera,2,ARG,"DF,MF",27-289,35,0,0,0,0,1,0,0,0,0,0,1,2,0,0,0,,,63429996,0.0,1,0,0,0
USA-Major League Soccer,2026,2026-08-19 Columbus Crew-CF Montréal,Columbus Crew,Mohamed Farsi,23,ALG,RM,26-246,55,0,0,0,0,0,0,0,0,0,1,0,0,0,0,0,,,63429996,0.0,0,0,0,0
USA-Major League Soccer,2026,2026-08-19 Columbus Crew-CF Montréal,Columbus Crew,Patrick Schulte,28,USA,GK,25-159,90,0,0,0,0,0,0,0,0,0,0,0,0,0,0,0,,,63429996,0.0,0,0,0,0
USA-Major League Soccer,2026,2026-08-19 Columbus Crew-CF Montréal,Columbus Crew,Rudy Camacho,4,FRA,CB,35-167,13,0,0,0,0,0,0,1,0,1,0,0,0,0,0,0,,,63429996,0.0,0,0,0,0
USA-Major League Soccer,2026,2026-08-19 Columbus Crew-CF Montréal,Columbus Crew,Sean Zawadzki,25,USA,CB,26-120,90,0,0,0,0,2,1,0,0,2,0,0,0,2,1,0,,,63429996,0.0,2,1,0,0
USA-Major League Soccer,2026,2026-08-19 Columbus Crew-CF Montréal,Columbus Crew,Steven Moreira,31,CPV,RB,32-006,90,0,0,0,0,0,0,0,0,0,2,0,2,0,2,0,,,63429996,0.0,0,0,0,0
USA-Major League Soccer,2026,2026-08-19 Columbus Crew-CF Montréal,Columbus Crew,Taha Habroune,16,USA,LM,20-195,79,0,0,0,0,0,0,0,0,1,1,0,1,0,0,0,,,63429996,0.0,0,0,0,0
USA-Major League Soccer,2026,2026-08-19 Columbus Crew-CF Montréal,Columbus Crew,Tarun Karumanchi,50,USA,MF,23-140,11,0,0,0,0,0,0,0,0,0,0,0,0,0,0,0,,,63429996,0.0,0,0,0,0
USA-Major League Soccer,2026,2026-08-19 D.C. United-NE Revolution,D.C. United,Andre Dozzell,21,ENG,CM,27-109,89,0,0,0,0,0,0,1,0,1,1,0,3,0,0,0,,,8dba82d7,0.0,0,0,0,0
USA-Major League Soccer,2026,2026-08-19 D.C. United-NE Revolution,D.C. United,Brandon Servania,23,USA,MF,27-160,45,0,0,0,0,0,0,0,0,3,1,0,0,2,0,0,,,8dba82d7,0.0,0,0,0,0
USA-Major League Soccer,2026,2026-08-19 D.C. United-NE Revolution,D.C. United,Hosei Kijima,77,JPN,MF,24-049,23,0,0,0,0,0,0,0,0,1,0,0,0,0,1,0,,,8dba82d7,0.0,0,0,0,0
USA-Major League Soccer,2026,2026-08-19 D.C. United-NE Revolution,D.C. United,Jackson Hopkins,25,USA,LM,22-049,45,0,0,0,0,2,0,0,0,1,1,0,1,0,1,0,,,8dba82d7,0.0,2,0,0,0
USA-Major League Soccer,2026,2026-08-19 D.C. United-NE Revolution,D.C. United,Jared Stroud,8,USA,"FW,MF",30-040,1,0,0,0,0,0,0,0,0,0,0,0,1,0,0,0,,,8dba82d7,0.0,0,0,0,0
USA-Major League Soccer,2026,2026-08-19 D.C. United-NE Revolution,D.C. United,Keisuke Kurokawa,6,JPN,LB,29-128,90,0,0,0,0,0,0,0,0,2,0,0,7,1,0,0,,,8dba82d7,0.0,0,0,0,0
USA-Major League Soccer,2026,2026-08-19 D.C. United-NE Revolution,D.C. United,Kimito Nono,2,JPN,RM,24-146,67,0,0,0,0,3,1,0,0,0,1,0,2,0,0,0,,,8dba82d7,0.0,3,1,0,0
USA-Major League Soccer,2026,2026-08-19 D.C. United-NE Revolution,D.C. United,Louis Munteanu,11,ROU,FW,24-064,67,0,0,0,0,2,0,0,0,2,1,0,1,0,0,0,,,8dba82d7,0.0,2,0,0,0
USA-Major League Soccer,2026,2026-08-19 D.C. United-NE Revolution,D.C. United,Lucas Bartlett,3,USA,CB,29-024,90,0,0,0,0,2,1,0,0,1,0,0,0,0,0,0,,,8dba82d7,0.0,2,1,0,0
USA-Major League Soccer,2026,2026-08-19 D.C. United-NE Revolution,D.C. United,Matti Peltola,4,FIN,CM,24-047,90,0,0,0,0,2,0,0,0,0,0,0,0,0,1,0,,,8dba82d7,0.0,2,0,0,0
USA-Major League Soccer,2026,2026-08-19 D.C. United-NE Revolution,D.C. United,Nathan Ordaz,22,SLV,FW,22-219,45,0,0,0,0,1,1,0,0,0,2,0,0,0,0,0,,,8dba82d7,0.0,1,1,0,0
USA-Major League Soccer,2026,2026-08-19 D.C. United-NE Revolution,D.C. United,Nikola Marković,27,CAN,DF,22-028,23,0,0,0,0,0,0,0,0,1,0,0,0,1,0,0,,,8dba82d7,0.0,0,0,0,0
USA-Major League Soccer,2026,2026-08-19 D.C. United-NE Revolution,D.C. United,Sean Johnson,1,USA,GK,37-080,90,0,0,0,0,0,0,0,0,0,0,0,0,0,0,0,,,8dba82d7,0.0,0,0,0,0
USA-Major League Soccer,2026,2026-08-19 D.C. United-NE Revolution,D.C. United,Sean Nealis,13,USA,CB,29-218,45,0,0,0,0,0,0,0,0,0,0,0,0,1,0,0,,,8dba82d7,0.0,0,0,0,0
USA-Major League Soccer,2026,2026-08-19 D.C. United-NE Revolution,D.C. United,Silvan Hefti,5,SUI,RB,28-298,90,0,0,0,0,1,0,0,0,2,0,0,3,6,1,0,,,8dba82d7,0.0,1,0,0,0
USA-Major League Soccer,2026,2026-08-19 D.C. United-NE Revolution,D.C. United,Tai Baribo,9,ISR,FW,28-216,90,0,0,0,0,2,0,0,0,1,3,0,0,0,1,0,,,8dba82d7,0.0,2,0,0,0
USA-Major League Soccer,2026,2026-08-19 D.C. United-NE Revolution,New England Revolution,Alhassan Yusuf,80,NGA,CM,26-032,90,3,0,0,0,5,3,0,0,1,0,0,1,0,1,0,,,8dba82d7,0.0,5,3,3,0
USA-Major League Soccer,2026,2026-08-19 D.C. United-NE Revolution,New England Revolution,Brooklyn Raines,21,USA,CM,21-161,90,0,0,0,0,1,0,1,0,1,0,1,0,2,0,0,,,8dba82d7,0.0,1,0,0,0
USA-Major League Soccer,2026,2026-08-19 D.C. United-NE Revolution,New England Revolution,Carles Gil,10,ESP,CM,33-270,88,0,0,0,0,4,2,0,0,0,1,1,4,0,0,0,,,8dba82d7,0.0,4,2,0,0
USA-Major League Soccer,2026,2026-08-19 D.C. United-NE Revolution,New England Revolution,Cody Baker,15,USA,DF,22-224,7,0,0,0,0,0,0,0,0,1,1,0,0,0,0,0,,,8dba82d7,0.0,0,0,0,0
USA-Major League Soccer,2026,2026-08-19 D.C. United-NE Revolution,New England Revolution,Dor Turgeman,99,ISR,FW,22-299,76,0,0,0,0,2,2,0,0,0,2,1,0,0,1,0,,,8dba82d7,0.0,2,2,0,0
USA-Major League Soccer,2026,2026-08-19 D.C. United-NE Revolution,New England Revolution,Ethan Kohler,22,USA,CB,21-091,90,0,0,0,0,1,0,0,0,1,2,0,0,0,1,0,,,8dba82d7,0.0,1,0,0,0
USA-Major League Soccer,2026,2026-08-19 D.C. United-NE Revolution,New England Revolution,Griffin Yow,7,USA,MF,23-328,2,0,0,0,0,0,0,0,0,0,0,0,1,0,0,0,,,8dba82d7,0.0,0,0,0,0
USA-Major League Soccer,2026,2026-08-19 D.C. United-NE Revolution,New England Revolution,Jack Harrison,11,ENG,FW,29-272,83,0,2,0,0,0,0,0,0,0,2,0,8,0,0,0,,,8dba82d7,0.0,0,0,0,2
USA-Major League Soccer,2026,2026-08-19 D.C. United-NE Revolution,New England Revolution,Judah Siqueira,65,USA,FW,17-145,2,0,0,0,0,0,0,0,0,0,0,0,0,0,0,0,,,8dba82d7,0.0,0,0,0,0
USA-Major League Soccer,2026,2026-08-19 D.C. United-NE Revolution,New England Revolution,Mamadou Fofana,2,MLI,CB,28-210,90,0,0,0,0,0,0,0,0,2,0,0,0,0,1,0,,,8dba82d7,0.0,0,0,0,0
USA-Major League Soccer,2026,2026-08-19 D.C. United-NE Revolution,New England Revolution,Marcos Zambrano,17,USA,FW,21-211,7,0,0,0,0,0,0,0,0,0,2,0,0,1,0,0,,,8dba82d7,0.0,0,0,0,0
USA-Major League Soccer,2026,2026-08-19 D.C. United-NE Revolution,New England Revolution,Matt Polster,8,USA,RB,33-072,83,0,0,0,0,1,0,1,0,3,0,0,0,0,0,0,,,8dba82d7,0.0,1,0,0,0
USA-Major League Soccer,2026,2026-08-19 D.C. United-NE Revolution,New England Revolution,Matt Turner,30,USA,GK,32-056,90,0,0,0,0,0,0,0,0,0,0,0,0,0,0,0,,,8dba82d7,0.0,0,0,0,0
USA-Major League Soccer,2026,2026-08-19 D.C. United-NE Revolution,New England Revolution,Peyton Miller,25,USA,FW,18-284,88,0,1,0,0,2,0,0,0,0,1,0,3,1,0,0,,,8dba82d7,0.0,2,0,0,1
USA-Major League Soccer,2026,2026-08-19 D.C. United-NE Revolution,New England Revolution,William Sands,23,USA,LB,26-044,90,0,0,0,0,1,0,0,0,1,4,0,1,1,0,0,,,8dba82d7,0.0,1,0,0,0
USA-Major League Soccer,2026,2026-08-19 D.C. United-NE Revolution,New England Revolution,Wilson Harris,27,USA,FW,26-264,14,0,0,0,0,1,0,0,0,0,0,0,0,0,0,0,,,8dba82d7,0.0,1,0,0,0
USA-Major League Soccer,2026,2026-08-19 FC Cincinnati-NYCFC,FC Cincinnati,Brian Anunga,27,CMR,MF,30-009,8,0,0,0,0,0,0,0,0,0,0,0,0,0,0,0,,,988a7135,0.0,0,0,0,0
USA-Major League Soccer,2026,2026-08-19 FC Cincinnati-NYCFC,FC Cincinnati,Bryan Ramírez,29,ECU,"DF,FW",26-008,31,0,0,0,0,0,0,0,0,1,0,0,1,0,1,0,,,988a7135,0.0,0,0,0,0
USA-Major League Soccer,2026,2026-08-19 FC Cincinnati-NYCFC,FC Cincinnati,Ender Echenique,66,VEN,LM,22-139,59,0,0,0,0,1,1,0,0,0,0,0,2,1,1,0,,,988a7135,0.0,1,1,0,0
USA-Major League Soccer,2026,2026-08-19 FC Cincinnati-NYCFC,FC Cincinnati,Evander,10,BRA,FW,28-071,90,1,0,0,0,5,2,0,0,0,1,0,3,0,0,0,,,988a7135,0.0,5,2,1,0
USA-Major League Soccer,2026,2026-08-19 FC Cincinnati-NYCFC,FC Cincinnati,Gerardo Valenzuela,22,USA,CM,21-325,90,0,1,0,0,0,0,0,0,1,4,0,1,1,0,0,,,988a7135,0.0,0,0,0,1
USA-Major League Soccer,2026,2026-08-19 FC Cincinnati-NYCFC,FC Cincinnati,Kenji Mboma Dem,17,FRA,CM,24-209,90,1,0,0,0,4,2,0,0,0,0,0,0,2,0,0,,,988a7135,0.0,4,2,1,0
USA-Major League Soccer,2026,2026-08-19 FC Cincinnati-NYCFC,FC Cincinnati,Kyle Smith,24,USA,CB,34-222,82,0,0,0,0,1,1,0,0,2,0,0,0,1,0,0,,,988a7135,0.0,1,1,0,0
USA-Major League Soccer,2026,2026-08-19 FC Cincinnati-NYCFC,FC Cincinnati,Kévin Denkey,9,TOG,FW,25-262,71,0,0,0,0,0,0,0,0,1,0,0,0,0,0,0,,,988a7135,0.0,0,0,0,0
USA-Major League Soccer,2026,2026-08-19 FC Cincinnati-NYCFC,FC Cincinnati,Matt Miazga,21,USA,CB,31-031,59,0,0,0,0,0,0,1,0,2,0,1,0,1,1,0,,,988a7135,0.0,0,0,0,0
USA-Major League Soccer,2026,2026-08-19 FC Cincinnati-NYCFC,FC Cincinnati,Miles Robinson,12,USA,CB,29-158,90,0,0,0,0,0,0,0,0,0,1,0,0,1,1,0,,,988a7135,0.0,0,0,0,0
USA-Major League Soccer,2026,2026-08-19 FC Cincinnati-NYCFC,FC Cincinnati,Obinna Nwobodo,5,NGA,CM,29-263,71,0,0,0,0,1,0,1,0,1,1,0,1,1,2,0,,,988a7135,0.0,1,0,0,0
USA-Major League Soccer,2026,2026-08-19 FC Cincinnati-NYCFC,FC Cincinnati,Pavel Bucha,20,CZE,RM,28-161,90,0,0,0,0,0,0,0,0,0,1,0,0,1,0,0,,,988a7135,0.0,0,0,0,0
USA-Major League Soccer,2026,2026-08-19 FC Cincinnati-NYCFC,FC Cincinnati,Roman Celentano,18,USA,GK,25-339,90,0,0,0,0,0,0,0,0,0,0,0,0,0,0,0,,,988a7135,0.0,0,0,0,0
USA-Major League Soccer,2026,2026-08-19 FC Cincinnati-NYCFC,FC Cincinnati,Samuel Gidi,11,SVK,MF,22-126,19,0,0,0,0,0,0,1,0,1,0,0,0,2,0,0,,,988a7135,0.0,0,0,0,0
USA-Major League Soccer,2026,2026-08-19 FC Cincinnati-NYCFC,FC Cincinnati,Teenage Hadebe,15,ZIM,DF,30-336,31,0,0,0,0,1,0,0,0,1,1,0,0,0,0,0,,,988a7135,0.0,1,0,0,0
USA-Major League Soccer,2026,2026-08-19 FC Cincinnati-NYCFC,FC Cincinnati,Tom Barlow,16,USA,FW,31-042,19,0,0,0,0,1,0,0,0,0,0,0,0,0,0,0,,,988a7135,0.0,1,0,0,0
USA-Major League Soccer,2026,2026-08-19 FC Cincinnati-NYCFC,New York City FC,Agustin Ojeda,26,ARG,AM,22-061,80,0,1,0,0,1,0,0,0,0,1,0,2,0,1,0,,,988a7135,0.0,1,0,0,1
USA-Major League Soccer,2026,2026-08-19 FC Cincinnati-NYCFC,New York City FC,Andrés Perea,8,USA,DM,25-278,90,0,0,0,0,0,0,0,0,1,0,0,1,0,0,0,,,988a7135,0.0,0,0,0,0
USA-Major League Soccer,2026,2026-08-19 FC Cincinnati-NYCFC,New York City FC,Bénie Traoré,9,CIV,AM,23-262,63,0,0,0,0,1,1,0,0,1,0,0,0,1,0,0,,,988a7135,0.0,1,1,0,0
USA-Major League Soccer,2026,2026-08-19 FC Cincinnati-NYCFC,New York City FC,James Sands,6,USA,CB,26-044,90,0,0,0,0,1,0,0,0,0,0,0,0,0,2,0,,,988a7135,0.0,1,0,0,0
USA-Major League Soccer,2026,2026-08-19 FC Cincinnati-NYCFC,New York City FC,Jonathan Shore,32,USA,MF,19-128,16,0,0,0,0,1,1,0,0,1,0,0,0,0,0,0,,,988a7135,0.0,1,1,0,0
USA-Major League Soccer,2026,2026-08-19 FC Cincinnati-NYCFC,New York City FC,Keaton Parks,55,USA,DM,29-013,74,0,0,0,0,1,0,1,0,2,1,0,0,0,0,0,,,988a7135,0.0,1,0,0,0
USA-Major League Soccer,2026,2026-08-19 FC Cincinnati-NYCFC,New York City FC,Kevin O'Toole,22,IRL,LB,27-248,74,0,0,0,0,0,0,0,0,0,0,0,0,0,0,0,,,988a7135,0.0,0,0,0,0
USA-Major League Soccer,2026,2026-08-19 FC Cincinnati-NYCFC,New York City FC,Luighi,20,BRA,FW,20-111,63,1,0,0,0,3,3,1,0,1,2,0,0,1,0,0,,,988a7135,0.0,3,3,1,0
USA-Major League Soccer,2026,2026-08-19 FC Cincinnati-NYCFC,New York City FC,Malachi Jones,88,SLE,FW,22-330,27,0,0,0,0,1,0,0,0,0,0,0,0,1,0,0,,,988a7135,0.0,1,0,0,0
USA-Major League Soccer,2026,2026-08-19 FC Cincinnati-NYCFC,New York City FC,Matt Freese,49,USA,GK,27-351,90,0,0,0,0,0,0,0,0,0,0,0,0,0,0,0,,,988a7135,0.0,0,0,0,0
USA-Major League Soccer,2026,2026-08-19 FC Cincinnati-NYCFC,New York City FC,Nico Cavallo,2,USA,DF,24-235,16,0,0,0,0,0,0,0,0,0,0,0,3,0,0,0,,,988a7135,0.0,0,0,0,0
USA-Major League Soccer,2026,2026-08-19 FC Cincinnati-NYCFC,New York City FC,Nicolás Fernández,7,ARG,AM,26-220,90,0,0,0,0,4,1,1,0,0,4,0,7,1,0,0,,,988a7135,0.0,4,1,0,0
USA-Major League Soccer,2026,2026-08-19 FC Cincinnati-NYCFC,New York City FC,Raul Gustavo,34,BRA,CB,27-117,90,0,0,0,0,0,0,0,0,1,0,0,0,1,2,0,,,988a7135,0.0,0,0,0,0
USA-Major League Soccer,2026,2026-08-19 FC Cincinnati-NYCFC,New York City FC,Seymour Reid,99,JAM,FW,18-168,27,0,0,0,0,0,0,0,0,1,0,0,0,0,0,0,,,988a7135,0.0,0,0,0,0
USA-Major League Soccer,2026,2026-08-19 FC Cincinnati-NYCFC,New York City FC,Talles Magno,11,BRA,"FW,MF",24-054,10,0,0,0,0,3,2,0,0,0,1,0,0,1,0,0,,,988a7135,0.0,3,2,0,0
USA-Major League Soccer,2026,2026-08-19 FC Cincinnati-NYCFC,New York City FC,Tayvon Gray,24,JAM,RB,24-000,90,0,0,0,0,0,0,0,0,1,0,0,4,2,1,0,,,988a7135,0.0,0,0,0,0
USA-Major League Soccer,2026,2026-08-19 LA Galaxy-SJ Earthquakes,LA Galaxy,Harbor Miller,26,USA,RB,19-059,90,0,1,0,0,0,0,1,0,2,1,0,2,2,4,0,,,c22d267d,0.0,0,0,0,1
USA-Major League Soccer,2026,2026-08-19 LA Galaxy-SJ Earthquakes,LA Galaxy,Hirving Lozano,11,MEX,AM,31-020,67,0,0,0,0,1,1,0,0,2,5,1,2,0,1,0,,,c22d267d,0.0,1,1,0,0
USA-Major League Soccer,2026,2026-08-19 LA Galaxy-SJ Earthquakes,LA Galaxy,J.T. Marcinkowski,12,USA,GK,29-102,90,0,0,0,0,0,0,0,0,0,0,0,0,0,0,0,,,c22d267d,0.0,0,0,0,0
USA-Major League Soccer,2026,2026-08-19 LA Galaxy-SJ Earthquakes,LA Galaxy,Jakob Glesnes,5,NOR,CB,32-147,90,0,0,0,0,0,0,0,0,0,0,0,0,0,0,0,,,c22d267d,0.0,0,0,0,0
USA-Major League Soccer,2026,2026-08-19 LA Galaxy-SJ Earthquakes,LA Galaxy,John Nelson,14,USA,DF,28-039,1,0,0,0,0,0,0,0,0,0,0,0,0,0,0,0,,,c22d267d,0.0,0,0,0,0
USA-Major League Soccer,2026,2026-08-19 LA Galaxy-SJ Earthquakes,LA Galaxy,Joseph Paintsil,28,GHA,AM,28-199,82,1,0,0,0,4,4,0,0,1,3,0,1,1,0,0,,,c22d267d,0.0,4,4,1,0
USA-Major League Soccer,2026,2026-08-19 LA Galaxy-SJ Earthquakes,LA Galaxy,Julián Aude,3,ARG,LB,23-148,90,0,0,0,0,0,0,0,0,0,0,0,0,1,3,0,,,c22d267d,0.0,0,0,0,0
USA-Major League Soccer,2026,2026-08-19 LA Galaxy-SJ Earthquakes,LA Galaxy,Justin Haak,15,USA,DM,24-341,90,0,0,0,0,2,1,1,0,2,3,0,0,1,1,0,,,c22d267d,0.0,2,1,0,0
USA-Major League Soccer,2026,2026-08-19 LA Galaxy-SJ Earthquakes,LA Galaxy,Kyogo Furuhashi,7,JPN,FW,31-211,89,0,0,0,0,1,0,0,0,2,1,0,1,0,1,0,,,c22d267d,0.0,1,0,0,0
USA-Major League Soccer,2026,2026-08-19 LA Galaxy-SJ Earthquakes,LA Galaxy,Lucas Sanabria,8,URU,DM,22-236,44,0,0,0,0,0,0,2,1,2,1,0,0,0,2,0,,,c22d267d,0.0,0,0,0,0
USA-Major League Soccer,2026,2026-08-19 LA Galaxy-SJ Earthquakes,LA Galaxy,Marco Reus,18,GER,AM,37-080,90,0,0,0,0,0,0,0,0,0,0,0,1,0,0,0,,,c22d267d,0.0,0,0,0,0
USA-Major League Soccer,2026,2026-08-19 LA Galaxy-SJ Earthquakes,LA Galaxy,Maya Yoshida,4,JPN,CB,37-360,90,0,0,0,0,1,0,0,0,0,0,1,0,0,1,0,,,c22d267d,0.0,1,0,0,0
USA-Major League Soccer,2026,2026-08-19 LA Galaxy-SJ Earthquakes,LA Galaxy,Robert Taylor,21,FIN,"FW,MF",31-302,23,0,0,0,0,1,1,0,0,0,1,0,0,0,2,0,,,c22d267d,0.0,1,1,0,0
USA-Major League Soccer,2026,2026-08-19 LA Galaxy-SJ Earthquakes,LA Galaxy,Troy Elgersma,76,,MF,,8,0,0,0,0,0,0,0,0,1,1,0,0,0,0,0,,,c22d267d,0.0,0,0,0,0
USA-Major League Soccer,2026,2026-08-19 LA Galaxy-SJ Earthquakes,San Jose Earthquakes,Angus Gunn,1,SCO,GK,30-209,90,0,0,0,0,0,0,0,0,0,0,0,0,0,0,0,,,c22d267d,0.0,0,0,0,0
USA-Major League Soccer,2026,2026-08-19 LA Galaxy-SJ Earthquakes,San Jose Earthquakes,Beau Leroux,34,USA,MF,22-353,30,0,0,0,0,3,0,0,0,1,0,0,1,0,1,0,,,c22d267d,0.0,3,0,0,0
USA-Major League Soccer,2026,2026-08-19 LA Galaxy-SJ Earthquakes,San Jose Earthquakes,David Romney,4,USA,CB,33-068,90,0,0,0,0,0,0,1,0,2,0,0,0,0,0,0,,,c22d267d,0.0,0,0,0,0
USA-Major League Soccer,2026,2026-08-19 LA Galaxy-SJ Earthquakes,San Jose Earthquakes,Ian Harkes,6,USA,DM,31-142,90,0,0,0,0,2,0,0,0,0,1,0,2,1,0,0,,,c22d267d,0.0,2,0,0,0
USA-Major League Soccer,2026,2026-08-19 LA Galaxy-SJ Earthquakes,San Jose Earthquakes,Jack Jasinski,17,USA,RB,22-258,90,0,0,0,0,4,2,1,0,2,1,0,2,1,0,0,,,c22d267d,0.0,4,2,0,0
USA-Major League Soccer,2026,2026-08-19 LA Galaxy-SJ Earthquakes,San Jose Earthquakes,Jack Skahan,16,USA,AM,28-193,45,0,0,0,0,0,0,0,0,1,0,1,2,0,0,0,,,c22d267d,0.0,0,0,0,0
USA-Major League Soccer,2026,2026-08-19 LA Galaxy-SJ Earthquakes,San Jose Earthquakes,Jamar Ricketts,2,USA,LB,24-299,90,0,0,0,0,2,0,0,0,3,1,0,1,1,4,0,,,c22d267d,0.0,2,0,0,0
USA-Major League Soccer,2026,2026-08-19 LA Galaxy-SJ Earthquakes,San Jose Earthquakes,Luka Jovanović,9,AUS,FW,21-091,60,0,0,0,0,2,1,0,0,1,0,0,0,0,0,0,,,c22d267d,0.0,2,1,0,0
USA-Major League Soccer,2026,2026-08-19 LA Galaxy-SJ Earthquakes,San Jose Earthquakes,Max Floriani,25,USA,CB,23-194,90,0,0,0,0,2,0,0,0,0,2,0,0,1,1,0,,,c22d267d,0.0,2,0,0,0
USA-Major League Soccer,2026,2026-08-19 LA Galaxy-SJ Earthquakes,San Jose Earthquakes,Nick Fernandez,20,USA,DM,24-240,60,0,0,0,0,0,0,1,0,3,2,0,0,1,0,0,,,c22d267d,0.0,0,0,0,0
USA-Major League Soccer,2026,2026-08-19 LA Galaxy-SJ Earthquakes,San Jose Earthquakes,Niko Tsakiris,10,USA,AM,21-061,45,0,0,0,0,0,0,0,0,1,1,0,5,0,0,0,,,c22d267d,0.0,0,0,0,0
USA-Major League Soccer,2026,2026-08-19 LA Galaxy-SJ Earthquakes,San Jose Earthquakes,Ousseni Bouda,7,BFA,MF,26-113,45,0,0,0,0,1,0,0,0,1,0,0,5,1,2,0,,,c22d267d,0.0,1,0,0,0
USA-Major League Soccer,2026,2026-08-19 LA Galaxy-SJ Earthquakes,San Jose Earthquakes,Paul Marie,3,FRA,AM,31-148,73,0,0,0,0,3,1,0,0,0,3,0,2,3,0,0,,,c22d267d,0.0,3,1,0,0
USA-Major League Soccer,2026,2026-08-19 LA Galaxy-SJ Earthquakes,San Jose Earthquakes,Preston Judd,19,USA,FW,27-083,30,0,0,0,0,3,1,0,0,0,0,0,0,0,0,0,,,c22d267d,0.0,3,1,0,0
USA-Major League Soccer,2026,2026-08-19 LA Galaxy-SJ Earthquakes,San Jose Earthquakes,Timo Werner,11,GER,"FW,MF",30-166,45,0,0,0,0,0,0,0,0,1,0,0,9,0,0,0,,,c22d267d,0.0,0,0,0,0
USA-Major League Soccer,2026,2026-08-19 LA Galaxy-SJ Earthquakes,San Jose Earthquakes,Vitor Costa,87,BRA,"DF,MF",32-049,17,0,0,0,0,0,0,0,0,1,1,0,2,0,0,0,,,c22d267d,0.0,0,0,0,0
USA-Major League Soccer,2026,2026-08-19 Minnesota Utd-Atlanta Utd,Atlanta United,Adrian Gill,16,USA,CM,20-228,83,0,0,0,0,0,0,1,0,1,2,0,0,0,4,0,,,8867e37a,0.0,0,0,0,0
USA-Major League Soccer,2026,2026-08-19 Minnesota Utd-Atlanta Utd,Atlanta United,Aleksei Miranchuk,59,RUS,FW,30-306,78,0,1,0,0,1,0,0,0,2,0,0,0,0,0,0,,,8867e37a,0.0,1,0,0,1
USA-Major League Soccer,2026,2026-08-19 Minnesota Utd-Atlanta Utd,Atlanta United,Cooper Sanchez,48,USA,CM,18-146,63,0,0,0,0,1,0,1,0,2,1,0,0,0,0,0,,,8867e37a,0.0,1,0,0,0
USA-Major League Soccer,2026,2026-08-19 Minnesota Utd-Atlanta Utd,Atlanta United,Elías Báez,3,ARG,LB,21-305,90,0,0,0,0,1,0,0,0,0,1,0,1,2,2,0,,,8867e37a,0.0,1,0,0,0
USA-Major League Soccer,2026,2026-08-19 Minnesota Utd-Atlanta Utd,Atlanta United,Enea Mihaj,4,ALB,DF,28-045,7,0,0,0,0,0,0,0,0,1,0,0,0,0,1,0,,,8867e37a,0.0,0,0,0,0
USA-Major League Soccer,2026,2026-08-19 Minnesota Utd-Atlanta Utd,Atlanta United,Fafà Picault,22,HAI,FW,35-177,63,0,0,0,0,0,0,0,0,0,1,1,1,0,0,0,,,8867e37a,0.0,0,0,0,0
USA-Major League Soccer,2026,2026-08-19 Minnesota Utd-Atlanta Utd,Atlanta United,Júnior Alonso,6,PAR,CB,33-191,90,0,0,0,0,1,0,1,0,0,0,0,1,1,2,0,,,8867e37a,0.0,1,0,0,0
USA-Major League Soccer,2026,2026-08-19 Minnesota Utd-Atlanta Utd,Atlanta United,Lucas Hoyos,1,ARG,GK,37-112,90,0,0,0,0,0,0,0,0,0,0,0,0,1,0,0,,,8867e37a,0.0,0,0,0,0
USA-Major League Soccer,2026,2026-08-19 Minnesota Utd-Atlanta Utd,Atlanta United,Luke Brennan,20,USA,FW,21-176,27,0,0,0,0,0,0,0,0,2,1,0,0,0,0,0,,,8867e37a,0.0,0,0,0,0
USA-Major League Soccer,2026,2026-08-19 Minnesota Utd-Atlanta Utd,Atlanta United,Matthew Edwards,47,USA,DF,23-183,12,0,0,0,0,0,0,0,0,0,0,0,1,0,1,0,,,8867e37a,0.0,0,0,0,0
USA-Major League Soccer,2026,2026-08-19 Minnesota Utd-Atlanta Utd,Atlanta United,Miguel Almirón,10,PAR,FW,32-190,90,0,0,0,0,2,1,0,0,1,2,1,2,0,1,0,,,8867e37a,0.0,2,1,0,0
USA-Major League Soccer,2026,2026-08-19 Minnesota Utd-Atlanta Utd,Atlanta United,Paulo Díaz,27,CHI,DF,31-359,7,0,0,0,0,0,0,0,0,0,0,0,0,1,0,0,,,8867e37a,0.0,0,0,0,0
USA-Major League Soccer,2026,2026-08-19 Minnesota Utd-Atlanta Utd,Atlanta United,Steven Alzate,7,COL,MF,27-345,27,0,0,0,0,0,0,0,0,1,1,0,1,1,1,0,,,8867e37a,0.0,0,0,0,0
USA-Major League Soccer,2026,2026-08-19 Minnesota Utd-Atlanta Utd,Atlanta United,Stian Rode Gregersen,5,NOR,CB,31-094,90,0,0,0,0,1,0,0,0,1,3,0,0,1,6,0,,,8867e37a,0.0,1,0,0,0
USA-Major League Soccer,2026,2026-08-19 Minnesota Utd-Atlanta Utd,Atlanta United,Tomás Jacob,55,ARG,RB,22-121,90,1,0,0,0,1,1,0,0,1,1,0,3,1,1,0,,,8867e37a,0.0,1,1,1,0
USA-Major League Soccer,2026,2026-08-19 Minnesota Utd-Atlanta Utd,Atlanta United,Tristan Muyumba,8,FRA,CM,29-165,83,1,0,0,0,2,1,0,0,1,0,0,0,1,0,0,,,8867e37a,0.0,2,1,1,0
USA-Major League Soccer,2026,2026-08-19 Minnesota Utd-Atlanta Utd,Minnesota United,Anthony Markanich,13,PHI,LM,26-236,90,1,0,0,0,5,3,0,0,1,0,0,2,0,0,0,,,8867e37a,0.0,5,3,1,0
USA-Major League Soccer,2026,2026-08-19 Minnesota Utd-Atlanta Utd,Minnesota United,Aziel Jackson,16,USA,"FW,MF",24-299,23,0,0,0,0,0,0,0,0,2,0,0,1,0,0,0,,,8867e37a,0.0,0,0,0,0
USA-Major League Soccer,2026,2026-08-19 Minnesota Utd-Atlanta Utd,Minnesota United,Bongokuhle Hlongwane,21,RSA,RM,26-060,67,0,0,0,0,0,0,0,0,0,0,2,2,0,0,0,,,8867e37a,0.0,0,0,0,0
USA-Major League Soccer,2026,2026-08-19 Minnesota Utd-Atlanta Utd,Minnesota United,Drake Callender,12,USA,GK,28-316,90,0,0,0,0,0,0,0,0,0,0,0,0,0,0,0,,,8867e37a,0.0,0,0,0,0
USA-Major League Soccer,2026,2026-08-19 Minnesota Utd-Atlanta Utd,Minnesota United,Jefferson Díaz,28,COL,CB,25-257,90,0,0,0,0,0,0,0,0,1,0,0,4,1,0,0,,,8867e37a,0.0,0,0,0,0
USA-Major League Soccer,2026,2026-08-19 Minnesota Utd-Atlanta Utd,Minnesota United,Joaquín Pereyra,26,ARG,FW,27-261,90,0,0,0,0,0,0,1,0,2,1,0,7,1,1,0,,,8867e37a,0.0,0,0,0,0
USA-Major League Soccer,2026,2026-08-19 Minnesota Utd-Atlanta Utd,Minnesota United,Kelvin Yeboah,9,ITA,FW,26-105,11,0,0,0,0,1,1,0,0,0,0,0,0,0,0,0,,,8867e37a,0.0,1,1,0,0
USA-Major League Soccer,2026,2026-08-19 Minnesota Utd-Atlanta Utd,Minnesota United,Mamadou Dieng,29,SEN,FW,22-196,23,0,0,0,0,0,0,0,0,0,2,0,0,0,0,0,,,8867e37a,0.0,0,0,0,0
USA-Major League Soccer,2026,2026-08-19 Minnesota Utd-Atlanta Utd,Minnesota United,Marcus Caldeira,22,CAN,FW,21-309,67,0,0,0,0,2,0,0,0,0,2,0,0,1,0,0,,,8867e37a,0.0,2,0,0,0
USA-Major League Soccer,2026,2026-08-19 Minnesota Utd-Atlanta Utd,Minnesota United,Mauricio Gonzalez,18,,MF,,11,0,0,0,0,2,0,0,0,0,0,1,0,0,0,0,,,8867e37a,0.0,2,0,0,0
USA-Major League Soccer,2026,2026-08-19 Minnesota Utd-Atlanta Utd,Minnesota United,Michael Boxall,15,NZL,CB,38-001,90,0,0,0,0,0,0,1,0,1,1,0,0,0,0,0,,,8867e37a,0.0,0,0,0,0
USA-Major League Soccer,2026,2026-08-19 Minnesota Utd-Atlanta Utd,Minnesota United,Morris Duggan,23,GER,CB,25-299,90,0,0,0,0,1,0,0,0,1,2,0,1,1,2,0,,,8867e37a,0.0,1,0,0,0
USA-Major League Soccer,2026,2026-08-19 Minnesota Utd-Atlanta Utd,Minnesota United,Owen Géne,30,FRA,CM,23-153,90,0,0,0,0,0,0,1,0,1,2,0,1,1,0,0,,,8867e37a,0.0,0,0,0,0
USA-Major League Soccer,2026,2026-08-19 Minnesota Utd-Atlanta Utd,Minnesota United,Tomás Chancalay,8,ARG,FW,27-230,79,0,0,0,0,2,0,1,0,2,1,1,4,1,0,0,,,8867e37a,0.0,2,0,0,0
USA-Major League Soccer,2026,2026-08-19 Minnesota Utd-Atlanta Utd,Minnesota United,Wil Trapp,20,USA,CM,33-216,79,0,0,0,0,0,0,0,0,2,0,0,0,1,2,0,,,8867e37a,0.0,0,0,0,0
USA-Major League Soccer,2026,2026-08-19 Orlando City-Chicago Fire,Chicago Fire,Andrew Gutman,15,USA,LB,29-321,60,0,0,0,0,0,0,0,0,1,2,0,1,1,0,0,,,acd192d3,0.0,0,0,0,0
USA-Major League Soccer,2026,2026-08-19 Orlando City-Chicago Fire,Chicago Fire,Anton Salétros,6,SWE,CM,30-129,90,0,0,0,0,2,0,0,0,0,2,0,3,1,1,0,,,acd192d3,0.0,2,0,0,0
USA-Major League Soccer,2026,2026-08-19 Orlando City-Chicago Fire,Chicago Fire,Chris Brady,1,USA,GK,22-169,90,0,0,0,0,0,0,0,0,0,0,0,0,0,0,0,,,acd192d3,0.0,0,0,0,0
USA-Major League Soccer,2026,2026-08-19 Orlando City-Chicago Fire,Chicago Fire,David Poręba,29,USA,CM,23-261,60,0,1,0,0,0,0,0,0,1,2,0,0,0,0,0,,,acd192d3,0.0,0,0,0,1
USA-Major League Soccer,2026,2026-08-19 Orlando City-Chicago Fire,Chicago Fire,Innocent Dje,42,CIV,CM,23-106,90,0,0,0,0,0,0,0,0,2,0,0,0,0,2,0,,,acd192d3,0.0,0,0,0,0
USA-Major League Soccer,2026,2026-08-19 Orlando City-Chicago Fire,Chicago Fire,Jack Elliott,3,ENG,CB,30-359,90,0,0,0,0,0,0,0,0,0,0,0,0,1,0,0,,,acd192d3,0.0,0,0,0,0
USA-Major League Soccer,2026,2026-08-19 Orlando City-Chicago Fire,Chicago Fire,Joel Waterman,16,CAN,CB,30-207,90,0,0,0,0,0,0,0,0,0,0,0,0,1,0,0,,,acd192d3,0.0,0,0,0,0
USA-Major League Soccer,2026,2026-08-19 Orlando City-Chicago Fire,Chicago Fire,Jonathan Bamba,19,CIV,FW,30-146,60,0,0,0,0,0,0,0,0,0,1,0,1,0,0,0,,,acd192d3,0.0,0,0,0,0
USA-Major League Soccer,2026,2026-08-19 Orlando City-Chicago Fire,Chicago Fire,Jonathan Dean,24,USA,RB,29-096,90,0,0,0,0,0,0,0,0,1,3,0,1,1,0,0,,,acd192d3,0.0,0,0,0,0
USA-Major League Soccer,2026,2026-08-19 Orlando City-Chicago Fire,Chicago Fire,Maren Haile-Selassie,7,SUI,"FW,MF",27-159,30,0,0,0,0,0,0,0,0,1,0,0,1,0,0,0,,,acd192d3,0.0,0,0,0,0
USA-Major League Soccer,2026,2026-08-19 Orlando City-Chicago Fire,Chicago Fire,Puso Dithejane,12,RSA,FW,22-069,90,1,0,0,0,2,2,0,0,1,0,1,1,0,1,0,,,acd192d3,0.0,2,2,1,0
USA-Major League Soccer,2026,2026-08-19 Orlando City-Chicago Fire,Chicago Fire,Robert Lewandowski,9,POL,FW,37-363,82,1,0,1,1,3,1,0,0,1,2,0,0,0,0,0,,,acd192d3,0.0,3,1,1,0
USA-Major League Soccer,2026,2026-08-19 Orlando City-Chicago Fire,Chicago Fire,Robin Lod,17,FIN,"FW,MF",33-124,30,0,0,0,0,0,0,0,0,1,1,0,0,0,1,0,,,acd192d3,0.0,0,0,0,0
USA-Major League Soccer,2026,2026-08-19 Orlando City-Chicago Fire,Chicago Fire,Sam Rogers,5,USA,DF,27-094,8,0,0,0,0,0,0,1,0,0,0,0,0,0,0,0,,,acd192d3,0.0,0,0,0,0
USA-Major League Soccer,2026,2026-08-19 Orlando City-Chicago Fire,Chicago Fire,Viktor Radojevic,14,SRB,DF,22-036,30,0,0,0,0,0,0,1,0,2,1,0,1,0,0,0,,,acd192d3,0.0,0,0,0,0
USA-Major League Soccer,2026,2026-08-19 Orlando City-Chicago Fire,Orlando City,Adrián Marín,3,ESP,LB,29-222,42,0,0,0,0,0,0,0,0,1,0,0,0,0,0,0,,,acd192d3,0.0,0,0,0,0
USA-Major League Soccer,2026,2026-08-19 Orlando City-Chicago Fire,Orlando City,Antoine Griezmann,7,FRA,AM,35-151,90,0,1,0,0,4,1,0,0,0,0,0,4,0,0,0,,,acd192d3,0.0,4,1,0,1
USA-Major League Soccer,2026,2026-08-19 Orlando City-Chicago Fire,Orlando City,Daryl Dike,9,USA,FW,26-077,27,0,0,0,0,1,0,0,0,1,0,0,0,0,0,0,,,acd192d3,0.0,1,0,0,0
USA-Major League Soccer,2026,2026-08-19 Orlando City-Chicago Fire,Orlando City,David Brekalo,4,SVN,CB,27-259,90,1,0,0,0,2,2,0,0,1,0,0,0,0,0,0,,,acd192d3,0.0,2,2,1,0
USA-Major League Soccer,2026,2026-08-19 Orlando City-Chicago Fire,Orlando City,Eduard Atuesta,20,COL,MF,29-062,13,0,0,0,0,0,0,0,0,1,1,0,0,0,0,0,,,acd192d3,0.0,0,0,0,0
USA-Major League Soccer,2026,2026-08-19 Orlando City-Chicago Fire,Orlando City,Griffin Dorsey,24,USA,RB,27-167,77,0,0,0,0,2,0,0,0,2,0,0,1,2,0,0,,,acd192d3,0.0,2,0,0,0
USA-Major League Soccer,2026,2026-08-19 Orlando City-Chicago Fire,Orlando City,Iván Angulo,77,COL,AM,27-150,90,0,0,0,0,1,0,0,0,1,2,0,0,2,0,0,,,acd192d3,0.0,1,0,0,0
USA-Major League Soccer,2026,2026-08-19 Orlando City-Chicago Fire,Orlando City,Justin Ellis,22,USA,FW,19-097,63,0,0,0,0,3,1,0,0,2,0,0,0,1,0,0,,,acd192d3,0.0,3,1,0,0
USA-Major League Soccer,2026,2026-08-19 Orlando City-Chicago Fire,Orlando City,Luis Otávio,5,BRA,DM,19-129,90,0,0,0,0,1,0,1,0,3,2,0,0,1,1,0,,,acd192d3,0.0,1,0,0,0
USA-Major League Soccer,2026,2026-08-19 Orlando City-Chicago Fire,Orlando City,Marco Pašalić,87,CRO,MF,25-339,48,0,0,0,0,2,1,0,0,1,0,0,2,1,0,0,,,acd192d3,0.0,2,1,0,0
USA-Major League Soccer,2026,2026-08-19 Orlando City-Chicago Fire,Orlando City,Maxime Crépeau,71,CAN,GK,32-100,90,0,0,0,0,0,0,0,0,0,1,0,0,0,0,0,,,acd192d3,0.0,0,0,0,0
USA-Major League Soccer,2026,2026-08-19 Orlando City-Chicago Fire,Orlando City,Robin Jansson,6,SWE,CB,34-277,90,0,0,0,0,0,0,1,0,1,1,0,0,0,0,0,,,acd192d3,0.0,0,0,0,0
USA-Major League Soccer,2026,2026-08-19 Orlando City-Chicago Fire,Orlando City,Tiago,11,BRA,FW,21-133,48,0,0,0,0,0,0,0,0,1,1,0,2,0,1,0,,,acd192d3,0.0,0,0,0,0
USA-Major League Soccer,2026,2026-08-19 Orlando City-Chicago Fire,Orlando City,Tyrese Spicer,14,TRI,AM,25-258,42,0,0,0,0,0,0,0,0,0,0,0,2,0,0,0,,,acd192d3,0.0,0,0,0,0
USA-Major League Soccer,2026,2026-08-19 Orlando City-Chicago Fire,Orlando City,Wilder Cartagena,16,PER,DM,31-330,42,0,0,0,0,0,0,0,0,0,1,0,0,0,0,0,,,acd192d3,0.0,0,0,0,0
USA-Major League Soccer,2026,2026-08-19 Orlando City-Chicago Fire,Orlando City,Zakaria Taifi,19,USA,MF,20-322,48,0,0,0,0,0,0,0,0,0,1,0,2,1,2,0,,,acd192d3,0.0,0,0,0,0
USA-Major League Soccer,2026,2026-08-19 Philadelphia-Inter Miami,Inter Miami,Casemiro,5,BRA,CM,34-177,90,0,0,0,0,0,0,0,0,1,1,0,1,0,1,0,,,3f104bf2,0.0,0,0,0,0
USA-Major League Soccer,2026,2026-08-19 Philadelphia-Inter Miami,Inter Miami,David Ayala,22,ARG,MF,24-024,18,0,0,0,0,0,0,0,0,1,0,0,0,1,0,0,,,3f104bf2,0.0,0,0,0,0
USA-Major League Soccer,2026,2026-08-19 Philadelphia-Inter Miami,Inter Miami,David Ruíz,41,HON,MF,22-192,1,0,0,0,0,0,0,0,0,0,0,0,0,0,0,0,,,3f104bf2,0.0,0,0,0,0
USA-Major League Soccer,2026,2026-08-19 Philadelphia-Inter Miami,Inter Miami,Dayne St. Clair,97,CAN,GK,29-102,90,0,0,0,0,0,0,0,0,0,0,0,0,0,0,0,,,3f104bf2,0.0,0,0,0,0
USA-Major League Soccer,2026,2026-08-19 Philadelphia-Inter Miami,Inter Miami,Dániel Pintér,56,USA,FW,19-074,89,1,0,0,0,2,2,0,0,1,2,1,1,0,0,0,,,3f104bf2,0.0,2,2,1,0
USA-Major League Soccer,2026,2026-08-19 Philadelphia-Inter Miami,Inter Miami,Gonzalo Luján,2,ARG,CB,25-114,90,0,0,0,0,0,0,0,0,1,0,0,0,0,0,0,,,3f104bf2,0.0,0,0,0,0
USA-Major League Soccer,2026,2026-08-19 Philadelphia-Inter Miami,Inter Miami,Ian Fray,17,JAM,RB,23-353,90,0,1,0,0,0,0,1,0,2,2,1,1,0,2,0,,,3f104bf2,0.0,0,0,0,1
USA-Major League Soccer,2026,2026-08-19 Philadelphia-Inter Miami,Inter Miami,Lionel Messi,10,ARG,FW,39-056,90,1,0,0,0,3,1,0,0,1,2,1,2,1,0,0,,,3f104bf2,0.0,3,1,1,0
USA-Major League Soccer,2026,2026-08-19 Philadelphia-Inter Miami,Inter Miami,Luis Suárez,9,URU,FW,39-207,90,0,1,0,0,0,0,0,0,0,0,0,0,0,0,0,,,3f104bf2,0.0,0,0,0,1
USA-Major League Soccer,2026,2026-08-19 Philadelphia-Inter Miami,Inter Miami,Maximiliano Falcón,37,URU,CB,29-110,90,0,0,0,0,0,0,0,0,1,5,0,0,1,0,0,,,3f104bf2,0.0,0,0,0,0
USA-Major League Soccer,2026,2026-08-19 Philadelphia-Inter Miami,Inter Miami,Noah Allen,32,GRE,DF,22-113,18,0,0,0,0,0,0,0,0,0,0,0,2,0,0,0,,,3f104bf2,0.0,0,0,0,0
USA-Major League Soccer,2026,2026-08-19 Philadelphia-Inter Miami,Inter Miami,Sergio Reguilón,3,ESP,LB,29-246,72,0,0,0,0,0,0,1,0,2,1,0,1,0,1,0,,,3f104bf2,0.0,0,0,0,0
USA-Major League Soccer,2026,2026-08-19 Philadelphia-Inter Miami,Inter Miami,Telasco Segovia,8,VEN,CM,23-139,72,0,0,0,0,0,0,0,0,1,1,0,0,0,0,0,,,3f104bf2,0.0,0,0,0,0
USA-Major League Soccer,2026,2026-08-19 Philadelphia-Inter Miami,Inter Miami,Yannick Bright,42,ITA,CM,24-350,89,0,0,0,0,0,0,0,1,2,2,0,0,1,1,0,,,3f104bf2,0.0,0,0,0,0
USA-Major League Soccer,2026,2026-08-19 Philadelphia-Inter Miami,Philadelphia Union,Alejandro Bedoya,11,USA,"FW,MF",39-112,9,0,0,0,0,0,0,0,0,0,0,0,0,0,0,0,,,3f104bf2,0.0,0,0,0,0
USA-Major League Soccer,2026,2026-08-19 Philadelphia-Inter Miami,Philadelphia Union,Andre Blake,18,JAM,GK,35-271,90,0,0,0,0,0,0,0,0,0,1,0,0,0,0,0,,,3f104bf2,0.0,0,0,0,0
USA-Major League Soccer,2026,2026-08-19 Philadelphia-Inter Miami,Philadelphia Union,Bruno Damiani,9,URU,FW,24-123,81,0,0,0,0,2,1,0,0,1,2,0,0,0,1,0,,,3f104bf2,0.0,2,1,0,0
USA-Major League Soccer,2026,2026-08-19 Philadelphia-Inter Miami,Philadelphia Union,Cavan Sullivan,6,USA,RM,16-325,89,0,0,0,0,4,1,0,1,2,3,0,4,3,1,0,,,3f104bf2,0.0,4,1,0,0
USA-Major League Soccer,2026,2026-08-19 Philadelphia-Inter Miami,Philadelphia Union,Danley Jean-Jacques,21,HAI,CM,26-091,90,0,0,0,0,2,0,0,0,3,2,0,0,2,5,0,,,3f104bf2,0.0,2,0,0,0
USA-Major League Soccer,2026,2026-08-19 Philadelphia-Inter Miami,Philadelphia Union,Ezekiel Kwame Alladoh,23,GHA,FW,20-340,9,0,0,0,0,0,0,1,0,2,0,0,0,0,1,0,,,3f104bf2,0.0,0,0,0,0
USA-Major League Soccer,2026,2026-08-19 Philadelphia-Inter Miami,Philadelphia Union,Francis Westfield,39,USA,RB,20-253,90,0,1,0,0,1,0,0,0,2,1,0,5,1,3,0,,,3f104bf2,0.0,1,0,0,1
USA-Major League Soccer,2026,2026-08-19 Philadelphia-Inter Miami,Philadelphia Union,Indiana Vassilev,19,USA,LM,25-184,67,1,0,0,0,2,1,0,0,1,1,0,2,2,1,0,,,3f104bf2,0.0,2,1,1,0
USA-Major League Soccer,2026,2026-08-19 Philadelphia-Inter Miami,Philadelphia Union,Jesús Daniel Bueno,8,VEN,CM,27-126,81,0,0,0,0,0,0,0,0,0,1,0,0,0,4,0,,,3f104bf2,0.0,0,0,0,0
USA-Major League Soccer,2026,2026-08-19 Philadelphia-Inter Miami,Philadelphia Union,Kai Wagner,27,GER,LB,29-185,90,0,0,0,0,1,0,1,0,2,1,0,12,0,0,0,,,3f104bf2,0.0,1,0,0,0
USA-Major League Soccer,2026,2026-08-19 Philadelphia-Inter Miami,Philadelphia Union,Milan Iloski,10,USA,FW,27-021,90,0,1,0,0,3,1,1,0,1,0,1,2,0,0,0,,,3f104bf2,0.0,3,1,0,1
USA-Major League Soccer,2026,2026-08-19 Philadelphia-Inter Miami,Philadelphia Union,Nathan Harriel,26,USA,CB,25-118,90,0,0,0,0,0,0,0,0,3,0,1,0,0,4,0,,,3f104bf2,0.0,0,0,0,0
USA-Major League Soccer,2026,2026-08-19 Philadelphia-Inter Miami,Philadelphia Union,Neil Pierre,44,USA,CB,18-304,90,1,0,0,0,2,2,0,0,0,1,1,0,1,2,0,,,3f104bf2,0.0,2,2,1,0
USA-Major League Soccer,2026,2026-08-19 Philadelphia-Inter Miami,Philadelphia Union,Quinn Sullivan,33,USA,"FW,MF",22-145,23,0,0,0,0,0,0,1,0,1,0,0,0,0,0,0,,,3f104bf2,0.0,0,0,0,0
USA-Major League Soccer,2026,2026-08-19 Portland Timbers-San Diego FC,Portland Timbers,Antony,11,BRA,"FW,MF",24-345,17,0,0,0,0,0,0,0,0,0,1,0,1,0,0,0,,,34efc4a8,0.0,0,0,0,0
USA-Major League Soccer,2026,2026-08-19 Portland Timbers-San Diego FC,Portland Timbers,Ariel Lassiter,7,CRC,AM,31-326,82,1,0,0,0,3,2,1,0,2,1,0,2,0,1,0,,,34efc4a8,0.0,3,2,1,0
USA-Major League Soccer,2026,2026-08-19 Portland Timbers-San Diego FC,Portland Timbers,Brandon Bye,5,USA,RB,30-263,61,0,0,0,0,0,0,0,0,0,0,0,0,0,1,0,,,34efc4a8,0.0,0,0,0,0
USA-Major League Soccer,2026,2026-08-19 Portland Timbers-San Diego FC,Portland Timbers,Cole Bassett,17,USA,DM,25-022,73,0,1,0,0,1,0,0,0,0,0,0,1,0,0,0,,,34efc4a8,0.0,1,0,0,1
USA-Major League Soccer,2026,2026-08-19 Portland Timbers-San Diego FC,Portland Timbers,David Costa,10,POR,AM,25-226,82,1,0,0,0,2,1,0,0,1,0,0,0,0,0,0,,,34efc4a8,0.0,2,1,1,0
USA-Major League Soccer,2026,2026-08-19 Portland Timbers-San Diego FC,Portland Timbers,Diego Chará,21,COL,MF,40-136,8,0,0,0,0,0,0,0,0,1,0,0,0,0,0,0,,,34efc4a8,0.0,0,0,0,0
USA-Major League Soccer,2026,2026-08-19 Portland Timbers-San Diego FC,Portland Timbers,Eric Miller,15,USA,DF,33-216,29,0,0,0,0,0,0,0,0,0,0,0,1,0,0,0,,,34efc4a8,0.0,0,0,0,0
USA-Major League Soccer,2026,2026-08-19 Portland Timbers-San Diego FC,Portland Timbers,Finn Surman,20,NZL,CB,22-330,90,0,0,0,0,0,0,0,0,0,0,0,0,1,2,0,,,34efc4a8,0.0,0,0,0,0
USA-Major League Soccer,2026,2026-08-19 Portland Timbers-San Diego FC,Portland Timbers,James Pantemis,41,CAN,GK,29-179,90,0,0,0,0,0,0,0,0,0,0,0,0,0,0,0,,,34efc4a8,0.0,0,0,0,0
USA-Major League Soccer,2026,2026-08-19 Portland Timbers-San Diego FC,Portland Timbers,Jimer Fory,27,COL,LB,24-087,90,0,1,0,0,0,0,0,0,3,1,0,0,2,2,0,,,34efc4a8,0.0,0,0,0,1
USA-Major League Soccer,2026,2026-08-19 Portland Timbers-San Diego FC,Portland Timbers,José Caicedo,30,COL,DM,24-088,90,0,0,0,0,0,0,0,0,1,2,0,0,1,3,0,,,34efc4a8,0.0,0,0,0,0
USA-Major League Soccer,2026,2026-08-19 Portland Timbers-San Diego FC,Portland Timbers,Julio Joao Ortíz,80,ECU,MF,30-110,17,0,0,0,0,0,0,0,0,0,2,0,0,0,1,0,,,34efc4a8,0.0,0,0,0,0
USA-Major League Soccer,2026,2026-08-19 Portland Timbers-San Diego FC,Portland Timbers,Kamal Miller,4,CAN,CB,29-095,90,0,0,0,0,0,0,0,0,1,0,0,0,2,1,0,,,34efc4a8,0.0,0,0,0,0
USA-Major League Soccer,2026,2026-08-19 Portland Timbers-San Diego FC,Portland Timbers,Kevin Kelsy,19,VEN,FW,22-023,90,0,0,0,0,3,1,1,0,2,1,3,0,1,1,0,,,34efc4a8,0.0,3,1,0,0
USA-Major League Soccer,2026,2026-08-19 Portland Timbers-San Diego FC,Portland Timbers,Kristoffer Velde,99,NOR,AM,26-344,73,1,1,0,0,2,1,0,0,3,1,0,1,2,0,0,,,34efc4a8,0.0,2,1,1,1
USA-Major League Soccer,2026,2026-08-19 Portland Timbers-San Diego FC,Portland Timbers,Vincent Janssen,14,NED,FW,32-065,8,0,0,0,0,0,0,0,0,1,1,0,0,0,0,0,,,34efc4a8,0.0,0,0,0,0
USA-Major League Soccer,2026,2026-08-19 Portland Timbers-San Diego FC,San Diego FC,Alejandro Alvarado Jr.,70,USA,MF,23-021,33,0,0,0,0,2,0,0,0,2,1,0,0,0,0,0,,,34efc4a8,0.0,2,0,0,0
USA-Major League Soccer,2026,2026-08-19 Portland Timbers-San Diego FC,San Diego FC,Alex Mighten,77,ENG,FW,24-130,58,0,0,0,0,0,0,0,0,0,2,0,3,0,0,0,,,34efc4a8,0.0,0,0,0,0
USA-Major League Soccer,2026,2026-08-19 Portland Timbers-San Diego FC,San Diego FC,Amahl Pellegrino,90,NOR,"FW,MF",36-062,17,0,0,0,0,0,0,0,0,0,0,0,0,0,0,0,,,34efc4a8,0.0,0,0,0,0
USA-Major League Soccer,2026,2026-08-19 Portland Timbers-San Diego FC,San Diego FC,C.J. dos Santos,1,CPV,GK,25-360,90,0,0,0,0,0,0,0,0,0,0,0,0,0,0,0,,,34efc4a8,0.0,0,0,0,0
USA-Major League Soccer,2026,2026-08-19 Portland Timbers-San Diego FC,San Diego FC,Dagur Dan Þórhallsson,3,ISL,RB,26-109,73,0,0,0,0,0,0,0,0,2,2,0,3,4,0,0,,,34efc4a8,0.0,0,0,0,0
USA-Major League Soccer,2026,2026-08-19 Portland Timbers-San Diego FC,San Diego FC,Elias Achouri,99,TUN,"FW,MF",27-190,32,0,0,0,0,2,0,0,0,1,1,0,3,0,0,0,,,34efc4a8,0.0,2,0,0,0
USA-Major League Soccer,2026,2026-08-19 Portland Timbers-San Diego FC,San Diego FC,Gabriel Pirani,12,BRA,CM,24-129,90,1,0,0,0,7,3,0,0,0,1,0,2,0,0,0,,,34efc4a8,0.0,7,3,1,0
USA-Major League Soccer,2026,2026-08-19 Portland Timbers-San Diego FC,San Diego FC,Ian Murphy,32,USA,CB,26-215,90,0,0,0,0,0,0,0,0,0,0,0,0,0,0,0,,,34efc4a8,0.0,0,0,0,0
USA-Major League Soccer,2026,2026-08-19 Portland Timbers-San Diego FC,San Diego FC,Jeppe Tverskov,6,DEN,CM,33-160,90,0,0,0,0,1,0,0,0,1,1,0,0,3,2,0,,,34efc4a8,0.0,1,0,0,0
USA-Major League Soccer,2026,2026-08-19 Portland Timbers-San Diego FC,San Diego FC,Kieran Sargeant,5,USA,LB,23-126,73,0,0,0,0,0,0,0,0,2,1,0,3,4,0,0,,,34efc4a8,0.0,0,0,0,0
USA-Major League Soccer,2026,2026-08-19 Portland Timbers-San Diego FC,San Diego FC,Lewis Morgan,9,SCO,FW,29-323,90,0,1,0,0,3,1,0,0,0,0,1,11,0,0,0,,,34efc4a8,0.0,3,1,0,1
USA-Major League Soccer,2026,2026-08-19 Portland Timbers-San Diego FC,San Diego FC,Luca Bombino,27,USA,DF,20-040,17,0,0,0,0,0,0,0,0,1,1,0,1,2,0,0,,,34efc4a8,0.0,0,0,0,0
USA-Major League Soccer,2026,2026-08-19 Portland Timbers-San Diego FC,San Diego FC,Manu Duah,26,GHA,CB,21-075,90,0,0,0,0,1,0,0,0,0,2,0,1,3,1,0,,,34efc4a8,0.0,1,0,0,0
USA-Major League Soccer,2026,2026-08-19 Portland Timbers-San Diego FC,San Diego FC,Marcus Ingvartsen,7,DEN,FW,30-227,73,0,0,0,0,4,1,0,0,1,1,0,0,0,0,0,,,34efc4a8,0.0,4,1,0,0
USA-Major League Soccer,2026,2026-08-19 Portland Timbers-San Diego FC,San Diego FC,Onni Valakari,8,FIN,CM,27-001,57,0,0,0,0,0,0,0,0,0,1,0,0,0,0,0,,,34efc4a8,0.0,0,0,0,0
USA-Major League Soccer,2026,2026-08-19 Portland Timbers-San Diego FC,San Diego FC,Oscar Verhoeven,33,USA,DF,20-080,17,0,0,0,0,1,1,1,0,1,0,0,1,0,0,0,,,34efc4a8,0.0,1,1,0,0
USA-Major League Soccer,2026,2026-08-19 RB New York-Nashville SC,Nashville SC,Ahmed Qasem,37,IRQ,"FW,MF",23-038,21,0,0,0,0,0,0,0,0,1,0,0,1,0,0,0,,,56941129,0.0,0,0,0,0
USA-Major League Soccer,2026,2026-08-19 RB New York-Nashville SC,Nashville SC,Andy Najar,31,HON,"DF,MF",33-156,30,0,0,0,0,0,0,0,0,1,0,0,0,1,0,0,,,56941129,0.0,0,0,0,0
USA-Major League Soccer,2026,2026-08-19 RB New York-Nashville SC,Nashville SC,Brian Schwake,99,USA,GK,24-360,90,0,0,0,0,0,0,0,0,0,0,0,0,0,0,0,,,56941129,0.0,0,0,0,0
USA-Major League Soccer,2026,2026-08-19 RB New York-Nashville SC,Nashville SC,Cristian Espinoza,7,ARG,"FW,MF",31-138,29,0,1,0,0,0,0,0,0,0,0,0,6,1,0,0,,,56941129,0.0,0,0,0,1
USA-Major League Soccer,2026,2026-08-19 RB New York-Nashville SC,Nashville SC,Daniel Lovitz,2,USA,LB,34-357,60,0,0,0,0,0,0,1,0,1,0,0,3,1,1,0,,,56941129,0.0,0,0,0,0
USA-Major League Soccer,2026,2026-08-19 RB New York-Nashville SC,Nashville SC,Edvard Sandvik Tagseth,20,NOR,DM,25-208,90,0,0,0,0,0,0,0,0,3,0,0,0,1,6,0,,,56941129,0.0,0,0,0,0
USA-Major League Soccer,2026,2026-08-19 RB New York-Nashville SC,Nashville SC,Elias Saad,11,TUN,AM,26-235,69,0,0,0,0,1,0,0,0,2,0,1,2,1,1,0,,,56941129,0.0,1,0,0,0
USA-Major League Soccer,2026,2026-08-19 RB New York-Nashville SC,Nashville SC,Hany Mukhtar,10,GER,AM,31-151,90,0,0,0,0,3,1,0,0,0,1,1,2,0,0,0,,,56941129,0.0,3,1,0,0
USA-Major League Soccer,2026,2026-08-19 RB New York-Nashville SC,Nashville SC,Jack Maher,5,USA,CB,26-295,90,0,0,0,0,0,0,0,0,1,0,0,0,1,2,0,,,56941129,0.0,0,0,0,0
USA-Major League Soccer,2026,2026-08-19 RB New York-Nashville SC,Nashville SC,Josh Bauer,22,USA,DF,28-028,5,0,0,0,0,0,0,0,0,0,0,0,0,0,0,0,,,56941129,0.0,0,0,0,0
USA-Major League Soccer,2026,2026-08-19 RB New York-Nashville SC,Nashville SC,Matthew Corcoran,16,USA,DM,20-183,69,0,0,0,0,2,0,1,0,2,0,0,3,1,0,0,,,56941129,0.0,2,0,0,0
USA-Major League Soccer,2026,2026-08-19 RB New York-Nashville SC,Nashville SC,Maxwell Woledzi,3,GHA,CB,25-048,90,1,0,0,0,1,1,0,0,0,1,1,0,0,1,0,,,56941129,0.0,1,1,1,0
USA-Major League Soccer,2026,2026-08-19 RB New York-Nashville SC,Nashville SC,Patrick Yazbek,8,AUS,MF,24-136,21,0,0,0,0,0,0,0,0,0,0,0,0,1,0,0,,,56941129,0.0,0,0,0,0
USA-Major League Soccer,2026,2026-08-19 RB New York-Nashville SC,Nashville SC,Reed Baker-Whiting,27,USA,RB,21-141,85,0,0,0,0,2,0,0,0,1,0,0,3,1,1,0,,,56941129,0.0,2,0,0,0
USA-Major League Soccer,2026,2026-08-19 RB New York-Nashville SC,Nashville SC,Sam Surridge,9,ENG,FW,28-022,90,0,0,0,0,2,1,0,0,0,1,2,1,0,1,0,,,56941129,0.0,2,1,0,0
USA-Major League Soccer,2026,2026-08-19 RB New York-Nashville SC,Nashville SC,Shakur Mohammed,14,GHA,AM,22-357,61,0,0,0,0,0,0,0,0,0,1,0,3,0,0,0,,,56941129,0.0,0,0,0,0
USA-Major League Soccer,2026,2026-08-19 RB New York-Nashville SC,Red Bull New York,Adri Mehmeti,15,USA,CM,17-135,90,0,0,0,0,2,0,0,0,0,1,0,0,3,0,0,,,56941129,0.0,2,0,0,0
USA-Major League Soccer,2026,2026-08-19 RB New York-Nashville SC,Red Bull New York,Cade Cowell,7,USA,FW,22-309,60,0,0,0,0,0,0,0,0,0,1,0,1,0,2,0,,,56941129,0.0,0,0,0,0
USA-Major League Soccer,2026,2026-08-19 RB New York-Nashville SC,Red Bull New York,Dylan Nealis,12,USA,RB,28-020,79,0,0,0,0,0,0,0,0,0,2,0,1,2,0,0,,,56941129,0.0,0,0,0,0
USA-Major League Soccer,2026,2026-08-19 RB New York-Nashville SC,Red Bull New York,Emil Forsberg,10,SWE,CM,34-300,60,0,0,0,0,1,1,0,0,0,1,0,4,1,1,0,,,56941129,0.0,1,1,0,0
USA-Major League Soccer,2026,2026-08-19 RB New York-Nashville SC,Red Bull New York,Ethan Horvath,34,USA,GK,31-071,90,0,0,0,0,0,0,0,0,0,0,0,0,0,0,0,,,56941129,0.0,0,0,0,0
USA-Major League Soccer,2026,2026-08-19 RB New York-Nashville SC,Red Bull New York,Jahkeele Marshall-Rutty,3,CAN,"DF,MF",22-064,11,0,0,0,0,0,0,0,0,0,0,0,2,0,0,0,,,56941129,0.0,0,0,0,0
USA-Major League Soccer,2026,2026-08-19 RB New York-Nashville SC,Red Bull New York,Jorge Ruvalcaba,11,MEX,FW,25-027,90,0,0,0,0,3,0,0,0,0,2,0,1,0,0,0,,,56941129,0.0,3,0,0,0
USA-Major League Soccer,2026,2026-08-19 RB New York-Nashville SC,Red Bull New York,Julian Hall,16,USA,FW,18-148,90,0,0,0,0,3,0,0,0,0,1,0,0,0,0,0,,,56941129,0.0,3,0,0,0
USA-Major League Soccer,2026,2026-08-19 RB New York-Nashville SC,Red Bull New York,Julián Bazán,14,COL,CB,20-267,90,0,0,0,0,1,0,1,0,1,0,0,0,1,2,0,,,56941129,0.0,1,0,0,0
USA-Major League Soccer,2026,2026-08-19 RB New York-Nashville SC,Red Bull New York,Justin Che,2,USA,CB,22-274,87,0,0,0,0,0,0,0,0,0,0,0,0,0,0,0,,,56941129,0.0,0,0,0,0
USA-Major League Soccer,2026,2026-08-19 RB New York-Nashville SC,Red Bull New York,Matthew Dos Santos,56,USA,LB,18-075,90,0,0,0,0,1,0,0,0,1,0,0,5,1,3,0,,,56941129,0.0,1,0,0,0
USA-Major League Soccer,2026,2026-08-19 RB New York-Nashville SC,Red Bull New York,Mijahir Jiménez,91,PAN,MF,19-144,30,0,0,0,0,1,0,0,0,0,1,0,0,0,0,0,,,56941129,0.0,1,0,0,0
USA-Major League Soccer,2026,2026-08-19 RB New York-Nashville SC,Red Bull New York,Mohammed Sofo,37,GHA,MF,21-262,30,0,0,0,0,1,0,0,0,0,0,0,1,1,0,0,,,56941129,0.0,1,0,0,0
USA-Major League Soccer,2026,2026-08-19 RB New York-Nashville SC,Red Bull New York,Ronald Donkor,48,GHA,CM,21-272,90,0,0,0,0,0,0,0,0,2,2,0,2,3,0,0,,,56941129,0.0,0,0,0,0
USA-Major League Soccer,2026,2026-08-19 RB New York-Nashville SC,Red Bull New York,Tim Parker,26,USA,DF,33-177,3,0,0,0,0,0,0,0,0,0,0,0,0,0,1,0,,,56941129,0.0,0,0,0,0
USA-Major League Soccer,2026,2026-08-19 Real Salt Lake-FC Dallas,FC Dallas,Bernard Kamungo,77,USA,DM,24-230,83,0,0,0,0,0,0,0,0,0,1,0,0,0,1,0,,,5359ba9f,0.0,0,0,0,0
USA-Major League Soccer,2026,2026-08-19 Real Salt Lake-FC Dallas,FC Dallas,Christian Cappis,12,USA,MF,27-006,35,0,0,0,0,0,0,0,0,0,1,0,0,0,0,0,,,5359ba9f,0.0,0,0,0,0
USA-Major League Soccer,2026,2026-08-19 Real Salt Lake-FC Dallas,FC Dallas,Herman Johansson,14,SWE,DM,28-307,68,0,0,0,0,1,0,0,0,0,0,0,0,1,0,0,,,5359ba9f,0.0,1,0,0,0
USA-Major League Soccer,2026,2026-08-19 Real Salt Lake-FC Dallas,FC Dallas,Joaquín Valiente,21,URU,AM,25-128,90,1,2,0,0,2,1,0,0,1,0,0,5,1,0,0,,,5359ba9f,0.0,2,1,1,2
USA-Major League Soccer,2026,2026-08-19 Real Salt Lake-FC Dallas,FC Dallas,Jonathan Sirois,40,CAN,GK,25-053,90,0,0,0,0,0,0,0,0,0,0,0,0,0,0,0,,,5359ba9f,0.0,0,0,0,0
USA-Major League Soccer,2026,2026-08-19 Real Salt Lake-FC Dallas,FC Dallas,Kaick,55,BRA,DM,20-263,55,0,0,0,0,1,0,0,0,0,1,0,0,2,1,0,,,5359ba9f,0.0,1,0,0,0
USA-Major League Soccer,2026,2026-08-19 Real Salt Lake-FC Dallas,FC Dallas,Logan Farrington,23,USA,FW,24-248,45,0,0,0,0,2,0,0,0,2,0,0,0,0,1,0,,,5359ba9f,0.0,2,0,0,0
USA-Major League Soccer,2026,2026-08-19 Real Salt Lake-FC Dallas,FC Dallas,Nolan Norris,32,USA,CB,21-183,90,0,0,0,0,0,0,1,0,3,1,0,0,2,2,0,,,5359ba9f,0.0,0,0,0,0
USA-Major League Soccer,2026,2026-08-19 Real Salt Lake-FC Dallas,FC Dallas,Osaze Urhoghide,3,NED,CB,26-046,90,0,0,0,0,0,0,0,0,2,3,0,0,0,2,0,,,5359ba9f,0.0,0,0,0,0
USA-Major League Soccer,2026,2026-08-19 Real Salt Lake-FC Dallas,FC Dallas,Petar Musa,9,CRO,FW,28-168,45,2,0,0,0,4,3,0,0,1,0,0,0,0,1,0,,,5359ba9f,0.0,4,3,2,0
USA-Major League Soccer,2026,2026-08-19 Real Salt Lake-FC Dallas,FC Dallas,Ramiro Benetti,17,BRA,DM,33-089,90,0,2,0,0,0,0,0,0,1,0,0,0,0,4,0,,,5359ba9f,0.0,0,0,0,2
USA-Major League Soccer,2026,2026-08-19 Real Salt Lake-FC Dallas,FC Dallas,Ran Binyamin,6,ISR,MF,22-194,45,1,0,0,0,2,1,1,0,0,0,1,0,0,3,0,,,5359ba9f,0.0,2,1,1,0
USA-Major League Soccer,2026,2026-08-19 Real Salt Lake-FC Dallas,FC Dallas,Samuel Sarver,28,USA,FW,23-169,7,0,0,0,0,0,0,0,0,0,1,0,0,0,0,0,,,5359ba9f,0.0,0,0,0,0
USA-Major League Soccer,2026,2026-08-19 Real Salt Lake-FC Dallas,FC Dallas,Santiago Moreno,10,COL,AM,26-120,45,0,0,0,0,1,0,0,0,1,0,0,0,0,0,0,,,5359ba9f,0.0,1,0,0,0
USA-Major League Soccer,2026,2026-08-19 Real Salt Lake-FC Dallas,FC Dallas,Sebastien Ibeagha,25,USA,DF,34-210,22,0,0,0,0,0,0,0,0,0,0,0,0,0,1,0,,,5359ba9f,0.0,0,0,0,0
USA-Major League Soccer,2026,2026-08-19 Real Salt Lake-FC Dallas,FC Dallas,Shaq Moore,18,USA,CB,29-290,90,0,0,0,0,0,0,1,0,2,2,0,1,1,2,0,,,5359ba9f,0.0,0,0,0,0
USA-Major League Soccer,2026,2026-08-19 Real Salt Lake-FC Dallas,Real Salt Lake,DeAndre Yedlin,2,USA,DM,33-041,90,0,0,0,0,1,0,1,0,2,1,0,1,0,0,0,,,5359ba9f,0.0,1,0,0,0
USA-Major League Soccer,2026,2026-08-19 Real Salt Lake-FC Dallas,Real Salt Lake,Diego Luna,10,USA,AM,22-346,90,1,1,0,0,4,2,1,0,2,1,0,5,0,0,0,,,5359ba9f,0.0,4,2,1,1
USA-Major League Soccer,2026,2026-08-19 Real Salt Lake-FC Dallas,Real Salt Lake,Juan Arias,21,COL,CB,22-223,45,0,0,0,0,0,0,0,0,0,0,0,0,0,4,0,,,5359ba9f,0.0,0,0,0,0
USA-Major League Soccer,2026,2026-08-19 Real Salt Lake-FC Dallas,Real Salt Lake,Juan Manuel Sanabria,8,URU,DM,26-143,90,0,0,0,0,0,0,0,0,1,0,0,7,2,0,0,,,5359ba9f,0.0,0,0,0,0
USA-Major League Soccer,2026,2026-08-19 Real Salt Lake-FC Dallas,Real Salt Lake,Lineker Rodrigues dos Santos,70,BRA,,24-160,12,0,0,0,0,0,0,0,0,0,0,0,0,0,0,0,,,5359ba9f,0.0,0,0,0,0
USA-Major League Soccer,2026,2026-08-19 Real Salt Lake-FC Dallas,Real Salt Lake,Lukas Engel,4,DEN,CB,27-248,90,0,0,0,0,0,0,0,0,0,0,0,3,1,0,0,,,5359ba9f,0.0,0,0,0,0
USA-Major League Soccer,2026,2026-08-19 Real Salt Lake-FC Dallas,Real Salt Lake,Morgan Guilavogui,9,GUI,AM,28-162,78,1,0,0,0,2,1,0,0,2,4,0,2,0,0,0,,,5359ba9f,0.0,2,1,1,0
USA-Major League Soccer,2026,2026-08-19 Real Salt Lake-FC Dallas,Real Salt Lake,Noel Caliskan,92,GER,DM,25-355,90,0,1,0,0,2,1,0,0,0,1,0,1,0,2,0,,,5359ba9f,0.0,2,1,0,1
USA-Major League Soccer,2026,2026-08-19 Real Salt Lake-FC Dallas,Real Salt Lake,Pablo Ruíz,7,ARG,MF,27-242,28,0,0,0,0,1,1,1,0,1,0,0,0,1,0,0,,,5359ba9f,0.0,1,1,0,0
USA-Major League Soccer,2026,2026-08-19 Real Salt Lake-FC Dallas,Real Salt Lake,Philip Quinton,26,USA,CB,26-276,90,0,0,0,0,0,0,0,0,0,0,0,0,1,2,0,,,5359ba9f,0.0,0,0,0,0
USA-Major League Soccer,2026,2026-08-19 Real Salt Lake-FC Dallas,Real Salt Lake,Rafael Cabral,1,BRA,GK,36-091,90,0,0,0,0,0,0,0,0,0,1,0,0,0,0,0,,,5359ba9f,0.0,0,0,0,0
USA-Major League Soccer,2026,2026-08-19 Real Salt Lake-FC Dallas,Real Salt Lake,Saba Lobzhanidze,12,GEO,"FW,MF",31-244,45,0,1,0,0,0,0,0,0,0,0,0,7,0,0,0,,,5359ba9f,0.0,0,0,0,1
USA-Major League Soccer,2026,2026-08-19 Real Salt Lake-FC Dallas,Real Salt Lake,Sergi Solans,22,ESP,FW,23-174,78,1,0,0,0,4,2,0,0,3,2,0,0,1,1,0,,,5359ba9f,0.0,4,2,1,0
USA-Major League Soccer,2026,2026-08-19 Real Salt Lake-FC Dallas,Real Salt Lake,Stijn Spierings,6,NED,DM,30-160,62,0,0,0,0,0,0,0,0,0,3,0,1,2,3,0,,,5359ba9f,0.0,0,0,0,0
USA-Major League Soccer,2026,2026-08-19 Real Salt Lake-FC Dallas,Real Salt Lake,Victor Olatunji,17,NGA,FW,26-348,12,0,0,0,0,0,0,0,0,0,0,0,0,0,0,0,,,5359ba9f,0.0,0,0,0,0
USA-Major League Soccer,2026,2026-08-19 Seattle Sounders-Austin FC,Austin FC,Besard Sabovic,14,SWE,MF,28-226,12,0,0,0,0,0,0,0,0,1,0,0,2,0,0,0,,,247d8ac7,0.0,0,0,0,0
USA-Major League Soccer,2026,2026-08-19 Seattle Sounders-Austin FC,Austin FC,Brandon Vazquez,9,USA,FW,27-309,90,0,1,0,0,1,1,0,0,3,1,1,1,2,0,0,,,247d8ac7,0.0,1,1,0,1
USA-Major League Soccer,2026,2026-08-19 Seattle Sounders-Austin FC,Austin FC,Brendan Hines-Ike,4,USA,CB,31-262,90,0,0,0,0,0,0,0,0,1,1,0,0,0,1,0,,,247d8ac7,0.0,0,0,0,0
USA-Major League Soccer,2026,2026-08-19 Seattle Sounders-Austin FC,Austin FC,CJ Fodrey,19,USA,DM,22-190,58,0,0,0,0,1,0,0,0,0,0,0,3,2,1,0,,,247d8ac7,0.0,1,0,0,0
USA-Major League Soccer,2026,2026-08-19 Seattle Sounders-Austin FC,Austin FC,Damian Las,12,USA,GK,24-130,90,0,0,0,0,0,0,0,0,0,0,0,0,0,0,0,,,247d8ac7,0.0,0,0,0,0
USA-Major League Soccer,2026,2026-08-19 Seattle Sounders-Austin FC,Austin FC,Ervin Torres,38,USA,DF,18-278,20,0,0,0,0,2,2,0,0,0,0,0,0,1,0,0,,,247d8ac7,0.0,2,2,0,0
USA-Major League Soccer,2026,2026-08-19 Seattle Sounders-Austin FC,Austin FC,Facundo Torres,11,URU,AM,26-128,90,1,0,0,0,1,1,0,0,0,2,0,2,0,0,0,,,247d8ac7,0.0,1,1,1,0
USA-Major League Soccer,2026,2026-08-19 Seattle Sounders-Austin FC,Austin FC,Guilherme Biro,29,BRA,DF,26-110,32,1,0,0,0,1,1,0,0,0,0,0,0,1,0,0,,,247d8ac7,0.0,1,1,1,0
USA-Major League Soccer,2026,2026-08-19 Seattle Sounders-Austin FC,Austin FC,Ilie Sánchez,6,ESP,DM,35-271,78,0,0,0,0,0,0,0,0,0,0,0,0,0,0,0,,,247d8ac7,0.0,0,0,0,0
USA-Major League Soccer,2026,2026-08-19 Seattle Sounders-Austin FC,Austin FC,Jayden Nelson,7,CAN,AM,23-327,70,0,0,0,0,1,0,0,0,1,2,0,1,0,0,0,,,247d8ac7,0.0,1,0,0,0
USA-Major League Soccer,2026,2026-08-19 Seattle Sounders-Austin FC,Austin FC,Jon Bell,15,JAM,CB,28-358,90,0,0,0,0,0,0,0,0,0,0,0,0,1,3,0,,,247d8ac7,0.0,0,0,0,0
USA-Major League Soccer,2026,2026-08-19 Seattle Sounders-Austin FC,Austin FC,Jorge Alastuey,24,ESP,DM,23-097,90,0,0,0,0,2,0,0,0,0,3,0,0,1,3,0,,,247d8ac7,0.0,2,0,0,0
USA-Major League Soccer,2026,2026-08-19 Seattle Sounders-Austin FC,Austin FC,Mateja Đorđević,35,SRB,DF,23-214,12,0,0,0,0,0,0,0,0,0,0,0,0,0,0,0,,,247d8ac7,0.0,0,0,0,0
USA-Major League Soccer,2026,2026-08-19 Seattle Sounders-Austin FC,Austin FC,Mikkel Desler,3,DEN,"DF,MF",31-181,20,0,0,0,0,0,0,0,0,1,0,0,0,1,0,0,,,247d8ac7,0.0,0,0,0,0
USA-Major League Soccer,2026,2026-08-19 Seattle Sounders-Austin FC,Austin FC,Przemysław Płacheta,77,POL,DM,28-149,70,0,0,0,0,2,1,0,0,2,0,0,1,1,1,0,,,247d8ac7,0.0,2,1,0,0
USA-Major League Soccer,2026,2026-08-19 Seattle Sounders-Austin FC,Austin FC,Žan Kolmanič,23,SVN,CB,26-169,78,0,1,0,0,1,1,0,0,0,1,0,5,0,1,0,,,247d8ac7,0.0,1,1,0,1
USA-Major League Soccer,2026,2026-08-19 Seattle Sounders-Austin FC,Seattle Sounders,Albert Rusnák,11,SVK,AM,32-043,90,0,1,0,0,5,1,0,0,1,1,0,14,0,1,0,,,247d8ac7,0.0,5,1,0,1
USA-Major League Soccer,2026,2026-08-19 Seattle Sounders-Austin FC,Seattle Sounders,Alex Roldan,16,SLV,DM,30-022,90,0,0,0,0,0,0,0,0,2,3,0,1,0,3,0,,,247d8ac7,0.0,0,0,0,0
USA-Major League Soccer,2026,2026-08-19 Seattle Sounders-Austin FC,Seattle Sounders,Andrew Thomas,26,RUS,GK,27-352,90,0,0,0,0,0,0,0,0,0,0,0,0,0,0,0,,,247d8ac7,0.0,0,0,0,0
USA-Major League Soccer,2026,2026-08-19 Seattle Sounders-Austin FC,Seattle Sounders,Daniel Musovski,19,MKD,FW,30-262,90,0,0,0,0,3,1,0,0,2,0,0,0,0,0,0,,,247d8ac7,0.0,3,1,0,0
USA-Major League Soccer,2026,2026-08-19 Seattle Sounders-Austin FC,Seattle Sounders,Jackson Ragen,25,USA,CB,27-329,68,0,0,0,0,0,0,0,0,0,0,0,0,1,2,0,,,247d8ac7,0.0,0,0,0,0
USA-Major League Soccer,2026,2026-08-19 Seattle Sounders-Austin FC,Seattle Sounders,Kalani Rienzi,85,USA,RB,24-053,90,0,0,0,0,2,0,1,0,1,1,0,3,2,2,0,,,247d8ac7,0.0,2,0,0,0
USA-Major League Soccer,2026,2026-08-19 Seattle Sounders-Austin FC,Seattle Sounders,Kim Kee-hee,20,KOR,CB,37-037,90,0,0,0,0,0,0,0,0,1,1,0,0,2,2,0,,,247d8ac7,0.0,0,0,0,0
USA-Major League Soccer,2026,2026-08-19 Seattle Sounders-Austin FC,Seattle Sounders,Nouhou Tolo,5,CMR,LB,29-057,87,0,0,0,0,1,0,0,0,0,2,0,4,1,1,0,,,247d8ac7,0.0,1,0,0,0
USA-Major League Soccer,2026,2026-08-19 Seattle Sounders-Austin FC,Seattle Sounders,Osaze De Rosario,95,GUY,FW,25-031,15,0,0,0,0,0,0,0,0,1,0,0,0,0,0,0,,,247d8ac7,0.0,0,0,0,0
USA-Major League Soccer,2026,2026-08-19 Seattle Sounders-Austin FC,Seattle Sounders,Paul Rothrock,14,USA,AM,27-222,90,0,0,0,0,4,3,0,0,1,1,0,1,1,1,0,,,247d8ac7,0.0,4,3,0,0
USA-Major League Soccer,2026,2026-08-19 Seattle Sounders-Austin FC,Seattle Sounders,Peter Kingston,45,USA,DM,25-036,75,0,0,0,0,1,0,0,0,0,0,0,4,0,0,0,,,247d8ac7,0.0,1,0,0,0
USA-Major League Soccer,2026,2026-08-19 Seattle Sounders-Austin FC,Seattle Sounders,Rafael Jauregui,42,USA,MF,21-242,3,0,0,0,0,0,0,0,0,0,0,0,0,0,0,0,,,247d8ac7,0.0,0,0,0,0
USA-Major League Soccer,2026,2026-08-19 Seattle Sounders-Austin FC,Seattle Sounders,Sebastian Gomez,90,USA,AM,20-090,45,0,0,0,0,0,0,0,0,1,0,0,1,1,0,0,,,247d8ac7,0.0,0,0,0,0
USA-Major League Soccer,2026,2026-08-19 Seattle Sounders-Austin FC,Seattle Sounders,Snyder Brunell,37,USA,MF,19-149,45,0,0,0,0,2,1,0,0,0,0,0,1,0,0,0,,,247d8ac7,0.0,2,1,0,0
USA-Major League Soccer,2026,2026-08-19 Seattle Sounders-Austin FC,Seattle Sounders,Stuart Hawkins,39,USA,DF,19-335,22,1,0,0,0,1,1,0,0,0,0,0,1,1,0,0,,,247d8ac7,0.0,1,1,1,0
USA-Major League Soccer,2026,2026-08-19 Sporting KC-St. Louis City,Sporting Kansas City,Calvin Harris,11,ENG,LM,26-152,74,1,0,0,0,1,1,0,0,1,2,0,3,0,0,0,,,9063f234,0.0,1,1,1,0
USA-Major League Soccer,2026,2026-08-19 Sporting KC-St. Louis City,Sporting Kansas City,Capita,7,ANG,RM,24-221,90,0,0,0,0,3,0,0,0,3,2,0,1,0,0,0,,,9063f234,0.0,3,0,0,0
USA-Major League Soccer,2026,2026-08-19 Sporting KC-St. Louis City,Sporting Kansas City,Dejan Joveljić,9,SRB,FW,27-012,90,0,0,0,0,5,1,0,0,2,0,0,1,1,0,0,,,9063f234,0.0,5,1,0,0
USA-Major League Soccer,2026,2026-08-19 Sporting KC-St. Louis City,Sporting Kansas City,Emir Karic,18,BIH,LB,29-071,88,0,0,0,0,1,0,0,0,1,0,0,7,4,1,0,,,9063f234,0.0,1,0,0,0
USA-Major League Soccer,2026,2026-08-19 Sporting KC-St. Louis City,Sporting Kansas City,Jacob Bartlett,16,USA,MF,20-316,16,0,0,0,0,0,0,0,0,0,1,0,0,0,0,0,,,9063f234,0.0,0,0,0,0
USA-Major League Soccer,2026,2026-08-19 Sporting KC-St. Louis City,Sporting Kansas City,Jake Davis,8,USA,RB,24-228,90,0,0,0,0,3,0,0,0,0,0,0,6,1,2,0,,,9063f234,0.0,3,0,0,0
USA-Major League Soccer,2026,2026-08-19 Sporting KC-St. Louis City,Sporting Kansas City,Jansen Miller,15,USA,CB,24-190,90,0,0,0,0,1,1,1,0,1,0,0,0,1,0,0,,,9063f234,0.0,1,1,0,0
USA-Major League Soccer,2026,2026-08-19 Sporting KC-St. Louis City,Sporting Kansas City,Jayden Reid,99,USA,DF,24-354,2,0,0,0,0,0,0,0,0,1,0,0,0,0,1,0,,,9063f234,0.0,0,0,0,0
USA-Major League Soccer,2026,2026-08-19 Sporting KC-St. Louis City,Sporting Kansas City,Lasse Berg Johnsen,4,NOR,CM,27-001,90,0,0,0,0,1,0,0,0,0,0,0,7,2,0,0,,,9063f234,0.0,1,0,0,0
USA-Major League Soccer,2026,2026-08-19 Sporting KC-St. Louis City,Sporting Kansas City,Magomed-Shapi Suleymanov,93,RUS,"FW,MF",26-246,27,0,0,0,0,0,0,0,0,0,1,0,1,1,0,0,,,9063f234,0.0,0,0,0,0
USA-Major League Soccer,2026,2026-08-19 Sporting KC-St. Louis City,Sporting Kansas City,Stefan Cleveland,30,USA,GK,32-086,90,0,0,0,0,0,0,0,0,0,0,0,0,0,0,0,,,9063f234,0.0,0,0,0,0
USA-Major League Soccer,2026,2026-08-19 Sporting KC-St. Louis City,Sporting Kansas City,Stephen Afrifa,17,CAN,FW,25-181,16,0,0,0,0,1,0,0,0,1,0,0,0,0,0,0,,,9063f234,0.0,1,0,0,0
USA-Major League Soccer,2026,2026-08-19 Sporting KC-St. Louis City,Sporting Kansas City,Taylor Calheira,19,USA,FW,24-115,63,0,1,0,0,2,0,0,0,1,1,0,0,0,0,0,,,9063f234,0.0,2,0,0,1
USA-Major League Soccer,2026,2026-08-19 Sporting KC-St. Louis City,Sporting Kansas City,Wyatt Meyer,28,USA,CB,25-220,90,0,0,0,0,0,0,0,0,0,0,0,0,0,2,0,,,9063f234,0.0,0,0,0,0
USA-Major League Soccer,2026,2026-08-19 Sporting KC-St. Louis City,Sporting Kansas City,Zorhan Bassong,22,CAN,CM,27-104,74,0,0,0,0,0,0,1,0,1,3,0,0,1,2,0,,,9063f234,0.0,0,0,0,0
USA-Major League Soccer,2026,2026-08-19 Sporting KC-St. Louis City,St. Louis City,Alexandru Mățan,23,ROU,"FW,MF",26-355,29,0,0,0,0,0,0,0,0,0,0,0,2,1,0,0,,,9063f234,0.0,0,0,0,0
USA-Major League Soccer,2026,2026-08-19 Sporting KC-St. Louis City,St. Louis City,Carlo Holse,19,DEN,"FW,MF",27-078,29,0,0,0,0,0,0,0,0,0,1,1,0,1,0,0,,,9063f234,0.0,0,0,0,0
USA-Major League Soccer,2026,2026-08-19 Sporting KC-St. Louis City,St. Louis City,Chris Durkin,8,USA,DM,26-192,90,0,0,0,0,0,0,1,0,1,1,0,0,2,1,0,,,9063f234,0.0,0,0,0,0
USA-Major League Soccer,2026,2026-08-19 Sporting KC-St. Louis City,St. Louis City,Conrad Wallem,6,NOR,DM,26-071,83,0,0,0,0,1,0,1,0,3,0,0,1,0,0,0,,,9063f234,0.0,1,0,0,0
USA-Major League Soccer,2026,2026-08-19 Sporting KC-St. Louis City,St. Louis City,Daniel Edelman,24,USA,DM,23-113,90,0,0,0,0,2,0,0,0,1,1,0,0,1,3,0,,,9063f234,0.0,2,0,0,0
USA-Major League Soccer,2026,2026-08-19 Sporting KC-St. Louis City,St. Louis City,Dante Polvara,21,USA,CB,26-059,90,0,0,0,0,0,0,0,0,0,2,0,0,2,1,0,,,9063f234,0.0,0,0,0,0
USA-Major League Soccer,2026,2026-08-19 Sporting KC-St. Louis City,St. Louis City,Eduard Löwen,10,GER,AM,29-203,61,1,0,0,0,2,1,0,0,0,0,0,0,0,0,0,,,9063f234,0.0,2,1,1,0
USA-Major League Soccer,2026,2026-08-19 Sporting KC-St. Louis City,St. Louis City,Jaziel Orozco,99,USA,DF,22-078,7,0,0,0,0,0,0,0,0,0,1,0,0,1,0,0,,,9063f234,0.0,0,0,0,0
USA-Major League Soccer,2026,2026-08-19 Sporting KC-St. Louis City,St. Louis City,Jeong Sangbin,77,KOR,AM,24-140,83,0,0,0,0,2,1,0,0,1,0,0,0,0,1,0,,,9063f234,0.0,2,1,0,0
USA-Major League Soccer,2026,2026-08-19 Sporting KC-St. Louis City,St. Louis City,Lukas MacNaughton,5,CAN,CB,31-164,90,0,0,0,0,0,0,0,0,2,0,0,1,1,1,0,,,9063f234,0.0,0,0,0,0
USA-Major League Soccer,2026,2026-08-19 Sporting KC-St. Louis City,St. Louis City,Palmer Ault,29,USA,FW,22-122,7,0,0,0,0,0,0,0,0,1,0,0,0,0,0,0,,,9063f234,0.0,0,0,0,0
USA-Major League Soccer,2026,2026-08-19 Sporting KC-St. Louis City,St. Louis City,Roman Bürki,1,SUI,GK,35-278,90,0,0,0,0,0,0,0,0,0,0,0,0,0,0,0,,,9063f234,0.0,0,0,0,0
USA-Major League Soccer,2026,2026-08-19 Sporting KC-St. Louis City,St. Louis City,Simon Becher,11,USA,FW,27-030,61,0,0,0,0,0,0,0,0,0,2,0,0,0,0,0,,,9063f234,0.0,0,0,0,0
USA-Major League Soccer,2026,2026-08-19 Sporting KC-St. Louis City,St. Louis City,Timo Baumgartl,32,GER,CB,30-168,90,0,0,0,0,0,0,0,0,0,2,0,0,0,1,0,,,9063f234,0.0,0,0,0,0
USA-Major League Soccer,2026,2026-08-19 Sporting KC-St. Louis City,St. Louis City,Tomas Totland,14,NOR,DM,26-325,90,0,0,0,0,0,0,0,0,2,2,0,1,0,1,0,,,9063f234,0.0,0,0,0,0
USA-Major League Soccer,2026,2026-08-19 Toronto FC-Charlotte,Charlotte FC,Allan Saint-Maximin,10,FRA,"FW,MF",29-160,22,0,0,0,0,4,2,0,0,1,1,1,3,0,0,0,,,6fb55b8e,0.0,4,2,0,0
USA-Major League Soccer,2026,2026-08-19 Toronto FC-Charlotte,Charlotte FC,Archie Goodwin,7,AUS,FW,21-285,12,0,0,0,0,0,0,0,0,1,0,0,0,1,0,0,,,6fb55b8e,0.0,0,0,0,0
USA-Major League Soccer,2026,2026-08-19 Toronto FC-Charlotte,Charlotte FC,Ashley Westwood,8,ENG,CM,36-140,90,0,2,0,0,1,1,0,0,2,0,0,3,0,0,0,,,6fb55b8e,0.0,1,1,0,2
USA-Major League Soccer,2026,2026-08-19 Toronto FC-Charlotte,Charlotte FC,Brandt Bronico,13,USA,CM,31-060,89,0,0,0,0,0,0,0,0,3,0,0,1,1,1,0,,,6fb55b8e,0.0,0,0,0,0
USA-Major League Soccer,2026,2026-08-19 Toronto FC-Charlotte,Charlotte FC,David Schnegg,23,AUT,LB,27-324,90,0,0,0,0,1,0,0,0,0,1,0,4,0,3,0,,,6fb55b8e,0.0,1,0,0,0
USA-Major League Soccer,2026,2026-08-19 Toronto FC-Charlotte,Charlotte FC,Djibril Diani,28,FRA,MF,28-189,1,0,0,0,0,0,0,0,0,0,0,0,0,0,0,0,,,6fb55b8e,0.0,0,0,0,0
USA-Major League Soccer,2026,2026-08-19 Toronto FC-Charlotte,Charlotte FC,Henry Kessler,22,USA,CB,28-055,90,1,0,0,0,2,1,0,0,0,0,0,0,0,0,0,,,6fb55b8e,0.0,2,1,1,0
USA-Major League Soccer,2026,2026-08-19 Toronto FC-Charlotte,Charlotte FC,Idan Markovich,9,ISR,FW,22-010,78,1,0,0,0,2,2,0,0,0,3,1,0,0,1,0,,,6fb55b8e,0.0,2,2,1,0
USA-Major League Soccer,2026,2026-08-19 Toronto FC-Charlotte,Charlotte FC,Kristijan Kahlina,1,CRO,GK,34-026,90,0,0,0,0,0,0,0,0,0,0,0,0,0,0,0,,,6fb55b8e,0.0,0,0,0,0
USA-Major League Soccer,2026,2026-08-19 Toronto FC-Charlotte,Charlotte FC,Liel Abada,11,ISR,FW,24-320,68,0,1,0,0,2,1,0,0,1,0,0,4,0,0,0,,,6fb55b8e,0.0,2,1,0,1
USA-Major League Soccer,2026,2026-08-19 Toronto FC-Charlotte,Charlotte FC,Luca de la Torre,17,USA,MF,28-088,12,0,0,0,0,0,0,0,0,0,0,0,0,0,0,0,,,6fb55b8e,0.0,0,0,0,0
USA-Major League Soccer,2026,2026-08-19 Toronto FC-Charlotte,Charlotte FC,Pep Biel,16,ESP,CM,29-348,78,0,0,0,0,1,1,0,0,0,0,0,2,0,0,0,,,6fb55b8e,0.0,1,1,0,0
USA-Major League Soccer,2026,2026-08-19 Toronto FC-Charlotte,Charlotte FC,Rodolfo Aloko,37,BEN,FW,19-236,68,1,0,0,0,1,1,0,0,2,1,0,3,1,0,0,,,6fb55b8e,0.0,1,1,1,0
USA-Major League Soccer,2026,2026-08-19 Toronto FC-Charlotte,Charlotte FC,Tim Ream,3,USA,CB,38-318,90,0,0,0,0,0,0,0,0,0,0,0,0,0,0,0,,,6fb55b8e,0.0,0,0,0,0
USA-Major League Soccer,2026,2026-08-19 Toronto FC-Charlotte,Charlotte FC,Tyger Smalls,25,,FW,23-335,22,0,0,0,0,1,1,0,0,0,0,0,1,1,1,0,,,6fb55b8e,0.0,1,1,0,0
USA-Major League Soccer,2026,2026-08-19 Toronto FC-Charlotte,Charlotte FC,Will Cleary,35,USA,RB,23-183,90,0,0,0,0,1,0,0,0,0,3,0,1,0,0,0,,,6fb55b8e,0.0,1,0,0,0
USA-Major League Soccer,2026,2026-08-19 Toronto FC-Charlotte,Toronto FC,Alonso Coello,14,ESP,DM,26-311,59,0,0,0,0,1,0,0,0,0,1,0,5,1,4,0,,,6fb55b8e,0.0,1,0,0,0
USA-Major League Soccer,2026,2026-08-19 Toronto FC-Charlotte,Toronto FC,Benjamín Kuscevic,13,CHI,CB,30-109,82,0,0,0,0,1,0,0,0,0,1,0,0,2,1,0,,,6fb55b8e,0.0,1,0,0,0
USA-Major League Soccer,2026,2026-08-19 Toronto FC-Charlotte,Toronto FC,Derrick Etienne,11,HAI,"FW,MF",29-267,9,0,1,0,0,0,0,0,0,0,0,0,1,0,0,0,,,6fb55b8e,0.0,0,0,0,1
USA-Major League Soccer,2026,2026-08-19 Toronto FC-Charlotte,Toronto FC,Dániel Sallói,20,HUN,AM,30-031,90,1,0,0,0,2,1,0,0,3,0,0,1,0,0,0,,,6fb55b8e,0.0,2,1,1,0
USA-Major League Soccer,2026,2026-08-19 Toronto FC-Charlotte,Toronto FC,Jackson Gilman,38,USA,LB,22-112,90,0,0,0,0,0,0,0,0,1,0,0,1,1,0,0,,,6fb55b8e,0.0,0,0,0,0
USA-Major League Soccer,2026,2026-08-19 Toronto FC-Charlotte,Toronto FC,Josh Sargent,9,USA,FW,26-180,90,0,1,0,0,2,1,0,0,0,1,0,0,0,2,0,,,6fb55b8e,0.0,2,1,0,1
USA-Major League Soccer,2026,2026-08-19 Toronto FC-Charlotte,Toronto FC,Kobe Franklin,19,CAN,DF,23-101,1,0,0,0,0,0,0,0,0,0,0,0,0,0,0,0,,,6fb55b8e,0.0,0,0,0,0
USA-Major League Soccer,2026,2026-08-19 Toronto FC-Charlotte,Toronto FC,Luka Gavran,1,CAN,GK,26-102,90,0,0,0,0,0,0,0,0,0,0,0,0,0,0,0,,,6fb55b8e,0.0,0,0,0,0
USA-Major League Soccer,2026,2026-08-19 Toronto FC-Charlotte,Toronto FC,Markus Cimermancic,71,CAN,AM,21-322,81,1,0,0,0,2,2,0,0,1,0,0,0,0,0,0,,,6fb55b8e,0.0,2,2,1,0
USA-Major League Soccer,2026,2026-08-19 Toronto FC-Charlotte,Toronto FC,Matheus Pereira,3,BRA,"DF,MF",25-241,31,0,0,0,0,0,0,1,0,1,1,0,3,2,1,0,,,6fb55b8e,0.0,0,0,0,0
USA-Major League Soccer,2026,2026-08-19 Toronto FC-Charlotte,Toronto FC,Niklas Dorsch,6,GER,DM,28-216,89,1,0,0,0,4,1,0,0,1,1,0,2,1,0,0,,,6fb55b8e,0.0,4,1,1,0
USA-Major League Soccer,2026,2026-08-19 Toronto FC-Charlotte,Toronto FC,Richie Laryea,22,CAN,RB,31-224,90,0,0,0,0,0,0,0,0,1,4,0,1,2,3,0,,,6fb55b8e,0.0,0,0,0,0
USA-Major League Soccer,2026,2026-08-19 Toronto FC-Charlotte,Toronto FC,Theo Corbeanu,7,CAN,AM,24-094,90,0,1,0,0,3,1,0,0,0,0,0,7,1,1,0,,,6fb55b8e,0.0,3,1,0,1
USA-Major League Soccer,2026,2026-08-19 Toronto FC-Charlotte,Toronto FC,Walker Zimmerman,25,USA,CB,33-092,55,0,0,0,0,1,0,0,1,2,0,0,1,0,2,0,,,6fb55b8e,0.0,1,0,0,0
USA-Major League Soccer,2026,2026-08-19 Toronto FC-Charlotte,Toronto FC,Zane Monlouis,12,ENG,DF,22-307,8,0,0,0,0,0,0,0,0,0,0,0,0,0,0,0,,,6fb55b8e,0.0,0,0,0,0
USA-Major League Soccer,2026,2026-08-19 Vancouver-Houston,Houston Dynamo,Agustín Bouzat,30,ARG,AM,32-144,90,0,0,0,0,0,0,1,0,3,1,0,0,1,0,0,,,7705711d,0.0,0,0,0,0
USA-Major League Soccer,2026,2026-08-19 Vancouver-Houston,Houston Dynamo,Agustín Resch,34,ARG,CB,24-172,90,0,0,0,0,0,0,1,0,5,0,0,0,1,0,0,,,7705711d,0.0,0,0,0,0
USA-Major League Soccer,2026,2026-08-19 Vancouver-Houston,Houston Dynamo,Artur,6,BRA,DM,30-161,90,0,0,0,0,0,0,0,0,0,1,0,0,1,5,0,,,7705711d,0.0,0,0,0,0
USA-Major League Soccer,2026,2026-08-19 Vancouver-Houston,Houston Dynamo,Diadie Samassékou,18,MLI,MF,30-220,16,0,0,0,0,0,0,0,0,0,0,0,0,0,0,0,,,7705711d,0.0,0,0,0,0
USA-Major League Soccer,2026,2026-08-19 Vancouver-Houston,Houston Dynamo,Duane Holmes,14,USA,"FW,MF",31-286,12,0,0,0,0,0,0,0,0,0,0,0,0,2,0,0,,,7705711d,0.0,0,0,0,0
USA-Major League Soccer,2026,2026-08-19 Vancouver-Houston,Houston Dynamo,Duncan McGuire,23,USA,FW,25-195,21,0,0,0,0,1,1,0,0,0,0,0,0,1,0,0,,,7705711d,0.0,1,1,0,0
USA-Major League Soccer,2026,2026-08-19 Vancouver-Houston,Houston Dynamo,Franco Negri,21,ARG,LB,31-180,74,1,0,0,0,2,2,0,0,1,0,0,0,2,1,0,,,7705711d,0.0,2,2,1,0
USA-Major League Soccer,2026,2026-08-19 Vancouver-Houston,Houston Dynamo,Guilherme,20,BRA,AM,31-128,69,0,0,0,0,3,0,0,0,1,4,0,0,0,0,0,,,7705711d,0.0,3,0,0,0
USA-Major League Soccer,2026,2026-08-19 Vancouver-Houston,Houston Dynamo,Héctor Herrera,16,MEX,DM,36-122,74,0,0,0,0,1,1,0,0,0,1,0,0,1,3,0,,,7705711d,0.0,1,1,0,0
USA-Major League Soccer,2026,2026-08-19 Vancouver-Houston,Houston Dynamo,Jack McGlynn,8,USA,AM,23-043,90,0,0,0,0,0,0,0,0,0,1,0,3,1,1,0,,,7705711d,0.0,0,0,0,0
USA-Major League Soccer,2026,2026-08-19 Vancouver-Houston,Houston Dynamo,Jonathan Bond,31,ENG,GK,33-092,90,0,0,0,0,0,0,0,0,0,0,0,0,0,0,0,,,7705711d,0.0,0,0,0,0
USA-Major League Soccer,2026,2026-08-19 Vancouver-Houston,Houston Dynamo,Lawrence Ennali,11,GER,RB,24-165,78,0,0,0,0,0,0,0,0,0,0,0,1,0,0,0,,,7705711d,0.0,0,0,0,0
USA-Major League Soccer,2026,2026-08-19 Vancouver-Houston,Houston Dynamo,Lucas Halter,5,BRA,CB,26-109,90,0,0,0,0,1,0,0,0,0,1,0,0,0,0,0,,,7705711d,0.0,1,0,0,0
USA-Major League Soccer,2026,2026-08-19 Vancouver-Houston,Houston Dynamo,Marcelo Saracchi,4,URU,"DF,MF",28-118,16,0,0,0,0,0,0,0,0,1,0,0,0,1,0,0,,,7705711d,0.0,0,0,0,0
USA-Major League Soccer,2026,2026-08-19 Vancouver-Houston,Houston Dynamo,Mateusz Bogusz,19,POL,FW,24-362,90,0,0,0,0,1,1,0,0,1,3,2,0,0,1,0,,,7705711d,0.0,1,1,0,0
USA-Major League Soccer,2026,2026-08-19 Vancouver-Houston,Vancouver Whitecaps,Andrés Cubas,20,PAR,DM,30-089,73,0,0,0,0,2,0,1,0,3,0,0,0,1,0,0,,,7705711d,0.0,2,0,0,0
USA-Major League Soccer,2026,2026-08-19 Vancouver-Houston,Vancouver Whitecaps,Bruno Caicedo,14,ECU,MF,21-216,18,0,0,0,0,0,0,0,0,0,0,0,3,0,0,0,,,7705711d,0.0,0,0,0,0
USA-Major League Soccer,2026,2026-08-19 Vancouver-Houston,Vancouver Whitecaps,Cheikh Tidiane Sabaly,7,SEN,AM,27-168,45,0,0,0,0,1,0,0,0,0,1,0,2,1,2,0,,,7705711d,0.0,1,0,0,0
USA-Major League Soccer,2026,2026-08-19 Vancouver-Houston,Vancouver Whitecaps,Emmanuel Sabbi,11,USA,AM,28-238,72,0,0,0,0,1,1,0,0,2,3,0,3,0,0,0,,,7705711d,0.0,1,1,0,0
USA-Major League Soccer,2026,2026-08-19 Vancouver-Houston,Vancouver Whitecaps,Mathías Laborda,2,URU,CB,26-338,90,0,0,0,0,2,0,0,0,0,1,0,1,0,3,0,,,7705711d,0.0,2,0,0,0
USA-Major League Soccer,2026,2026-08-19 Vancouver-Houston,Vancouver Whitecaps,Nikola Djordjevic,41,USA,DF,23-278,3,0,0,0,0,1,0,0,0,0,1,0,1,0,0,0,,,7705711d,0.0,1,0,0,0
USA-Major League Soccer,2026,2026-08-19 Vancouver-Houston,Vancouver Whitecaps,Oliver Larraz,8,USA,DM,24-337,90,0,0,0,0,4,0,0,0,2,1,0,7,1,1,0,,,7705711d,0.0,4,0,0,0
USA-Major League Soccer,2026,2026-08-19 Vancouver-Houston,Vancouver Whitecaps,Ralph Priso-Mbongue,6,CAN,MF,24-017,17,0,0,0,0,0,0,0,0,0,0,0,2,0,0,0,,,7705711d,0.0,0,0,0,0
USA-Major League Soccer,2026,2026-08-19 Vancouver-Houston,Vancouver Whitecaps,Rayan Elloumi,19,TUN,FW,18-336,90,0,0,0,0,2,0,0,0,1,1,0,0,1,2,0,,,7705711d,0.0,2,0,0,0
USA-Major League Soccer,2026,2026-08-19 Vancouver-Houston,Vancouver Whitecaps,Ryan Gauld,25,SCO,AM,30-246,90,0,0,0,0,1,0,0,0,1,1,0,8,2,1,0,,,7705711d,0.0,1,0,0,0
USA-Major League Soccer,2026,2026-08-19 Vancouver-Houston,Vancouver Whitecaps,Sam Adekugbe,3,CAN,"DF,MF",31-215,3,0,0,0,0,0,0,0,0,0,0,0,0,0,0,0,,,7705711d,0.0,0,0,0,0
USA-Major League Soccer,2026,2026-08-19 Vancouver-Houston,Vancouver Whitecaps,Tate Johnson,28,USA,LB,21-040,87,0,0,0,0,0,0,0,0,1,1,0,8,1,0,0,,,7705711d,0.0,0,0,0,0
USA-Major League Soccer,2026,2026-08-19 Vancouver-Houston,Vancouver Whitecaps,Thomas Müller,13,GER,"FW,MF",36-340,45,0,0,0,0,1,0,0,0,0,0,0,5,0,0,0,,,7705711d,0.0,1,0,0,0
USA-Major League Soccer,2026,2026-08-19 Vancouver-Houston,Vancouver Whitecaps,Tristan Blackmon,33,USA,CB,30-007,90,0,0,0,0,1,0,0,0,0,0,0,1,0,1,0,,,7705711d,0.0,1,0,0,0
USA-Major League Soccer,2026,2026-08-19 Vancouver-Houston,Vancouver Whitecaps,Yohei Takaoka,1,JPN,GK,30-156,90,0,0,0,0,0,0,0,0,0,0,0,0,0,0,0,,,7705711d,0.0,0,0,0,0
USA-Major League Soccer,2026,2026-08-19 Vancouver-Houston,Vancouver Whitecaps,Édier Ocampo,18,COL,RB,22-320,87,0,0,0,0,1,0,0,0,3,1,0,6,2,0,0,,,7705711d,0.0,1,0,0,0
USA-Major League Soccer,2026,2026-08-22 Austin FC-Philadelphia,Austin FC,Besard Sabovic,14,SWE,CM,28-229,90,0,0,0,0,0,0,0,0,1,1,0,1,0,2,0,,,9bedce72,0.0,0,0,0,0
USA-Major League Soccer,2026,2026-08-22 Austin FC-Philadelphia,Austin FC,Brad Stuver,1,USA,GK,35-128,90,0,0,0,0,0,0,0,0,0,0,0,0,0,0,0,,,9bedce72,0.0,0,0,0,0
USA-Major League Soccer,2026,2026-08-22 Austin FC-Philadelphia,Austin FC,Brandon Vazquez,9,USA,FW,27-312,28,0,0,0,0,1,1,0,0,2,0,0,0,0,0,0,,,9bedce72,0.0,1,1,0,0
USA-Major League Soccer,2026,2026-08-22 Austin FC-Philadelphia,Austin FC,Brendan Hines-Ike,4,USA,CB,31-265,71,1,0,0,0,1,1,0,0,1,2,0,0,0,1,0,,,9bedce72,0.0,1,1,1,0
USA-Major League Soccer,2026,2026-08-22 Austin FC-Philadelphia,Austin FC,Christian Ramirez,21,USA,FW,35-140,62,0,0,0,0,2,0,0,0,0,1,0,0,0,0,0,,,9bedce72,0.0,2,0,0,0
USA-Major League Soccer,2026,2026-08-22 Austin FC-Philadelphia,Austin FC,Ervin Torres,38,USA,CM,18-281,90,0,0,0,0,0,0,1,0,1,2,0,0,2,1,0,,,9bedce72,0.0,0,0,0,0
USA-Major League Soccer,2026,2026-08-22 Austin FC-Philadelphia,Austin FC,Facundo Torres,11,URU,MF,26-131,28,0,0,0,0,1,1,0,0,0,0,0,4,0,0,0,,,9bedce72,0.0,1,1,0,0
USA-Major League Soccer,2026,2026-08-22 Austin FC-Philadelphia,Austin FC,Guilherme Biro,29,BRA,CB,26-113,90,0,0,0,0,1,0,0,0,2,2,0,2,0,1,0,,,9bedce72,0.0,1,0,0,0
USA-Major League Soccer,2026,2026-08-22 Austin FC-Philadelphia,Austin FC,Jon Gallagher,17,IRL,RM,30-180,83,0,0,0,0,1,1,0,0,0,0,1,4,0,0,0,,,9bedce72,0.0,1,1,0,0
USA-Major League Soccer,2026,2026-08-22 Austin FC-Philadelphia,Austin FC,Jorge Alastuey,24,ESP,FW,23-100,62,0,0,0,0,0,0,0,0,0,0,0,3,2,0,0,,,9bedce72,0.0,0,0,0,0
USA-Major League Soccer,2026,2026-08-22 Austin FC-Philadelphia,Austin FC,Joseph Rosales,30,HON,LM,25-289,71,0,1,0,0,2,0,0,0,1,3,1,4,1,1,0,,,9bedce72,0.0,2,0,0,1
USA-Major League Soccer,2026,2026-08-22 Austin FC-Philadelphia,Austin FC,Mikkel Desler,3,DEN,"DF,MF",31-184,19,0,0,0,0,0,0,0,0,0,0,0,0,0,0,0,,,9bedce72,0.0,0,0,0,0
USA-Major League Soccer,2026,2026-08-22 Austin FC-Philadelphia,Austin FC,Myrto Uzuni,10,ALB,FW,31-083,90,0,0,0,0,3,2,0,0,0,1,0,2,1,0,0,,,9bedce72,0.0,3,2,0,0
USA-Major League Soccer,2026,2026-08-22 Austin FC-Philadelphia,Austin FC,Oleksandr Svatok,5,UKR,CB,31-329,90,0,0,0,0,0,0,0,0,0,0,0,0,2,2,0,,,9bedce72,0.0,0,0,0,0
USA-Major League Soccer,2026,2026-08-22 Austin FC-Philadelphia,Austin FC,Przemysław Płacheta,77,POL,MF,28-152,19,0,0,0,0,0,0,0,0,0,0,0,4,0,0,0,,,9bedce72,0.0,0,0,0,0
USA-Major League Soccer,2026,2026-08-22 Austin FC-Philadelphia,Austin FC,Žan Kolmanič,23,SVN,DF,26-172,7,0,0,0,0,0,0,0,0,0,0,0,1,0,0,0,,,9bedce72,0.0,0,0,0,0
USA-Major League Soccer,2026,2026-08-22 Austin FC-Philadelphia,Philadelphia Union,Alejandro Bedoya,11,USA,"FW,MF",39-115,1,0,0,0,0,0,0,0,0,0,0,0,0,0,0,0,,,9bedce72,0.0,0,0,0,0
USA-Major League Soccer,2026,2026-08-22 Austin FC-Philadelphia,Philadelphia Union,Andre Blake,18,JAM,GK,35-274,90,0,0,0,0,0,0,0,0,0,0,0,0,0,0,0,,,9bedce72,0.0,0,0,0,0
USA-Major League Soccer,2026,2026-08-22 Austin FC-Philadelphia,Philadelphia Union,Augustin Anello,28,ITA,"FW,MF",24-122,17,0,0,0,0,1,0,0,0,0,0,0,0,0,1,0,,,9bedce72,0.0,1,0,0,0
USA-Major League Soccer,2026,2026-08-22 Austin FC-Philadelphia,Philadelphia Union,Bruno Damiani,9,URU,FW,24-126,73,0,0,0,0,0,0,0,0,2,2,0,0,1,0,0,,,9bedce72,0.0,0,0,0,0
USA-Major League Soccer,2026,2026-08-22 Austin FC-Philadelphia,Philadelphia Union,Cavan Sullivan,6,USA,RM,16-328,73,1,0,0,0,1,1,0,0,0,0,0,2,1,0,0,,,9bedce72,0.0,1,1,1,0
USA-Major League Soccer,2026,2026-08-22 Austin FC-Philadelphia,Philadelphia Union,Danley Jean-Jacques,21,HAI,CM,26-094,90,0,0,0,0,1,0,0,0,3,2,0,0,0,3,0,,,9bedce72,0.0,1,0,0,0
USA-Major League Soccer,2026,2026-08-22 Austin FC-Philadelphia,Philadelphia Union,Ezekiel Kwame Alladoh,23,GHA,FW,20-343,17,0,0,0,0,0,0,0,0,0,0,0,0,0,0,0,,,9bedce72,0.0,0,0,0,0
USA-Major League Soccer,2026,2026-08-22 Austin FC-Philadelphia,Philadelphia Union,Francis Westfield,39,USA,RB,20-256,90,0,0,0,0,0,0,0,0,1,2,0,4,2,1,0,,,9bedce72,0.0,0,0,0,0
USA-Major League Soccer,2026,2026-08-22 Austin FC-Philadelphia,Philadelphia Union,Indiana Vassilev,19,USA,LM,25-187,56,0,0,0,0,0,0,0,0,0,0,0,1,0,0,0,,,9bedce72,0.0,0,0,0,0
USA-Major League Soccer,2026,2026-08-22 Austin FC-Philadelphia,Philadelphia Union,Jesús Daniel Bueno,8,VEN,CM,27-129,56,0,0,0,0,0,0,1,0,3,0,0,0,0,1,0,,,9bedce72,0.0,0,0,0,0
USA-Major League Soccer,2026,2026-08-22 Austin FC-Philadelphia,Philadelphia Union,Jovan Lukić,4,SRB,MF,24-214,34,0,0,0,0,0,0,0,0,0,0,0,0,2,2,0,,,9bedce72,0.0,0,0,0,0
USA-Major League Soccer,2026,2026-08-22 Austin FC-Philadelphia,Philadelphia Union,Kai Wagner,27,GER,LB,29-188,90,0,0,0,0,0,0,0,0,0,1,0,6,0,5,0,,,9bedce72,0.0,0,0,0,0
USA-Major League Soccer,2026,2026-08-22 Austin FC-Philadelphia,Philadelphia Union,Milan Iloski,10,USA,FW,27-024,89,0,0,0,0,2,0,0,0,2,0,1,3,0,0,0,,,9bedce72,0.0,2,0,0,0
USA-Major League Soccer,2026,2026-08-22 Austin FC-Philadelphia,Philadelphia Union,Nathan Harriel,26,USA,CB,25-121,90,0,1,0,0,1,0,0,0,0,0,0,0,1,1,0,,,9bedce72,0.0,1,0,0,1
USA-Major League Soccer,2026,2026-08-22 Austin FC-Philadelphia,Philadelphia Union,Neil Pierre,44,USA,CB,18-307,90,0,0,0,0,1,0,1,0,2,1,0,0,2,3,0,,,9bedce72,0.0,1,0,0,0
USA-Major League Soccer,2026,2026-08-22 Austin FC-Philadelphia,Philadelphia Union,Quinn Sullivan,33,USA,"FW,MF",22-148,34,0,0,0,0,2,2,0,0,0,0,0,3,0,1,0,,,9bedce72,0.0,2,2,0,0
USA-Major League Soccer,2026,2026-08-22 CF Montréal-LA Galaxy,CF Montréal,Alexis Sánchez,10,CHI,"FW,MF",37-246,29,0,0,0,0,1,0,0,0,0,0,0,2,0,0,0,,,204a3ff9,0.0,1,0,0,0
USA-Major League Soccer,2026,2026-08-22 CF Montréal-LA Galaxy,CF Montréal,Brandan Craig,5,USA,DF,22-137,45,0,0,0,0,2,0,1,0,2,0,0,0,0,1,0,,,204a3ff9,0.0,2,0,0,0
USA-Major League Soccer,2026,2026-08-22 CF Montréal-LA Galaxy,CF Montréal,Brayan Ceballos,3,COL,DF,25-090,30,0,0,0,0,1,0,1,0,3,3,0,0,1,0,0,,,204a3ff9,0.0,1,0,0,0
USA-Major League Soccer,2026,2026-08-22 CF Montréal-LA Galaxy,CF Montréal,Brayan Vera,4,COL,CB,27-219,45,0,0,0,0,0,0,0,0,0,0,0,0,1,0,0,,,204a3ff9,0.0,0,0,0,0
USA-Major League Soccer,2026,2026-08-22 CF Montréal-LA Galaxy,CF Montréal,Daniel Armando Ríos,14,MEX,FW,31-181,90,1,0,0,0,3,2,0,0,1,0,0,2,1,0,0,,,204a3ff9,0.0,3,2,1,0
USA-Major League Soccer,2026,2026-08-22 CF Montréal-LA Galaxy,CF Montréal,Daniel Pereira,7,VEN,CM,26-039,61,0,0,0,0,0,0,0,0,0,0,0,3,2,0,0,,,204a3ff9,0.0,0,0,0,0
USA-Major League Soccer,2026,2026-08-22 CF Montréal-LA Galaxy,CF Montréal,Dawid Bugaj,27,POL,RB,22-044,60,0,0,0,0,0,0,0,0,1,0,0,3,2,0,0,,,204a3ff9,0.0,0,0,0,0
USA-Major League Soccer,2026,2026-08-22 CF Montréal-LA Galaxy,CF Montréal,Fabian Herbers,21,GER,"FW,MF",33-005,29,0,0,0,0,0,0,0,0,0,0,1,1,0,0,0,,,204a3ff9,0.0,0,0,0,0
USA-Major League Soccer,2026,2026-08-22 CF Montréal-LA Galaxy,CF Montréal,Jalen Neal,2,USA,CB,22-363,80,0,0,0,0,0,0,0,0,0,1,0,0,1,2,0,,,204a3ff9,0.0,0,0,0,0
USA-Major League Soccer,2026,2026-08-22 CF Montréal-LA Galaxy,CF Montréal,Luca Petrasso,13,CAN,LB,26-067,90,0,1,0,0,0,0,0,0,0,0,0,9,0,2,0,,,204a3ff9,0.0,0,0,0,1
USA-Major League Soccer,2026,2026-08-22 CF Montréal-LA Galaxy,CF Montréal,Matthew Longstaff,8,ENG,CM,26-154,90,0,0,0,0,3,2,0,0,0,1,2,3,0,0,0,,,204a3ff9,0.0,3,2,0,0
USA-Major League Soccer,2026,2026-08-22 CF Montréal-LA Galaxy,CF Montréal,Noah Streit,23,SUI,FW,20-315,61,0,0,0,0,0,0,0,0,0,0,0,1,1,0,0,,,204a3ff9,0.0,0,0,0,0
USA-Major League Soccer,2026,2026-08-22 CF Montréal-LA Galaxy,CF Montréal,Olger Escobar,29,GUA,FW,19-345,10,0,0,0,0,1,0,0,0,0,1,0,1,0,0,0,,,204a3ff9,0.0,1,0,0,0
USA-Major League Soccer,2026,2026-08-22 CF Montréal-LA Galaxy,CF Montréal,Prince Owusu,9,GHA,FW,29-227,90,1,0,0,0,4,2,0,0,1,1,0,2,0,0,0,,,204a3ff9,0.0,4,2,1,0
USA-Major League Soccer,2026,2026-08-22 CF Montréal-LA Galaxy,CF Montréal,Thomas Gillier,31,CHI,GK,22-086,90,0,0,0,0,0,0,0,0,0,0,0,0,0,0,0,,,204a3ff9,0.0,0,0,0,0
USA-Major League Soccer,2026,2026-08-22 CF Montréal-LA Galaxy,CF Montréal,Victor Loturi,22,CAN,CM,25-093,90,0,0,0,0,0,0,0,0,1,1,0,2,0,1,0,,,204a3ff9,0.0,0,0,0,0
USA-Major League Soccer,2026,2026-08-22 CF Montréal-LA Galaxy,LA Galaxy,Carlos Garcés,25,COL,DF,24-315,9,0,0,0,0,0,0,0,0,0,0,0,0,2,1,0,,,204a3ff9,0.0,0,0,0,0
USA-Major League Soccer,2026,2026-08-22 CF Montréal-LA Galaxy,LA Galaxy,Erik Thommy,27,GER,"FW,MF",32-002,29,0,0,0,0,0,0,0,0,0,1,0,0,0,0,0,,,204a3ff9,0.0,0,0,0,0
USA-Major League Soccer,2026,2026-08-22 CF Montréal-LA Galaxy,LA Galaxy,Harbor Miller,26,USA,RB,19-062,90,0,0,0,0,0,0,0,0,0,0,1,0,1,2,0,,,204a3ff9,0.0,0,0,0,0
USA-Major League Soccer,2026,2026-08-22 CF Montréal-LA Galaxy,LA Galaxy,Hirving Lozano,11,MEX,"FW,MF",31-023,29,0,0,0,0,1,0,0,0,5,2,0,0,0,0,0,,,204a3ff9,0.0,1,0,0,0
USA-Major League Soccer,2026,2026-08-22 CF Montréal-LA Galaxy,LA Galaxy,Isaiah Parente,16,USA,CM,26-159,71,0,0,0,0,0,0,0,0,0,1,0,0,2,1,0,,,204a3ff9,0.0,0,0,0,0
USA-Major League Soccer,2026,2026-08-22 CF Montréal-LA Galaxy,LA Galaxy,J.T. Marcinkowski,12,USA,GK,29-105,67,0,0,0,0,0,0,0,1,1,0,0,0,1,0,0,,,204a3ff9,0.0,0,0,0,0
USA-Major League Soccer,2026,2026-08-22 CF Montréal-LA Galaxy,LA Galaxy,Jakob Glesnes,5,NOR,CB,32-150,90,0,0,0,0,0,0,0,0,0,0,0,0,0,1,0,,,204a3ff9,0.0,0,0,0,0
USA-Major League Soccer,2026,2026-08-22 CF Montréal-LA Galaxy,LA Galaxy,John Nelson,14,USA,LB,28-042,71,0,0,0,0,0,0,0,0,0,0,0,0,0,2,0,,,204a3ff9,0.0,0,0,0,0
USA-Major League Soccer,2026,2026-08-22 CF Montréal-LA Galaxy,LA Galaxy,Joseph Paintsil,28,GHA,FW,28-202,61,0,1,0,0,1,1,0,0,0,0,1,2,0,0,0,,,204a3ff9,0.0,1,1,0,1
USA-Major League Soccer,2026,2026-08-22 CF Montréal-LA Galaxy,LA Galaxy,Julián Aude,3,ARG,DF,23-151,19,0,0,0,0,0,0,0,0,1,0,0,0,0,1,0,,,204a3ff9,0.0,0,0,0,0
USA-Major League Soccer,2026,2026-08-22 CF Montréal-LA Galaxy,LA Galaxy,Justin Haak,15,USA,CM,24-344,90,0,0,0,0,1,0,0,0,1,1,0,0,2,0,0,,,204a3ff9,0.0,1,0,0,0
USA-Major League Soccer,2026,2026-08-22 CF Montréal-LA Galaxy,LA Galaxy,Kyogo Furuhashi,7,JPN,FW,31-214,90,0,0,0,0,2,2,0,0,0,1,0,2,0,0,0,,,204a3ff9,0.0,2,2,0,0
USA-Major League Soccer,2026,2026-08-22 CF Montréal-LA Galaxy,LA Galaxy,Maya Yoshida,4,JPN,CB,37-363,90,1,0,0,0,3,1,0,0,0,1,0,0,1,2,0,,,204a3ff9,0.0,3,1,1,0
USA-Major League Soccer,2026,2026-08-22 CF Montréal-LA Galaxy,LA Galaxy,Novak Mićović,1,SRB,GK,24-301,19,0,0,0,0,0,0,0,0,0,0,0,0,0,0,0,,,204a3ff9,0.0,0,0,0,0
USA-Major League Soccer,2026,2026-08-22 CF Montréal-LA Galaxy,LA Galaxy,Robert Taylor,21,FIN,FW,31-305,81,0,0,0,0,0,0,0,0,0,2,0,5,0,2,0,,,204a3ff9,0.0,0,0,0,0
USA-Major League Soccer,2026,2026-08-22 CF Montréal-LA Galaxy,LA Galaxy,Rubén Ramos,24,USA,CM,19-212,61,1,0,0,0,1,1,0,0,0,0,0,0,0,0,0,,,204a3ff9,0.0,1,1,1,0
USA-Major League Soccer,2026,2026-08-22 Charlotte-D.C. United,Charlotte FC,Allan Saint-Maximin,10,FRA,AM,29-163,82,0,0,0,0,1,0,0,0,0,3,1,1,0,1,0,,,d9a5b2c4,0.0,1,0,0,0
USA-Major League Soccer,2026,2026-08-22 Charlotte-D.C. United,Charlotte FC,Archie Goodwin,7,AUS,FW,21-288,16,0,0,0,0,0,0,0,0,2,1,0,0,0,0,0,,,d9a5b2c4,0.0,0,0,0,0
USA-Major League Soccer,2026,2026-08-22 Charlotte-D.C. United,Charlotte FC,Ashley Westwood,8,ENG,DM,36-143,64,0,0,0,0,0,0,0,0,1,0,0,2,0,1,0,,,d9a5b2c4,0.0,0,0,0,0
USA-Major League Soccer,2026,2026-08-22 Charlotte-D.C. United,Charlotte FC,Brandt Bronico,13,USA,MF,31-063,26,0,0,0,0,0,0,0,0,0,0,0,0,1,0,0,,,d9a5b2c4,0.0,0,0,0,0
USA-Major League Soccer,2026,2026-08-22 Charlotte-D.C. United,Charlotte FC,David Schnegg,23,AUT,LB,27-327,90,1,0,0,0,1,1,0,0,2,0,0,0,0,0,0,,,d9a5b2c4,0.0,1,1,1,0
USA-Major League Soccer,2026,2026-08-22 Charlotte-D.C. United,Charlotte FC,Djibril Diani,28,FRA,MF,28-192,26,0,0,0,0,1,0,0,0,0,0,1,0,0,1,0,,,d9a5b2c4,0.0,1,0,0,0
USA-Major League Soccer,2026,2026-08-22 Charlotte-D.C. United,Charlotte FC,Henry Kessler,22,USA,CB,28-058,90,0,0,0,0,1,1,0,0,1,2,0,0,0,1,0,,,d9a5b2c4,0.0,1,1,0,0
USA-Major League Soccer,2026,2026-08-22 Charlotte-D.C. United,Charlotte FC,Idan Markovich,9,ISR,FW,22-013,74,0,0,0,0,1,0,0,0,1,1,1,0,0,0,0,,,d9a5b2c4,0.0,1,0,0,0
USA-Major League Soccer,2026,2026-08-22 Charlotte-D.C. United,Charlotte FC,Kristijan Kahlina,1,CRO,GK,34-029,90,0,0,0,0,0,0,0,0,0,0,0,0,0,0,0,,,d9a5b2c4,0.0,0,0,0,0
USA-Major League Soccer,2026,2026-08-22 Charlotte-D.C. United,Charlotte FC,Liel Abada,11,ISR,"FW,MF",24-323,26,0,1,0,0,0,0,0,0,0,0,0,1,1,1,0,,,d9a5b2c4,0.0,0,0,0,1
USA-Major League Soccer,2026,2026-08-22 Charlotte-D.C. United,Charlotte FC,Luca de la Torre,17,USA,DM,28-091,64,0,0,0,0,0,0,0,0,1,0,0,0,0,1,0,,,d9a5b2c4,0.0,0,0,0,0
USA-Major League Soccer,2026,2026-08-22 Charlotte-D.C. United,Charlotte FC,Morrison Agyemang,44,GHA,CB,21-244,90,0,0,0,0,2,1,0,0,2,1,0,0,1,1,0,,,d9a5b2c4,0.0,2,1,0,0
USA-Major League Soccer,2026,2026-08-22 Charlotte-D.C. United,Charlotte FC,Pep Biel,16,ESP,AM,29-351,90,1,1,0,0,2,1,1,0,2,1,0,2,1,0,0,,,d9a5b2c4,0.0,2,1,1,1
USA-Major League Soccer,2026,2026-08-22 Charlotte-D.C. United,Charlotte FC,Rodolfo Aloko,37,BEN,AM,19-239,64,0,0,0,0,1,0,0,0,2,1,1,0,0,0,0,,,d9a5b2c4,0.0,1,0,0,0
USA-Major League Soccer,2026,2026-08-22 Charlotte-D.C. United,Charlotte FC,Tyger Smalls,25,,FW,23-338,8,0,0,0,0,0,0,1,0,0,0,0,0,1,0,0,,,d9a5b2c4,0.0,0,0,0,0
USA-Major League Soccer,2026,2026-08-22 Charlotte-D.C. United,Charlotte FC,Will Cleary,35,USA,RB,23-186,90,1,0,0,0,1,1,0,0,1,0,0,0,0,0,0,,,d9a5b2c4,0.0,1,1,1,0
USA-Major League Soccer,2026,2026-08-22 Charlotte-D.C. United,D.C. United,Andre Dozzell,21,ENG,CB,27-112,90,0,0,0,0,0,0,0,0,2,1,0,0,0,1,0,,,d9a5b2c4,0.0,0,0,0,0
USA-Major League Soccer,2026,2026-08-22 Charlotte-D.C. United,D.C. United,Brandon Servania,23,USA,CM,27-163,74,0,0,0,0,2,0,0,0,0,0,0,0,1,0,0,,,d9a5b2c4,0.0,2,0,0,0
USA-Major League Soccer,2026,2026-08-22 Charlotte-D.C. United,D.C. United,Hosei Kijima,77,JPN,MF,24-052,16,0,0,0,0,0,0,0,0,0,0,0,2,0,0,0,,,d9a5b2c4,0.0,0,0,0,0
USA-Major League Soccer,2026,2026-08-22 Charlotte-D.C. United,D.C. United,Jackson Hopkins,25,USA,FW,22-052,74,0,0,0,0,3,2,0,0,0,3,0,0,0,0,0,,,d9a5b2c4,0.0,3,2,0,0
USA-Major League Soccer,2026,2026-08-22 Charlotte-D.C. United,D.C. United,Jared Stroud,8,USA,"FW,MF",30-043,5,0,0,0,0,0,0,0,0,0,0,0,4,1,0,0,,,d9a5b2c4,0.0,0,0,0,0
USA-Major League Soccer,2026,2026-08-22 Charlotte-D.C. United,D.C. United,Keisuke Kurokawa,6,JPN,LB,29-131,90,0,0,0,0,0,0,1,0,1,0,0,7,1,0,0,,,d9a5b2c4,0.0,0,0,0,0
USA-Major League Soccer,2026,2026-08-22 Charlotte-D.C. United,D.C. United,Kimito Nono,2,JPN,RM,24-149,74,0,0,0,0,2,1,0,0,0,2,0,2,0,2,0,,,d9a5b2c4,0.0,2,1,0,0
USA-Major League Soccer,2026,2026-08-22 Charlotte-D.C. United,D.C. United,Louis Munteanu,11,ROU,FW,24-067,90,1,0,0,0,4,1,0,0,2,2,1,0,1,0,0,,,d9a5b2c4,0.0,4,1,1,0
USA-Major League Soccer,2026,2026-08-22 Charlotte-D.C. United,D.C. United,Lucas Bartlett,3,USA,CB,29-027,90,0,0,0,0,1,0,0,0,3,3,0,0,1,0,0,,,d9a5b2c4,0.0,1,0,0,0
USA-Major League Soccer,2026,2026-08-22 Charlotte-D.C. United,D.C. United,Matti Peltola,4,FIN,CM,24-050,90,0,0,0,0,0,0,0,0,0,2,0,0,1,2,0,,,d9a5b2c4,0.0,0,0,0,0
USA-Major League Soccer,2026,2026-08-22 Charlotte-D.C. United,D.C. United,Nathan Ordaz,22,SLV,FW,22-222,16,0,0,0,0,0,0,0,0,0,0,0,0,0,0,0,,,d9a5b2c4,0.0,0,0,0,0
USA-Major League Soccer,2026,2026-08-22 Charlotte-D.C. United,D.C. United,Nikola Marković,27,CAN,DF,22-031,16,0,0,0,0,0,0,0,0,1,1,0,0,0,0,0,,,d9a5b2c4,0.0,0,0,0,0
USA-Major League Soccer,2026,2026-08-22 Charlotte-D.C. United,D.C. United,Peglow,7,BRA,LM,24-227,85,0,1,0,0,3,0,1,0,1,1,0,2,1,2,0,,,d9a5b2c4,0.0,3,0,0,1
USA-Major League Soccer,2026,2026-08-22 Charlotte-D.C. United,D.C. United,Sean Johnson,1,USA,GK,37-083,90,0,0,0,0,0,0,0,0,0,0,0,0,0,0,0,,,d9a5b2c4,0.0,0,0,0,0
USA-Major League Soccer,2026,2026-08-22 Charlotte-D.C. United,D.C. United,Silvan Hefti,5,SUI,RB,28-301,90,0,0,0,0,2,1,1,0,1,0,0,0,2,0,0,,,d9a5b2c4,0.0,2,1,0,0
USA-Major League Soccer,2026,2026-08-22 FC Cincinnati-Seattle Sounders,FC Cincinnati,Alvas Powell,2,JAM,"DF,MF",32-035,2,0,0,0,0,0,0,0,0,0,0,0,1,0,0,0,,,f03517e1,0.0,0,0,0,0
USA-Major League Soccer,2026,2026-08-22 FC Cincinnati-Seattle Sounders,FC Cincinnati,Andrei Chirilă,88,USA,CB,18-007,90,0,0,0,0,0,0,0,0,0,1,0,0,0,0,0,,,f03517e1,0.0,0,0,0,0
USA-Major League Soccer,2026,2026-08-22 FC Cincinnati-Seattle Sounders,FC Cincinnati,Ayoub Jabbari,99,MAR,FW,26-204,18,0,0,0,0,0,0,0,0,0,1,0,0,2,0,0,,,f03517e1,0.0,0,0,0,0
USA-Major League Soccer,2026,2026-08-22 FC Cincinnati-Seattle Sounders,FC Cincinnati,Brian Anunga,27,CMR,CM,30-012,88,0,0,0,0,1,1,0,0,1,1,0,1,2,2,0,,,f03517e1,0.0,1,1,0,0
USA-Major League Soccer,2026,2026-08-22 FC Cincinnati-Seattle Sounders,FC Cincinnati,Bryan Ramírez,29,ECU,LM,26-011,72,0,0,0,0,2,2,1,0,1,0,0,2,1,0,0,,,f03517e1,0.0,2,2,0,0
USA-Major League Soccer,2026,2026-08-22 FC Cincinnati-Seattle Sounders,FC Cincinnati,Ender Echenique,66,VEN,RM,22-142,88,0,0,0,0,2,1,0,0,1,0,0,1,0,2,0,,,f03517e1,0.0,2,1,0,0
USA-Major League Soccer,2026,2026-08-22 FC Cincinnati-Seattle Sounders,FC Cincinnati,Evander,10,BRA,CM,28-074,90,1,0,0,0,3,1,0,0,1,3,0,10,0,0,0,,,f03517e1,0.0,3,1,1,0
USA-Major League Soccer,2026,2026-08-22 FC Cincinnati-Seattle Sounders,FC Cincinnati,Gerardo Valenzuela,22,USA,CM,21-328,90,0,0,0,0,1,0,0,0,0,1,0,3,0,1,0,,,f03517e1,0.0,1,0,0,0
USA-Major League Soccer,2026,2026-08-22 FC Cincinnati-Seattle Sounders,FC Cincinnati,Kenji Mboma Dem,17,FRA,FW,24-212,58,0,0,0,0,2,1,0,0,1,0,0,0,0,0,0,,,f03517e1,0.0,2,1,0,0
USA-Major League Soccer,2026,2026-08-22 FC Cincinnati-Seattle Sounders,FC Cincinnati,Kévin Denkey,9,TOG,FW,25-265,32,0,0,0,0,2,0,0,0,0,1,0,0,0,0,0,,,f03517e1,0.0,2,0,0,0
USA-Major League Soccer,2026,2026-08-22 FC Cincinnati-Seattle Sounders,FC Cincinnati,Miles Robinson,12,USA,CB,29-161,90,0,0,0,0,1,1,0,0,0,1,0,0,0,1,0,,,f03517e1,0.0,1,1,0,0
USA-Major League Soccer,2026,2026-08-22 FC Cincinnati-Seattle Sounders,FC Cincinnati,Obinna Nwobodo,5,NGA,MF,29-266,2,0,0,0,0,0,0,0,0,0,0,0,0,0,0,0,,,f03517e1,0.0,0,0,0,0
USA-Major League Soccer,2026,2026-08-22 FC Cincinnati-Seattle Sounders,FC Cincinnati,Pavel Bucha,20,CZE,MF,28-164,18,0,0,0,0,0,0,0,0,1,0,0,0,0,0,0,,,f03517e1,0.0,0,0,0,0
USA-Major League Soccer,2026,2026-08-22 FC Cincinnati-Seattle Sounders,FC Cincinnati,Roman Celentano,18,USA,GK,25-342,90,0,0,0,0,0,0,0,0,0,0,0,0,0,0,0,,,f03517e1,0.0,0,0,0,0
USA-Major League Soccer,2026,2026-08-22 FC Cincinnati-Seattle Sounders,FC Cincinnati,Samuel Gidi,11,SVK,CB,22-129,90,0,0,0,0,0,0,0,0,1,1,0,1,1,0,0,,,f03517e1,0.0,0,0,0,0
USA-Major League Soccer,2026,2026-08-22 FC Cincinnati-Seattle Sounders,FC Cincinnati,Tom Barlow,16,USA,FW,31-045,72,0,0,0,0,3,2,0,0,0,2,2,0,0,0,0,,,f03517e1,0.0,3,2,0,0
USA-Major League Soccer,2026,2026-08-22 FC Cincinnati-Seattle Sounders,Seattle Sounders,Albert Rusnák,11,SVK,"FW,MF",32-046,14,0,1,0,0,0,0,0,0,0,0,0,3,0,0,0,,,f03517e1,0.0,0,0,0,1
USA-Major League Soccer,2026,2026-08-22 FC Cincinnati-Seattle Sounders,Seattle Sounders,Alex Roldan,16,SLV,"DF,MF",30-025,14,0,0,0,0,0,0,0,0,0,0,0,2,0,0,0,,,f03517e1,0.0,0,0,0,0
USA-Major League Soccer,2026,2026-08-22 FC Cincinnati-Seattle Sounders,Seattle Sounders,Andrew Thomas,26,RUS,GK,27-355,90,0,0,0,0,0,0,0,0,0,0,0,0,0,0,0,,,f03517e1,0.0,0,0,0,0
USA-Major League Soccer,2026,2026-08-22 FC Cincinnati-Seattle Sounders,Seattle Sounders,Antino Lopez,35,USA,CB,24-093,76,0,0,0,0,0,0,0,0,1,0,0,0,0,1,0,,,f03517e1,0.0,0,0,0,0
USA-Major League Soccer,2026,2026-08-22 FC Cincinnati-Seattle Sounders,Seattle Sounders,Daniel Musovski,19,MKD,FW,30-265,30,0,0,0,0,2,0,0,0,1,1,0,1,0,0,0,,,f03517e1,0.0,2,0,0,0
USA-Major League Soccer,2026,2026-08-22 FC Cincinnati-Seattle Sounders,Seattle Sounders,Edson Carli,30,USA,RM,18-364,60,0,0,0,0,1,0,0,0,0,0,0,0,0,0,0,,,f03517e1,0.0,1,0,0,0
USA-Major League Soccer,2026,2026-08-22 FC Cincinnati-Seattle Sounders,Seattle Sounders,Kalani Rienzi,85,USA,RB,24-056,90,1,0,0,0,3,2,0,0,0,1,0,2,3,1,0,,,f03517e1,0.0,3,2,1,0
USA-Major League Soccer,2026,2026-08-22 FC Cincinnati-Seattle Sounders,Seattle Sounders,Kim Kee-hee,20,KOR,"DF,MF",37-040,1,0,0,0,0,0,0,0,0,0,0,0,0,0,0,0,,,f03517e1,0.0,0,0,0,0
USA-Major League Soccer,2026,2026-08-22 FC Cincinnati-Seattle Sounders,Seattle Sounders,Nouhou Tolo,5,CMR,DF,29-060,30,0,0,0,0,0,0,0,0,1,0,0,0,1,2,0,,,f03517e1,0.0,0,0,0,0
USA-Major League Soccer,2026,2026-08-22 FC Cincinnati-Seattle Sounders,Seattle Sounders,Osaze De Rosario,95,GUY,FW,25-034,76,0,0,0,0,1,0,0,0,2,0,1,0,0,1,0,,,f03517e1,0.0,1,0,0,0
USA-Major League Soccer,2026,2026-08-22 FC Cincinnati-Seattle Sounders,Seattle Sounders,Paul Rothrock,14,USA,LB,27-225,90,0,0,0,0,1,0,0,0,2,2,0,3,1,0,0,,,f03517e1,0.0,1,0,0,0
USA-Major League Soccer,2026,2026-08-22 FC Cincinnati-Seattle Sounders,Seattle Sounders,Peter Kingston,45,USA,CM,25-039,90,0,0,0,0,0,0,1,0,2,0,0,5,1,1,0,,,f03517e1,0.0,0,0,0,0
USA-Major League Soccer,2026,2026-08-22 FC Cincinnati-Seattle Sounders,Seattle Sounders,Ryan Sailor,4,USA,CB,27-268,90,0,0,0,0,0,0,1,0,2,0,0,0,1,0,0,,,f03517e1,0.0,0,0,0,0
USA-Major League Soccer,2026,2026-08-22 FC Cincinnati-Seattle Sounders,Seattle Sounders,Sebastian Gomez,90,USA,LM,20-093,89,0,0,0,0,2,1,0,0,1,2,0,0,0,0,0,,,f03517e1,0.0,2,1,0,0
USA-Major League Soccer,2026,2026-08-22 FC Cincinnati-Seattle Sounders,Seattle Sounders,Snyder Brunell,37,USA,CM,19-152,60,0,0,0,0,0,0,0,0,1,0,0,0,0,1,0,,,f03517e1,0.0,0,0,0,0
USA-Major League Soccer,2026,2026-08-22 FC Cincinnati-Seattle Sounders,Seattle Sounders,Stuart Hawkins,39,USA,CB,19-338,90,0,0,0,0,0,0,0,0,1,0,0,0,3,1,0,,,f03517e1,0.0,0,0,0,0
USA-Major League Soccer,2026,2026-08-22 Inter Miami-Toronto FC,Inter Miami,Casemiro,5,BRA,DM,34-180,72,0,0,0,0,1,1,0,0,3,0,0,0,1,0,0,,,2bb5e1fa,0.0,1,1,0,0
USA-Major League Soccer,2026,2026-08-22 Inter Miami-Toronto FC,Inter Miami,David Ayala,22,ARG,MF,24-027,18,0,0,0,0,1,1,1,0,2,0,0,0,2,0,0,,,2bb5e1fa,0.0,1,1,0,0
USA-Major League Soccer,2026,2026-08-22 Inter Miami-Toronto FC,Inter Miami,Dayne St. Clair,97,CAN,GK,29-105,90,0,0,0,0,0,0,0,0,0,0,0,0,0,0,0,,,2bb5e1fa,0.0,0,0,0,0
USA-Major League Soccer,2026,2026-08-22 Inter Miami-Toronto FC,Inter Miami,Dániel Pintér,56,USA,FW,19-077,18,0,0,0,0,0,0,0,0,0,1,0,0,0,0,0,,,2bb5e1fa,0.0,0,0,0,0
USA-Major League Soccer,2026,2026-08-22 Inter Miami-Toronto FC,Inter Miami,Facundo Mura,4,ARG,"DF,MF",27-152,65,0,0,0,0,0,0,0,0,2,0,0,2,2,1,0,,,2bb5e1fa,0.0,0,0,0,0
USA-Major League Soccer,2026,2026-08-22 Inter Miami-Toronto FC,Inter Miami,Germán Berterame,19,MEX,FW,27-282,90,0,0,0,0,3,0,0,0,1,1,1,0,1,1,0,,,2bb5e1fa,0.0,3,0,0,0
USA-Major League Soccer,2026,2026-08-22 Inter Miami-Toronto FC,Inter Miami,Gonzalo Luján,2,ARG,CB,25-117,25,0,0,0,0,0,0,0,0,1,0,0,0,0,0,0,,,2bb5e1fa,0.0,0,0,0,0
USA-Major League Soccer,2026,2026-08-22 Inter Miami-Toronto FC,Inter Miami,Ian Fray,17,JAM,RB,23-356,90,0,0,0,0,1,0,0,0,1,0,0,0,1,3,0,,,2bb5e1fa,0.0,1,0,0,0
USA-Major League Soccer,2026,2026-08-22 Inter Miami-Toronto FC,Inter Miami,Lionel Messi,10,ARG,AM,39-059,90,1,0,0,0,2,1,0,0,0,2,0,4,0,0,0,,,2bb5e1fa,0.0,2,1,1,0
USA-Major League Soccer,2026,2026-08-22 Inter Miami-Toronto FC,Inter Miami,Lovens Delinois,54,HAI,FW,21-321,18,0,0,0,0,1,0,0,0,1,0,0,1,0,0,0,,,2bb5e1fa,0.0,1,0,0,0
USA-Major League Soccer,2026,2026-08-22 Inter Miami-Toronto FC,Inter Miami,Luis Suárez,9,URU,AM,39-210,72,0,0,0,0,1,0,0,0,0,1,0,0,0,0,0,,,2bb5e1fa,0.0,1,0,0,0
USA-Major League Soccer,2026,2026-08-22 Inter Miami-Toronto FC,Inter Miami,Maximiliano Falcón,37,URU,CB,29-113,90,0,0,0,0,0,0,1,0,1,1,0,0,0,1,0,,,2bb5e1fa,0.0,0,0,0,0
USA-Major League Soccer,2026,2026-08-22 Inter Miami-Toronto FC,Inter Miami,Noah Allen,32,GRE,DF,22-116,33,0,0,0,0,0,0,0,0,0,0,0,1,1,0,0,,,2bb5e1fa,0.0,0,0,0,0
USA-Major League Soccer,2026,2026-08-22 Inter Miami-Toronto FC,Inter Miami,Rodrigo De Paul,7,ARG,DM,32-090,90,0,1,0,0,0,0,0,0,0,2,0,2,0,0,0,,,2bb5e1fa,0.0,0,0,0,1
USA-Major League Soccer,2026,2026-08-22 Inter Miami-Toronto FC,Inter Miami,Sergio Reguilón,3,ESP,LB,29-249,57,0,0,0,0,0,0,0,0,0,0,0,3,1,0,0,,,2bb5e1fa,0.0,0,0,0,0
USA-Major League Soccer,2026,2026-08-22 Inter Miami-Toronto FC,Inter Miami,Telasco Segovia,8,VEN,DM,23-142,72,0,0,0,0,0,0,0,0,3,0,0,0,1,0,0,,,2bb5e1fa,0.0,0,0,0,0
USA-Major League Soccer,2026,2026-08-22 Inter Miami-Toronto FC,Toronto FC,Alonso Coello,14,ESP,DM,26-314,90,0,0,0,0,0,0,0,0,1,1,0,1,3,1,0,,,2bb5e1fa,0.0,0,0,0,0
USA-Major League Soccer,2026,2026-08-22 Inter Miami-Toronto FC,Toronto FC,Benjamín Kuscevic,13,CHI,CB,30-112,90,0,0,0,0,1,0,0,0,1,0,0,0,0,0,0,,,2bb5e1fa,0.0,1,0,0,0
USA-Major League Soccer,2026,2026-08-22 Inter Miami-Toronto FC,Toronto FC,Derrick Etienne,11,HAI,AM,29-270,85,1,0,0,0,1,1,0,0,0,1,1,3,1,0,0,,,2bb5e1fa,0.0,1,1,1,0
USA-Major League Soccer,2026,2026-08-22 Inter Miami-Toronto FC,Toronto FC,Djordje Mihailovic,10,USA,AM,27-285,86,0,0,0,0,2,1,0,0,1,1,1,8,0,0,0,,,2bb5e1fa,0.0,2,1,0,0
USA-Major League Soccer,2026,2026-08-22 Inter Miami-Toronto FC,Toronto FC,Dániel Sallói,20,HUN,AM,30-034,64,0,1,0,0,1,0,0,0,0,1,0,1,0,2,0,,,2bb5e1fa,0.0,1,0,0,1
USA-Major League Soccer,2026,2026-08-22 Inter Miami-Toronto FC,Toronto FC,Jackson Gilman,38,USA,DF,22-115,5,0,0,0,0,0,0,0,0,0,0,0,0,0,0,0,,,2bb5e1fa,0.0,0,0,0,0
USA-Major League Soccer,2026,2026-08-22 Inter Miami-Toronto FC,Toronto FC,Josh Sargent,9,USA,FW,26-183,76,1,0,0,0,2,1,0,0,0,3,0,1,1,0,0,,,2bb5e1fa,0.0,2,1,1,0
USA-Major League Soccer,2026,2026-08-22 Inter Miami-Toronto FC,Toronto FC,Kobe Franklin,19,CAN,RB,23-104,90,0,0,0,0,0,0,0,0,0,3,0,0,2,1,0,,,2bb5e1fa,0.0,0,0,0,0
USA-Major League Soccer,2026,2026-08-22 Inter Miami-Toronto FC,Toronto FC,Luka Gavran,1,CAN,GK,26-105,90,0,0,0,0,0,0,0,0,0,0,0,0,0,0,0,,,2bb5e1fa,0.0,0,0,0,0
USA-Major League Soccer,2026,2026-08-22 Inter Miami-Toronto FC,Toronto FC,Markus Cimermancic,71,CAN,DM,21-325,90,0,0,0,0,0,0,0,0,1,2,0,1,2,1,0,,,2bb5e1fa,0.0,0,0,0,0
USA-Major League Soccer,2026,2026-08-22 Inter Miami-Toronto FC,Toronto FC,Matheus Pereira,3,BRA,"DF,MF",25-244,26,0,0,0,0,0,0,0,0,1,1,0,0,0,1,0,,,2bb5e1fa,0.0,0,0,0,0
USA-Major League Soccer,2026,2026-08-22 Inter Miami-Toronto FC,Toronto FC,Nicksoen Gomis,15,FRA,DF,24-160,4,0,0,0,0,0,0,0,0,0,0,0,0,0,0,0,,,2bb5e1fa,0.0,0,0,0,0
USA-Major League Soccer,2026,2026-08-22 Inter Miami-Toronto FC,Toronto FC,Richie Laryea,22,CAN,LB,31-227,90,0,0,0,0,0,0,1,0,2,1,1,0,0,3,0,,,2bb5e1fa,0.0,0,0,0,0
USA-Major League Soccer,2026,2026-08-22 Inter Miami-Toronto FC,Toronto FC,Theo Corbeanu,7,CAN,"FW,MF",24-097,14,0,0,0,0,0,0,0,0,0,1,0,0,0,0,0,,,2bb5e1fa,0.0,0,0,0,0
USA-Major League Soccer,2026,2026-08-22 Inter Miami-Toronto FC,Toronto FC,Zane Monlouis,12,ENG,CB,22-310,90,0,0,0,0,0,0,0,0,1,0,0,0,0,0,0,,,2bb5e1fa,0.0,0,0,0,0
USA-Major League Soccer,2026,2026-08-22 LAFC-Portland Timbers,Los Angeles FC,Aaron Long,33,USA,CB,33-314,90,0,0,0,0,0,0,0,0,1,0,0,0,0,1,0,,,4a25c2c7,0.0,0,0,0,0
USA-Major League Soccer,2026,2026-08-22 LAFC-Portland Timbers,Los Angeles FC,Denis Bouanga,99,GAB,FW,31-284,90,1,0,0,0,11,6,1,0,1,1,0,11,0,0,0,,,4a25c2c7,0.0,11,6,1,0
USA-Major League Soccer,2026,2026-08-22 LAFC-Portland Timbers,Los Angeles FC,Eddie Segura,4,COL,CM,29-201,90,0,0,0,0,0,0,0,0,0,1,0,0,2,1,0,,,4a25c2c7,0.0,0,0,0,0
USA-Major League Soccer,2026,2026-08-22 LAFC-Portland Timbers,Los Angeles FC,Hugo Lloris,1,FRA,GK,39-239,90,0,0,0,0,0,0,0,0,0,0,0,0,0,0,0,,,4a25c2c7,0.0,0,0,0,0
USA-Major League Soccer,2026,2026-08-22 LAFC-Portland Timbers,Los Angeles FC,Jacob Shaffelburg,18,CAN,MF,26-269,71,0,0,0,0,3,2,0,0,2,1,0,8,0,0,0,,,4a25c2c7,0.0,3,2,0,0
USA-Major League Soccer,2026,2026-08-22 LAFC-Portland Timbers,Los Angeles FC,Jude Terry,22,USA,MF,17-318,15,0,1,0,0,0,0,0,0,0,0,0,0,0,0,0,,,4a25c2c7,0.0,0,0,0,1
USA-Major League Soccer,2026,2026-08-22 LAFC-Portland Timbers,Los Angeles FC,Marky Delgado,8,USA,CM,31-098,90,0,0,0,0,0,0,0,0,1,1,0,2,0,1,0,,,4a25c2c7,0.0,0,0,0,0
USA-Major League Soccer,2026,2026-08-22 LAFC-Portland Timbers,Los Angeles FC,Mathieu Choinière,66,CAN,CM,27-196,75,0,0,0,0,4,1,1,0,2,1,0,5,0,1,0,,,4a25c2c7,0.0,4,1,0,0
USA-Major League Soccer,2026,2026-08-22 LAFC-Portland Timbers,Los Angeles FC,Ryan Hollingshead,24,USA,RB,35-128,90,0,0,0,0,5,0,0,0,1,1,0,1,0,0,0,,,4a25c2c7,0.0,5,0,0,0
USA-Major League Soccer,2026,2026-08-22 LAFC-Portland Timbers,Los Angeles FC,Ryan Porteous,5,SCO,CB,27-150,90,0,0,0,0,0,0,0,0,0,5,0,1,3,0,0,,,4a25c2c7,0.0,0,0,0,0
USA-Major League Soccer,2026,2026-08-22 LAFC-Portland Timbers,Los Angeles FC,Ryan Raposo,21,CAN,MF,27-170,15,0,0,0,0,0,0,0,0,0,1,0,3,0,0,0,,,4a25c2c7,0.0,0,0,0,0
USA-Major League Soccer,2026,2026-08-22 LAFC-Portland Timbers,Los Angeles FC,Son Heung-min,7,KOR,FW,34-045,90,0,0,0,0,9,1,0,0,0,2,0,3,0,0,0,,,4a25c2c7,0.0,9,1,0,0
USA-Major League Soccer,2026,2026-08-22 LAFC-Portland Timbers,Los Angeles FC,Timothy Tillman,11,USA,FW,27-230,19,0,0,0,0,1,1,0,0,0,0,0,2,2,0,0,,,4a25c2c7,0.0,1,1,0,0
USA-Major League Soccer,2026,2026-08-22 LAFC-Portland Timbers,Los Angeles FC,Yevhen Cheberko,23,UKR,LB,28-211,75,0,0,0,0,1,0,0,0,1,1,0,2,2,0,0,,,4a25c2c7,0.0,1,0,0,0
USA-Major League Soccer,2026,2026-08-22 LAFC-Portland Timbers,Portland Timbers,Antony,11,BRA,"FW,MF",24-348,37,0,0,0,0,0,0,0,0,0,0,1,0,1,1,0,,,4a25c2c7,0.0,0,0,0,0
USA-Major League Soccer,2026,2026-08-22 LAFC-Portland Timbers,Portland Timbers,Ariel Lassiter,7,CRC,AM,31-329,53,0,0,0,0,0,0,0,0,0,1,0,1,0,0,0,,,4a25c2c7,0.0,0,0,0,0
USA-Major League Soccer,2026,2026-08-22 LAFC-Portland Timbers,Portland Timbers,Cole Bassett,17,USA,DM,25-025,53,0,0,0,0,2,0,0,0,1,0,0,0,0,0,0,,,4a25c2c7,0.0,2,0,0,0
USA-Major League Soccer,2026,2026-08-22 LAFC-Portland Timbers,Portland Timbers,David Costa,10,POR,AM,25-229,90,1,0,0,0,1,1,0,0,1,1,1,1,1,1,0,,,4a25c2c7,0.0,1,1,1,0
USA-Major League Soccer,2026,2026-08-22 LAFC-Portland Timbers,Portland Timbers,Eric Miller,15,USA,RB,33-219,90,0,0,0,0,0,0,0,0,1,1,0,0,0,0,0,,,4a25c2c7,0.0,0,0,0,0
USA-Major League Soccer,2026,2026-08-22 LAFC-Portland Timbers,Portland Timbers,Finn Surman,20,NZL,CB,22-333,90,0,0,0,0,0,0,0,0,0,0,0,0,0,0,0,,,4a25c2c7,0.0,0,0,0,0
USA-Major League Soccer,2026,2026-08-22 LAFC-Portland Timbers,Portland Timbers,Ian Smith,23,USA,DF,24-037,35,0,0,0,0,0,0,0,0,0,1,0,0,1,3,0,,,4a25c2c7,0.0,0,0,0,0
USA-Major League Soccer,2026,2026-08-22 LAFC-Portland Timbers,Portland Timbers,James Pantemis,41,CAN,GK,29-182,90,0,0,0,0,0,0,0,0,0,0,0,0,0,0,0,,,4a25c2c7,0.0,0,0,0,0
USA-Major League Soccer,2026,2026-08-22 LAFC-Portland Timbers,Portland Timbers,Jimer Fory,27,COL,LB,24-090,55,0,0,0,0,0,0,0,0,0,1,0,1,2,0,0,,,4a25c2c7,0.0,0,0,0,0
USA-Major League Soccer,2026,2026-08-22 LAFC-Portland Timbers,Portland Timbers,José Caicedo,30,COL,DM,24-091,90,0,0,0,0,2,1,0,0,3,0,0,0,0,2,0,,,4a25c2c7,0.0,2,1,0,0
USA-Major League Soccer,2026,2026-08-22 LAFC-Portland Timbers,Portland Timbers,Julio Joao Ortíz,80,ECU,MF,30-113,37,0,0,0,0,0,0,0,0,1,0,0,1,0,0,0,,,4a25c2c7,0.0,0,0,0,0
USA-Major League Soccer,2026,2026-08-22 LAFC-Portland Timbers,Portland Timbers,Kamal Miller,4,CAN,CB,29-098,90,0,0,0,0,0,0,0,0,0,0,0,0,1,2,0,,,4a25c2c7,0.0,0,0,0,0
USA-Major League Soccer,2026,2026-08-22 LAFC-Portland Timbers,Portland Timbers,Kevin Kelsy,19,VEN,FW,22-026,69,0,0,0,0,1,0,1,0,3,0,1,0,0,2,0,,,4a25c2c7,0.0,1,0,0,0
USA-Major League Soccer,2026,2026-08-22 LAFC-Portland Timbers,Portland Timbers,Kristoffer Velde,99,NOR,AM,26-347,69,0,1,0,0,1,0,0,0,2,1,0,0,1,1,0,,,4a25c2c7,0.0,1,0,0,1
USA-Major League Soccer,2026,2026-08-22 LAFC-Portland Timbers,Portland Timbers,Omir Fernandez,22,USA,MF,27-195,21,0,0,0,0,1,0,0,0,0,1,0,1,0,1,0,,,4a25c2c7,0.0,1,0,0,0
USA-Major League Soccer,2026,2026-08-22 LAFC-Portland Timbers,Portland Timbers,Vincent Janssen,14,NED,FW,32-068,20,0,0,0,0,0,0,2,1,3,1,0,0,1,0,0,,,4a25c2c7,0.0,0,0,0,0
USA-Major League Soccer,2026,2026-08-22 Nashville SC-Columbus Crew,Columbus Crew,André Gomes,20,POR,CM,33-023,75,1,0,0,0,1,1,0,0,0,1,0,1,0,0,0,,,7650fbe4,0.0,1,1,1,0
USA-Major League Soccer,2026,2026-08-22 Nashville SC-Columbus Crew,Columbus Crew,Brais Méndez,10,ESP,FW,29-227,83,0,0,0,0,0,0,0,0,0,0,1,0,0,0,0,,,7650fbe4,0.0,0,0,0,0
USA-Major League Soccer,2026,2026-08-22 Nashville SC-Columbus Crew,Columbus Crew,Brooks Lennon,11,USA,"DF,MF",28-334,32,0,0,0,0,0,0,0,0,1,1,1,0,1,0,0,,,7650fbe4,0.0,0,0,0,0
USA-Major League Soccer,2026,2026-08-22 Nashville SC-Columbus Crew,Columbus Crew,Cesar Ruvalcaba,12,USA,CB,25-040,90,0,0,0,0,0,0,1,0,1,0,0,0,0,3,0,,,7650fbe4,0.0,0,0,0,0
USA-Major League Soccer,2026,2026-08-22 Nashville SC-Columbus Crew,Columbus Crew,Chase Adams,46,USA,FW,18-127,58,0,0,0,0,1,0,0,0,0,2,0,0,1,0,0,,,7650fbe4,0.0,1,0,0,0
USA-Major League Soccer,2026,2026-08-22 Nashville SC-Columbus Crew,Columbus Crew,Dylan Chambost,7,FRA,"FW,MF",29-003,15,0,0,0,0,0,0,0,0,0,0,0,0,2,1,0,,,7650fbe4,0.0,0,0,0,0
USA-Major League Soccer,2026,2026-08-22 Nashville SC-Columbus Crew,Columbus Crew,Dániel Gazdag,8,HUN,"FW,MF",30-173,7,0,0,0,0,0,0,0,0,0,0,0,0,1,0,0,,,7650fbe4,0.0,0,0,0,0
USA-Major League Soccer,2026,2026-08-22 Nashville SC-Columbus Crew,Columbus Crew,Josef Martínez,77,VEN,FW,33-095,32,0,0,0,0,0,0,0,0,0,0,0,0,1,0,0,,,7650fbe4,0.0,0,0,0,0
USA-Major League Soccer,2026,2026-08-22 Nashville SC-Columbus Crew,Columbus Crew,Laurtaro Giaccone,26,ARG,MF,25-202,7,0,0,0,0,0,0,0,0,0,0,0,0,1,0,0,,,7650fbe4,0.0,0,0,0,0
USA-Major League Soccer,2026,2026-08-22 Nashville SC-Columbus Crew,Columbus Crew,Malte Amundsen,18,DEN,LB,28-192,90,0,1,0,0,0,0,0,0,1,0,0,1,0,1,0,,,7650fbe4,0.0,0,0,0,1
USA-Major League Soccer,2026,2026-08-22 Nashville SC-Columbus Crew,Columbus Crew,Mohamed Farsi,23,ALG,RM,26-249,58,1,0,0,0,1,1,0,0,0,0,0,1,0,0,0,,,7650fbe4,0.0,1,1,1,0
USA-Major League Soccer,2026,2026-08-22 Nashville SC-Columbus Crew,Columbus Crew,Patrick Schulte,28,USA,GK,25-162,90,0,0,0,0,0,0,0,0,0,0,0,0,0,0,0,,,7650fbe4,0.0,0,0,0,0
USA-Major League Soccer,2026,2026-08-22 Nashville SC-Columbus Crew,Columbus Crew,Sean Zawadzki,25,USA,CB,26-123,90,0,0,0,0,0,0,0,0,2,0,0,0,0,2,0,,,7650fbe4,0.0,0,0,0,0
USA-Major League Soccer,2026,2026-08-22 Nashville SC-Columbus Crew,Columbus Crew,Steven Moreira,31,CPV,RB,32-009,90,0,0,0,0,0,0,0,0,0,0,0,0,0,0,0,,,7650fbe4,0.0,0,0,0,0
USA-Major League Soccer,2026,2026-08-22 Nashville SC-Columbus Crew,Columbus Crew,Taha Habroune,16,USA,LM,20-198,83,0,0,0,0,0,0,0,0,1,1,0,1,1,0,0,,,7650fbe4,0.0,0,0,0,0
USA-Major League Soccer,2026,2026-08-22 Nashville SC-Columbus Crew,Columbus Crew,Tarun Karumanchi,50,USA,CM,23-143,90,0,0,0,0,0,0,0,0,1,2,0,0,4,0,0,,,7650fbe4,0.0,0,0,0,0
USA-Major League Soccer,2026,2026-08-22 Nashville SC-Columbus Crew,Nashville SC,Alex Muyl,19,USA,LM,30-326,61,0,0,0,0,0,0,0,0,0,0,0,0,0,1,0,,,7650fbe4,0.0,0,0,0,0
USA-Major League Soccer,2026,2026-08-22 Nashville SC-Columbus Crew,Nashville SC,Andy Najar,31,HON,RB,33-159,90,1,0,0,0,1,1,0,0,2,0,1,0,2,1,0,,,7650fbe4,0.0,1,1,1,0
USA-Major League Soccer,2026,2026-08-22 Nashville SC-Columbus Crew,Nashville SC,Brian Schwake,99,USA,GK,24-363,90,0,0,0,0,0,0,0,0,0,0,0,0,0,0,0,,,7650fbe4,0.0,0,0,0,0
USA-Major League Soccer,2026,2026-08-22 Nashville SC-Columbus Crew,Nashville SC,Bryan Acosta,6,HON,MF,32-271,3,0,0,0,0,0,0,0,0,0,0,0,0,0,0,0,,,7650fbe4,0.0,0,0,0,0
USA-Major League Soccer,2026,2026-08-22 Nashville SC-Columbus Crew,Nashville SC,Cristian Espinoza,7,ARG,RM,31-141,87,0,0,0,0,1,1,0,0,1,2,0,8,1,0,0,,,7650fbe4,0.0,1,1,0,0
USA-Major League Soccer,2026,2026-08-22 Nashville SC-Columbus Crew,Nashville SC,Daniel Lovitz,2,USA,LB,34-360,61,0,1,0,0,0,0,1,0,0,0,0,1,1,0,0,,,7650fbe4,0.0,0,0,0,1
USA-Major League Soccer,2026,2026-08-22 Nashville SC-Columbus Crew,Nashville SC,Edvard Sandvik Tagseth,20,NOR,MF,25-211,29,0,0,0,0,0,0,0,0,2,0,0,0,2,0,0,,,7650fbe4,0.0,0,0,0,0
USA-Major League Soccer,2026,2026-08-22 Nashville SC-Columbus Crew,Nashville SC,Elias Saad,11,TUN,"FW,MF",26-238,29,0,0,0,0,1,0,0,0,0,1,0,1,0,0,0,,,7650fbe4,0.0,1,0,0,0
USA-Major League Soccer,2026,2026-08-22 Nashville SC-Columbus Crew,Nashville SC,Hany Mukhtar,10,GER,FW,31-154,90,1,1,0,0,3,1,0,0,0,1,0,1,0,1,0,,,7650fbe4,0.0,3,1,1,1
USA-Major League Soccer,2026,2026-08-22 Nashville SC-Columbus Crew,Nashville SC,Jeison Palacios,4,COL,CB,32-155,90,0,1,0,0,1,1,0,0,0,0,0,0,1,0,0,,,7650fbe4,0.0,1,1,0,1
USA-Major League Soccer,2026,2026-08-22 Nashville SC-Columbus Crew,Nashville SC,Matthew Corcoran,16,USA,CM,20-186,87,0,0,0,0,2,1,0,0,0,0,0,0,2,1,0,,,7650fbe4,0.0,2,1,0,0
USA-Major League Soccer,2026,2026-08-22 Nashville SC-Columbus Crew,Nashville SC,Maxwell Woledzi,3,GHA,CB,25-051,90,0,0,0,0,0,0,0,0,0,1,0,0,2,2,0,,,7650fbe4,0.0,0,0,0,0
USA-Major League Soccer,2026,2026-08-22 Nashville SC-Columbus Crew,Nashville SC,Patrick Yazbek,8,AUS,CM,24-139,61,0,0,0,0,1,0,0,0,1,2,0,0,0,0,0,,,7650fbe4,0.0,1,0,0,0
USA-Major League Soccer,2026,2026-08-22 Nashville SC-Columbus Crew,Nashville SC,Reed Baker-Whiting,27,USA,DF,21-144,29,1,0,0,0,1,1,0,0,1,0,0,1,0,0,0,,,7650fbe4,0.0,1,1,1,0
USA-Major League Soccer,2026,2026-08-22 Nashville SC-Columbus Crew,Nashville SC,Sam Surridge,9,ENG,FW,28-025,90,0,0,0,0,2,0,0,0,1,0,0,0,0,0,0,,,7650fbe4,0.0,2,0,0,0
USA-Major League Soccer,2026,2026-08-22 Nashville SC-Columbus Crew,Nashville SC,Shakur Mohammed,14,GHA,MF,22-360,3,0,0,0,0,0,0,0,0,0,0,0,1,0,0,0,,,7650fbe4,0.0,0,0,0,0
USA-Major League Soccer,2026,2026-08-22 Orlando City-Real Salt Lake,Orlando City,Antoine Griezmann,7,FRA,AM,35-154,90,2,0,0,0,5,2,0,0,1,0,0,8,0,0,0,,,131100cc,0.0,5,2,2,0
USA-Major League Soccer,2026,2026-08-22 Orlando City-Real Salt Lake,Orlando City,Daryl Dike,9,USA,FW,26-080,45,0,0,0,0,1,1,0,0,2,1,0,1,0,0,0,,,131100cc,0.0,1,1,0,0
USA-Major League Soccer,2026,2026-08-22 Orlando City-Real Salt Lake,Orlando City,David Brekalo,4,SVN,CB,27-262,90,0,0,0,0,0,0,0,0,2,0,0,0,0,0,0,,,131100cc,0.0,0,0,0,0
USA-Major League Soccer,2026,2026-08-22 Orlando City-Real Salt Lake,Orlando City,Eduard Atuesta,20,COL,DM,29-065,84,0,0,0,0,0,0,1,0,2,1,0,1,0,0,0,,,131100cc,0.0,0,0,0,0
USA-Major League Soccer,2026,2026-08-22 Orlando City-Real Salt Lake,Orlando City,Griffin Dorsey,24,USA,RB,27-170,90,0,0,0,0,0,0,0,0,0,2,0,5,1,1,0,,,131100cc,0.0,0,0,0,0
USA-Major League Soccer,2026,2026-08-22 Orlando City-Real Salt Lake,Orlando City,Iván Angulo,77,COL,AM,27-153,90,0,0,0,0,0,0,0,0,1,1,0,0,1,0,0,,,131100cc,0.0,0,0,0,0
USA-Major League Soccer,2026,2026-08-22 Orlando City-Real Salt Lake,Orlando City,Joran Gerbet,35,FRA,MF,25-053,45,0,0,0,0,0,0,0,0,0,1,0,0,0,0,0,,,131100cc,0.0,0,0,0,0
USA-Major League Soccer,2026,2026-08-22 Orlando City-Real Salt Lake,Orlando City,Justin Ellis,22,USA,FW,19-100,45,0,0,0,0,2,0,0,0,0,1,0,4,0,0,0,,,131100cc,0.0,2,0,0,0
USA-Major League Soccer,2026,2026-08-22 Orlando City-Real Salt Lake,Orlando City,Luis Otávio,5,BRA,DM,19-132,45,0,0,0,0,0,0,0,0,1,0,0,0,1,0,0,,,131100cc,0.0,0,0,0,0
USA-Major League Soccer,2026,2026-08-22 Orlando City-Real Salt Lake,Orlando City,Marco Pašalić,87,CRO,FW,25-342,45,0,0,0,0,0,0,0,0,0,0,0,2,0,0,0,,,131100cc,0.0,0,0,0,0
USA-Major League Soccer,2026,2026-08-22 Orlando City-Real Salt Lake,Orlando City,Maxime Crépeau,71,CAN,GK,32-103,90,0,0,0,0,0,0,0,0,0,0,0,0,0,0,0,,,131100cc,0.0,0,0,0,0
USA-Major League Soccer,2026,2026-08-22 Orlando City-Real Salt Lake,Orlando City,Robin Jansson,6,SWE,CB,34-280,90,0,0,0,0,0,0,0,0,0,1,0,0,0,0,0,,,131100cc,0.0,0,0,0,0
USA-Major League Soccer,2026,2026-08-22 Orlando City-Real Salt Lake,Orlando City,Tiago,11,BRA,AM,21-136,45,0,0,0,0,0,0,0,0,1,2,1,3,1,0,0,,,131100cc,0.0,0,0,0,0
USA-Major League Soccer,2026,2026-08-22 Orlando City-Real Salt Lake,Orlando City,Tyrese Spicer,14,TRI,MF,25-261,22,0,0,0,0,1,0,0,0,0,1,0,1,0,0,0,,,131100cc,0.0,1,0,0,0
USA-Major League Soccer,2026,2026-08-22 Orlando City-Real Salt Lake,Orlando City,Wilder Cartagena,16,PER,MF,31-333,6,0,0,0,0,0,0,0,0,1,0,0,0,1,0,0,,,131100cc,0.0,0,0,0,0
USA-Major League Soccer,2026,2026-08-22 Orlando City-Real Salt Lake,Orlando City,Zakaria Taifi,19,USA,LB,20-325,68,0,0,0,0,2,0,0,0,1,2,0,0,0,1,0,,,131100cc,0.0,2,0,0,0
USA-Major League Soccer,2026,2026-08-22 Orlando City-Real Salt Lake,Real Salt Lake,Aiden Hezarkhani,39,USA,CM,19-055,60,0,0,0,0,0,0,0,0,0,1,0,2,0,1,0,,,131100cc,0.0,0,0,0,0
USA-Major League Soccer,2026,2026-08-22 Orlando City-Real Salt Lake,Real Salt Lake,Alexandros Katranis,98,GRE,LM,28-110,76,0,0,0,0,1,0,1,0,2,0,1,1,0,1,0,,,131100cc,0.0,1,0,0,0
USA-Major League Soccer,2026,2026-08-22 Orlando City-Real Salt Lake,Real Salt Lake,Diego Luna,10,USA,MF,22-349,30,0,0,0,0,1,0,0,0,0,2,0,3,1,0,0,,,131100cc,0.0,1,0,0,0
USA-Major League Soccer,2026,2026-08-22 Orlando City-Real Salt Lake,Real Salt Lake,Dominik Marczuk,11,POL,RM,22-294,60,1,0,0,0,3,3,0,0,3,0,1,0,2,0,0,,,131100cc,0.0,3,3,1,0
USA-Major League Soccer,2026,2026-08-22 Orlando City-Real Salt Lake,Real Salt Lake,Juan Arias,21,COL,CB,22-226,90,0,0,0,0,0,0,0,0,0,0,0,0,1,1,0,,,131100cc,0.0,0,0,0,0
USA-Major League Soccer,2026,2026-08-22 Orlando City-Real Salt Lake,Real Salt Lake,Juan Manuel Sanabria,8,URU,"DF,MF",26-146,14,0,0,0,0,0,0,0,0,0,0,0,3,0,0,0,,,131100cc,0.0,0,0,0,0
USA-Major League Soccer,2026,2026-08-22 Orlando City-Real Salt Lake,Real Salt Lake,Kobi Henry,3,TRI,CB,22-118,90,0,0,0,0,0,0,1,0,4,1,1,0,0,1,0,,,131100cc,0.0,0,0,0,0
USA-Major League Soccer,2026,2026-08-22 Orlando City-Real Salt Lake,Real Salt Lake,Lineker Rodrigues dos Santos,70,BRA,FW,24-163,90,0,0,0,0,0,0,1,0,2,1,1,1,0,0,0,,,131100cc,0.0,0,0,0,0
USA-Major League Soccer,2026,2026-08-22 Orlando City-Real Salt Lake,Real Salt Lake,Luca Moisa,34,USA,CM,18-124,65,0,0,0,0,0,0,0,0,0,3,0,1,3,1,0,,,131100cc,0.0,0,0,0,0
USA-Major League Soccer,2026,2026-08-22 Orlando City-Real Salt Lake,Real Salt Lake,Mason Stajduhar,31,USA,GK,28-263,90,0,0,0,0,0,0,0,0,0,0,0,0,0,0,0,,,131100cc,0.0,0,0,0,0
USA-Major League Soccer,2026,2026-08-22 Orlando City-Real Salt Lake,Real Salt Lake,Morgan Guilavogui,9,GUI,"FW,MF",28-165,29,0,0,0,0,1,0,0,0,1,0,1,0,0,0,0,,,131100cc,0.0,1,0,0,0
USA-Major League Soccer,2026,2026-08-22 Orlando City-Real Salt Lake,Real Salt Lake,Noel Caliskan,92,GER,MF,25-358,25,0,0,0,0,0,0,0,0,0,0,0,0,2,0,0,,,131100cc,0.0,0,0,0,0
USA-Major League Soccer,2026,2026-08-22 Orlando City-Real Salt Lake,Real Salt Lake,Pablo Ruíz,7,ARG,CM,27-245,90,0,0,0,0,1,0,0,0,1,0,0,0,1,1,0,,,131100cc,0.0,1,0,0,0
USA-Major League Soccer,2026,2026-08-22 Orlando City-Real Salt Lake,Real Salt Lake,Saba Lobzhanidze,12,GEO,"FW,MF",31-247,30,0,0,0,0,0,0,0,0,0,0,0,2,0,0,0,,,131100cc,0.0,0,0,0,0
USA-Major League Soccer,2026,2026-08-22 Orlando City-Real Salt Lake,Real Salt Lake,Sam Junqua,29,USA,CB,29-286,90,0,1,0,0,1,0,0,0,1,2,0,1,1,1,0,,,131100cc,0.0,1,0,0,1
USA-Major League Soccer,2026,2026-08-22 Orlando City-Real Salt Lake,Real Salt Lake,Victor Olatunji,17,NGA,FW,26-351,61,0,0,0,0,0,0,0,0,0,2,2,0,0,2,0,,,131100cc,0.0,0,0,0,0
USA-Major League Soccer,2026,2026-08-22 RB New York-Chicago Fire,Chicago Fire,Anton Salétros,6,SWE,MF,30-132,26,0,0,0,0,0,0,0,0,0,0,0,0,1,0,0,,,2cb22b45,0.0,0,0,0,0
USA-Major League Soccer,2026,2026-08-22 RB New York-Chicago Fire,Chicago Fire,Chris Brady,1,USA,GK,22-172,90,0,0,0,0,0,0,0,0,0,0,0,0,0,0,0,,,2cb22b45,0.0,0,0,0,0
USA-Major League Soccer,2026,2026-08-22 RB New York-Chicago Fire,Chicago Fire,Innocent Dje,42,CIV,MF,23-109,5,0,0,0,0,0,0,0,0,0,1,0,0,0,0,0,,,2cb22b45,0.0,0,0,0,0
USA-Major League Soccer,2026,2026-08-22 RB New York-Chicago Fire,Chicago Fire,Jack Elliott,3,ENG,DF,30-362,4,0,0,0,0,0,0,0,0,0,0,0,0,0,0,0,,,2cb22b45,0.0,0,0,0,0
USA-Major League Soccer,2026,2026-08-22 RB New York-Chicago Fire,Chicago Fire,Joel Waterman,16,CAN,CB,30-210,90,0,0,0,0,0,0,1,0,1,0,0,0,0,1,0,,,2cb22b45,0.0,0,0,0,0
USA-Major League Soccer,2026,2026-08-22 RB New York-Chicago Fire,Chicago Fire,Jonathan Bamba,19,CIV,FW,30-149,86,0,0,0,0,4,2,0,0,2,2,0,0,1,1,0,,,2cb22b45,0.0,4,2,0,0
USA-Major League Soccer,2026,2026-08-22 RB New York-Chicago Fire,Chicago Fire,Jonathan Dean,24,USA,"DF,MF",29-099,14,0,0,0,0,0,0,0,0,0,0,0,1,0,0,0,,,2cb22b45,0.0,0,0,0,0
USA-Major League Soccer,2026,2026-08-22 RB New York-Chicago Fire,Chicago Fire,Leonardo Barroso,2,POR,RB,21-071,90,0,0,0,0,0,0,1,0,2,0,0,0,1,1,0,,,2cb22b45,0.0,0,0,0,0
USA-Major League Soccer,2026,2026-08-22 RB New York-Chicago Fire,Chicago Fire,Maren Haile-Selassie,7,SUI,CM,27-162,90,1,0,0,0,3,2,0,0,0,1,0,2,0,2,0,,,2cb22b45,0.0,3,2,1,0
USA-Major League Soccer,2026,2026-08-22 RB New York-Chicago Fire,Chicago Fire,Mauricio Pineda,22,USA,CM,28-309,85,0,0,0,0,0,0,0,0,0,0,0,0,1,1,0,,,2cb22b45,0.0,0,0,0,0
USA-Major League Soccer,2026,2026-08-22 RB New York-Chicago Fire,Chicago Fire,Philip Zinckernagel,11,DEN,FW,31-249,64,0,0,0,0,1,0,0,0,1,1,0,5,1,0,0,,,2cb22b45,0.0,1,0,0,0
USA-Major League Soccer,2026,2026-08-22 RB New York-Chicago Fire,Chicago Fire,Puso Dithejane,12,RSA,MF,22-072,4,0,0,0,0,0,0,0,0,0,0,0,0,0,0,0,,,2cb22b45,0.0,0,0,0,0
USA-Major League Soccer,2026,2026-08-22 RB New York-Chicago Fire,Chicago Fire,Robert Lewandowski,9,POL,FW,38-001,26,0,0,0,0,0,0,0,0,0,0,0,0,0,0,0,,,2cb22b45,0.0,0,0,0,0
USA-Major League Soccer,2026,2026-08-22 RB New York-Chicago Fire,Chicago Fire,Robin Lod,17,FIN,FW,33-127,86,0,0,0,0,1,1,0,0,2,2,0,0,2,1,0,,,2cb22b45,0.0,1,1,0,0
USA-Major League Soccer,2026,2026-08-22 RB New York-Chicago Fire,Chicago Fire,Sam Rogers,5,USA,CB,27-097,90,0,0,0,0,0,0,0,0,1,1,0,0,0,2,0,,,2cb22b45,0.0,0,0,0,0
USA-Major League Soccer,2026,2026-08-22 RB New York-Chicago Fire,Chicago Fire,Samuel Williams,47,USA,CM,21-157,64,0,0,0,0,0,0,0,0,0,0,0,0,0,0,0,,,2cb22b45,0.0,0,0,0,0
USA-Major League Soccer,2026,2026-08-22 RB New York-Chicago Fire,Chicago Fire,Viktor Radojevic,14,SRB,LB,22-039,76,0,1,0,0,0,0,0,0,1,1,1,3,1,3,0,,,2cb22b45,0.0,0,0,0,1
USA-Major League Soccer,2026,2026-08-22 RB New York-Chicago Fire,Red Bull New York,Adri Mehmeti,15,USA,CM,17-138,90,0,0,0,0,2,0,0,0,0,0,0,0,1,4,0,,,2cb22b45,0.0,2,0,0,0
USA-Major League Soccer,2026,2026-08-22 RB New York-Chicago Fire,Red Bull New York,Cade Cowell,7,USA,FW,22-312,45,0,0,0,0,0,0,0,0,1,0,0,0,0,0,0,,,2cb22b45,0.0,0,0,0,0
USA-Major League Soccer,2026,2026-08-22 RB New York-Chicago Fire,Red Bull New York,Cameron Harper,17,USA,"DF,MF",24-276,6,1,0,0,0,1,1,0,0,0,0,0,1,0,0,0,,,2cb22b45,0.0,1,1,1,0
USA-Major League Soccer,2026,2026-08-22 RB New York-Chicago Fire,Red Bull New York,Dylan Nealis,12,USA,RB,28-023,55,0,0,0,0,0,0,0,0,1,1,0,1,1,1,0,,,2cb22b45,0.0,0,0,0,0
USA-Major League Soccer,2026,2026-08-22 RB New York-Chicago Fire,Red Bull New York,Emil Forsberg,10,SWE,CM,34-303,56,0,0,0,0,0,0,0,0,0,0,0,0,0,0,0,,,2cb22b45,0.0,0,0,0,0
USA-Major League Soccer,2026,2026-08-22 RB New York-Chicago Fire,Red Bull New York,Eric Maxim Choupo-Moting,13,CMR,"FW,MF",37-152,34,0,1,0,0,2,1,0,0,0,0,0,2,0,0,0,,,2cb22b45,0.0,2,1,0,1
USA-Major League Soccer,2026,2026-08-22 RB New York-Chicago Fire,Red Bull New York,Ethan Horvath,34,USA,GK,31-074,90,0,0,0,0,0,0,0,0,0,0,0,0,0,0,0,,,2cb22b45,0.0,0,0,0,0
USA-Major League Soccer,2026,2026-08-22 RB New York-Chicago Fire,Red Bull New York,Jahkeele Marshall-Rutty,3,CAN,"DF,MF",22-067,45,0,0,0,0,0,0,0,0,0,0,0,3,1,0,0,,,2cb22b45,0.0,0,0,0,0
USA-Major League Soccer,2026,2026-08-22 RB New York-Chicago Fire,Red Bull New York,Jorge Ruvalcaba,11,MEX,"FW,MF",25-030,45,0,0,0,0,1,0,0,0,0,0,1,0,0,0,0,,,2cb22b45,0.0,1,0,0,0
USA-Major League Soccer,2026,2026-08-22 RB New York-Chicago Fire,Red Bull New York,Julian Hall,16,USA,FW,18-151,84,0,0,0,0,1,0,0,0,0,4,1,0,1,1,0,,,2cb22b45,0.0,1,0,0,0
USA-Major League Soccer,2026,2026-08-22 RB New York-Chicago Fire,Red Bull New York,Julián Bazán,14,COL,CB,20-270,90,0,0,0,0,0,0,0,0,0,1,0,0,4,1,0,,,2cb22b45,0.0,0,0,0,0
USA-Major League Soccer,2026,2026-08-22 RB New York-Chicago Fire,Red Bull New York,Justin Che,2,USA,CB,22-277,90,0,0,0,0,0,0,0,0,2,0,0,0,1,3,0,,,2cb22b45,0.0,0,0,0,0
USA-Major League Soccer,2026,2026-08-22 RB New York-Chicago Fire,Red Bull New York,Matthew Dos Santos,56,USA,LB,18-078,45,0,0,0,0,0,0,0,0,1,0,0,2,1,2,0,,,2cb22b45,0.0,0,0,0,0
USA-Major League Soccer,2026,2026-08-22 RB New York-Chicago Fire,Red Bull New York,Mijahir Jiménez,91,PAN,FW,19-147,45,0,0,0,0,0,0,0,0,1,0,0,0,0,0,0,,,2cb22b45,0.0,0,0,0,0
USA-Major League Soccer,2026,2026-08-22 RB New York-Chicago Fire,Red Bull New York,Mohammed Sofo,37,GHA,MF,21-265,45,0,0,0,0,2,2,1,0,2,1,0,1,2,0,0,,,2cb22b45,0.0,2,2,0,0
USA-Major League Soccer,2026,2026-08-22 RB New York-Chicago Fire,Red Bull New York,Omar Valencia,5,PAN,DF,22-075,35,0,0,0,0,1,1,0,0,1,0,0,2,1,0,0,,,2cb22b45,0.0,1,1,0,0
USA-Major League Soccer,2026,2026-08-22 RB New York-Chicago Fire,Red Bull New York,Ronald Donkor,48,GHA,CM,21-275,90,0,0,0,0,1,1,0,0,1,3,0,0,0,1,0,,,2cb22b45,0.0,1,1,0,0
USA-Major League Soccer,2026,2026-08-22 SJ Earthquakes-Minnesota Utd,Minnesota United,Anthony Markanich,13,PHI,DM,26-239,85,0,1,0,0,1,0,0,0,2,4,0,2,2,1,0,,,39943629,0.0,1,0,0,1
USA-Major League Soccer,2026,2026-08-22 SJ Earthquakes-Minnesota Utd,Minnesota United,Carlos Harvey,67,PAN,"DF,MF",26-200,8,0,0,0,0,0,0,0,0,1,0,0,0,0,0,0,,,39943629,0.0,0,0,0,0
USA-Major League Soccer,2026,2026-08-22 SJ Earthquakes-Minnesota Utd,Minnesota United,Devin Padelford,2,USA,DF,23-231,5,0,0,0,0,0,0,0,0,0,0,0,0,0,0,0,,,39943629,0.0,0,0,0,0
USA-Major League Soccer,2026,2026-08-22 SJ Earthquakes-Minnesota Utd,Minnesota United,Drake Callender,12,USA,GK,28-319,90,0,0,0,0,0,0,0,0,0,0,0,0,0,0,0,,,39943629,0.0,0,0,0,0
USA-Major League Soccer,2026,2026-08-22 SJ Earthquakes-Minnesota Utd,Minnesota United,Jefferson Díaz,28,COL,CB,25-260,90,0,0,0,0,0,0,0,0,3,2,1,0,1,3,0,,,39943629,0.0,0,0,0,0
USA-Major League Soccer,2026,2026-08-22 SJ Earthquakes-Minnesota Utd,Minnesota United,Joaquín Pereyra,26,ARG,AM,27-264,90,1,1,0,0,2,1,0,0,1,0,1,4,1,0,0,,,39943629,0.0,2,1,1,1
USA-Major League Soccer,2026,2026-08-22 SJ Earthquakes-Minnesota Utd,Minnesota United,Kelvin Yeboah,9,ITA,FW,26-108,82,2,0,0,0,5,4,0,0,0,0,0,1,0,0,0,,,39943629,0.0,5,4,2,0
USA-Major League Soccer,2026,2026-08-22 SJ Earthquakes-Minnesota Utd,Minnesota United,Kyle Duncan,3,USA,DM,29-014,90,0,2,0,0,0,0,0,0,0,2,0,0,3,1,0,,,39943629,0.0,0,0,0,2
USA-Major League Soccer,2026,2026-08-22 SJ Earthquakes-Minnesota Utd,Minnesota United,Marcus Caldeira,22,CAN,FW,21-312,76,1,0,0,0,1,1,0,0,0,1,1,0,0,0,0,,,39943629,0.0,1,1,1,0
USA-Major League Soccer,2026,2026-08-22 SJ Earthquakes-Minnesota Utd,Minnesota United,Mauricio Gonzalez,18,,MF,,8,1,0,0,0,1,1,0,0,0,0,0,0,1,0,0,,,39943629,0.0,1,1,1,0
USA-Major League Soccer,2026,2026-08-22 SJ Earthquakes-Minnesota Utd,Minnesota United,Michael Boxall,15,NZL,CB,38-004,90,0,0,0,0,1,0,0,0,2,2,0,1,0,1,0,,,39943629,0.0,1,0,0,0
USA-Major League Soccer,2026,2026-08-22 SJ Earthquakes-Minnesota Utd,Minnesota United,Morris Duggan,23,GER,CB,25-302,90,0,0,0,0,0,0,0,0,0,0,0,0,4,3,0,,,39943629,0.0,0,0,0,0
USA-Major League Soccer,2026,2026-08-22 SJ Earthquakes-Minnesota Utd,Minnesota United,Nectarios Triantis,25,GRE,"DF,MF",23-103,14,0,0,0,0,0,0,0,0,0,1,0,0,1,0,0,,,39943629,0.0,0,0,0,0
USA-Major League Soccer,2026,2026-08-22 SJ Earthquakes-Minnesota Utd,Minnesota United,Owen Géne,30,FRA,DM,23-156,76,0,1,0,0,0,0,0,0,5,0,0,0,2,1,0,,,39943629,0.0,0,0,0,1
USA-Major League Soccer,2026,2026-08-22 SJ Earthquakes-Minnesota Utd,Minnesota United,Tomás Chancalay,8,ARG,"FW,MF",27-233,14,0,0,0,0,0,0,0,0,0,1,0,0,0,0,0,,,39943629,0.0,0,0,0,0
USA-Major League Soccer,2026,2026-08-22 SJ Earthquakes-Minnesota Utd,Minnesota United,Wil Trapp,20,USA,DM,33-219,82,0,0,0,0,0,0,0,0,1,1,0,0,2,0,0,,,39943629,0.0,0,0,0,0
USA-Major League Soccer,2026,2026-08-22 SJ Earthquakes-Minnesota Utd,San Jose Earthquakes,Angus Gunn,1,SCO,GK,30-212,90,0,0,0,0,0,0,0,0,0,0,0,0,0,0,0,,,39943629,0.0,0,0,0,0
USA-Major League Soccer,2026,2026-08-22 SJ Earthquakes-Minnesota Utd,San Jose Earthquakes,Beau Leroux,34,USA,DM,22-356,90,0,0,0,0,1,0,0,0,1,1,0,1,1,1,0,,,39943629,0.0,1,0,0,0
USA-Major League Soccer,2026,2026-08-22 SJ Earthquakes-Minnesota Utd,San Jose Earthquakes,Benjamin Kikanovic,28,USA,RB,26-228,90,0,0,0,0,0,0,1,0,2,2,0,2,2,0,0,,,39943629,0.0,0,0,0,0
USA-Major League Soccer,2026,2026-08-22 SJ Earthquakes-Minnesota Utd,San Jose Earthquakes,Daniel Munie,5,USA,CB,26-193,90,0,0,0,0,1,0,0,0,0,0,0,0,3,4,0,,,39943629,0.0,1,0,0,0
USA-Major League Soccer,2026,2026-08-22 SJ Earthquakes-Minnesota Utd,San Jose Earthquakes,Darius Johnson,79,GRN,MF,26-160,34,0,0,0,0,0,0,0,0,0,1,0,1,0,0,0,,,39943629,0.0,0,0,0,0
USA-Major League Soccer,2026,2026-08-22 SJ Earthquakes-Minnesota Utd,San Jose Earthquakes,Ian Harkes,6,USA,MF,31-145,45,0,0,0,0,0,0,0,0,0,0,0,1,0,1,0,,,39943629,0.0,0,0,0,0
USA-Major League Soccer,2026,2026-08-22 SJ Earthquakes-Minnesota Utd,San Jose Earthquakes,Jamar Ricketts,2,USA,DF,24-302,13,0,0,0,0,0,0,0,0,0,0,0,0,0,0,0,,,39943629,0.0,0,0,0,0
USA-Major League Soccer,2026,2026-08-22 SJ Earthquakes-Minnesota Utd,San Jose Earthquakes,Jonathan González,40,MEX,DM,27-131,45,0,0,0,0,0,0,0,0,1,1,0,0,1,0,0,,,39943629,0.0,0,0,0,0
USA-Major League Soccer,2026,2026-08-22 SJ Earthquakes-Minnesota Utd,San Jose Earthquakes,Nick Fernandez,20,USA,MF,24-243,25,0,0,0,0,1,1,0,0,1,2,0,1,1,1,0,,,39943629,0.0,1,1,0,0
USA-Major League Soccer,2026,2026-08-22 SJ Earthquakes-Minnesota Utd,San Jose Earthquakes,Niko Tsakiris,10,USA,AM,21-064,65,0,0,0,0,0,0,0,0,0,2,0,3,1,0,0,,,39943629,0.0,0,0,0,0
USA-Major League Soccer,2026,2026-08-22 SJ Earthquakes-Minnesota Utd,San Jose Earthquakes,Ousseni Bouda,7,BFA,AM,26-116,65,0,0,0,0,2,2,0,0,3,0,0,3,0,0,0,,,39943629,0.0,2,2,0,0
USA-Major League Soccer,2026,2026-08-22 SJ Earthquakes-Minnesota Utd,San Jose Earthquakes,Paul Marie,3,FRA,"DF,MF",31-151,25,0,0,0,0,0,0,0,0,0,0,0,1,0,0,0,,,39943629,0.0,0,0,0,0
USA-Major League Soccer,2026,2026-08-22 SJ Earthquakes-Minnesota Utd,San Jose Earthquakes,Preston Judd,19,USA,FW,27-086,90,0,0,0,0,1,1,0,0,2,2,0,0,0,0,0,,,39943629,0.0,1,1,0,0
USA-Major League Soccer,2026,2026-08-22 SJ Earthquakes-Minnesota Utd,San Jose Earthquakes,Reid Roberts,18,USA,CB,22-256,90,0,0,0,0,1,0,0,0,1,0,0,0,2,1,0,,,39943629,0.0,1,0,0,0
USA-Major League Soccer,2026,2026-08-22 SJ Earthquakes-Minnesota Utd,San Jose Earthquakes,Timo Werner,11,GER,AM,30-169,56,1,0,1,1,4,2,0,0,2,1,0,4,0,0,0,,,39943629,0.0,4,2,1,0
USA-Major League Soccer,2026,2026-08-22 SJ Earthquakes-Minnesota Utd,San Jose Earthquakes,Vitor Costa,87,BRA,LB,32-052,77,0,0,0,0,0,0,0,0,1,1,0,0,3,2,0,,,39943629,0.0,0,0,0,0
USA-Major League Soccer,2026,2026-08-22 San Diego FC-Colorado Rapids,Colorado Rapids,Alex Harris,16,USA,FW,21-187,31,0,0,0,0,0,0,1,0,2,1,0,1,2,1,0,,,36bd9c7a,0.0,0,0,0,0
USA-Major League Soccer,2026,2026-08-22 San Diego FC-Colorado Rapids,Colorado Rapids,Dante Sealy,7,TRI,FW,23-127,45,0,0,0,0,1,0,0,0,1,2,0,0,0,0,0,,,36bd9c7a,0.0,1,0,0,0
USA-Major League Soccer,2026,2026-08-22 San Diego FC-Colorado Rapids,Colorado Rapids,Darren Yapi,77,USA,FW,21-276,45,0,0,0,0,0,0,0,0,0,1,0,2,0,0,0,,,36bd9c7a,0.0,0,0,0,0
USA-Major League Soccer,2026,2026-08-22 San Diego FC-Colorado Rapids,Colorado Rapids,Georgi Minoungou,93,BFA,FW,24-028,59,0,0,0,0,1,0,0,0,1,2,0,2,0,0,0,,,36bd9c7a,0.0,1,0,0,0
USA-Major League Soccer,2026,2026-08-22 San Diego FC-Colorado Rapids,Colorado Rapids,Hamzat Ojediran,8,NGA,CM,22-281,45,0,0,0,0,1,0,0,0,2,0,0,0,0,0,0,,,36bd9c7a,0.0,1,0,0,0
USA-Major League Soccer,2026,2026-08-22 San Diego FC-Colorado Rapids,Colorado Rapids,Joshua Atencio,12,USA,CM,24-203,45,0,0,0,0,0,0,0,0,1,0,0,0,1,1,0,,,36bd9c7a,0.0,0,0,0,0
USA-Major League Soccer,2026,2026-08-22 San Diego FC-Colorado Rapids,Colorado Rapids,Keegan Rosenberry,2,USA,"DF,MF",32-254,16,0,0,0,0,0,0,1,0,1,0,0,2,0,1,0,,,36bd9c7a,0.0,0,0,0,0
USA-Major League Soccer,2026,2026-08-22 San Diego FC-Colorado Rapids,Colorado Rapids,Kosi Thompson,33,CAN,LB,23-207,90,0,0,0,0,2,0,0,0,0,3,0,0,0,1,0,,,36bd9c7a,0.0,2,0,0,0
USA-Major League Soccer,2026,2026-08-22 San Diego FC-Colorado Rapids,Colorado Rapids,Loïc Williams,5,ESP,CB,24-227,90,0,0,0,0,1,1,0,0,2,0,0,0,2,0,0,,,36bd9c7a,0.0,1,1,0,0
USA-Major League Soccer,2026,2026-08-22 San Diego FC-Colorado Rapids,Colorado Rapids,Nicholas Hansen,41,DEN,GK,25-043,90,0,0,0,0,0,0,0,0,0,0,0,0,1,0,0,,,36bd9c7a,0.0,0,0,0,0
USA-Major League Soccer,2026,2026-08-22 San Diego FC-Colorado Rapids,Colorado Rapids,Paxten Aaronson,10,USA,CM,22-361,90,0,0,0,0,2,1,0,0,4,0,2,3,3,2,0,,,36bd9c7a,0.0,2,1,0,0
USA-Major League Soccer,2026,2026-08-22 San Diego FC-Colorado Rapids,Colorado Rapids,Rafael Navarro,9,BRA,FW,26-130,90,0,0,0,0,1,0,0,0,1,3,0,0,2,0,0,,,36bd9c7a,0.0,1,0,0,0
USA-Major League Soccer,2026,2026-08-22 San Diego FC-Colorado Rapids,Colorado Rapids,Reggie Cannon,4,USA,RB,28-072,74,0,0,0,0,0,0,1,0,2,1,0,1,1,2,0,,,36bd9c7a,0.0,0,0,0,0
USA-Major League Soccer,2026,2026-08-22 San Diego FC-Colorado Rapids,Colorado Rapids,Rob Holding,6,ENG,CB,30-336,90,0,0,0,0,0,0,0,0,1,0,0,0,4,5,0,,,36bd9c7a,0.0,0,0,0,0
USA-Major League Soccer,2026,2026-08-22 San Diego FC-Colorado Rapids,Colorado Rapids,Wayne Frederick,13,TRI,MF,22-070,45,0,0,0,0,0,0,0,0,1,0,0,0,1,1,0,,,36bd9c7a,0.0,0,0,0,0
USA-Major League Soccer,2026,2026-08-22 San Diego FC-Colorado Rapids,Colorado Rapids,Youssef Maziz,88,FRA,"FW,MF",28-059,45,0,0,0,0,0,0,0,0,2,0,0,4,0,0,0,,,36bd9c7a,0.0,0,0,0,0
USA-Major League Soccer,2026,2026-08-22 San Diego FC-Colorado Rapids,San Diego FC,Alejandro Alvarado Jr.,70,USA,MF,23-024,1,0,0,0,0,0,0,0,0,0,0,0,0,0,0,0,,,36bd9c7a,0.0,0,0,0,0
USA-Major League Soccer,2026,2026-08-22 San Diego FC-Colorado Rapids,San Diego FC,Amahl Pellegrino,90,NOR,"FW,MF",36-065,23,0,0,0,0,0,0,0,0,0,0,0,0,0,0,0,,,36bd9c7a,0.0,0,0,0,0
USA-Major League Soccer,2026,2026-08-22 San Diego FC-Colorado Rapids,San Diego FC,Anders Dreyer,10,DEN,RM,28-112,90,0,0,0,0,1,0,0,0,1,1,1,2,0,1,0,,,36bd9c7a,0.0,1,0,0,0
USA-Major League Soccer,2026,2026-08-22 San Diego FC-Colorado Rapids,San Diego FC,Aníbal Godoy,20,PAN,CM,36-193,90,0,0,0,0,0,0,0,0,3,2,0,0,1,2,0,,,36bd9c7a,0.0,0,0,0,0
USA-Major League Soccer,2026,2026-08-22 San Diego FC-Colorado Rapids,San Diego FC,C.J. dos Santos,1,CPV,GK,25-363,90,0,0,0,0,0,0,0,0,0,0,0,0,0,0,0,,,36bd9c7a,0.0,0,0,0,0
USA-Major League Soccer,2026,2026-08-22 San Diego FC-Colorado Rapids,San Diego FC,Christopher McVey,97,SWE,DF,29-132,1,0,0,0,0,0,0,0,0,0,0,0,0,0,0,0,,,36bd9c7a,0.0,0,0,0,0
USA-Major League Soccer,2026,2026-08-22 San Diego FC-Colorado Rapids,San Diego FC,Elias Achouri,99,TUN,FW,27-193,67,1,0,0,0,2,1,0,0,1,3,1,0,0,0,0,,,36bd9c7a,0.0,2,1,1,0
USA-Major League Soccer,2026,2026-08-22 San Diego FC-Colorado Rapids,San Diego FC,Gabriel Pirani,12,BRA,LM,24-132,89,1,0,0,0,1,1,0,0,1,4,1,0,1,0,0,,,36bd9c7a,0.0,1,1,1,0
USA-Major League Soccer,2026,2026-08-22 San Diego FC-Colorado Rapids,San Diego FC,Ian Murphy,32,USA,CB,26-218,89,0,0,0,0,0,0,0,0,1,0,0,1,0,0,0,,,36bd9c7a,0.0,0,0,0,0
USA-Major League Soccer,2026,2026-08-22 San Diego FC-Colorado Rapids,San Diego FC,Jeppe Tverskov,6,DEN,CM,33-163,90,0,0,0,0,0,0,0,0,2,2,0,0,0,0,0,,,36bd9c7a,0.0,0,0,0,0
USA-Major League Soccer,2026,2026-08-22 San Diego FC-Colorado Rapids,San Diego FC,Lewis Morgan,9,SCO,"FW,MF",29-326,5,0,0,0,0,0,0,0,0,0,1,0,0,0,0,0,,,36bd9c7a,0.0,0,0,0,0
USA-Major League Soccer,2026,2026-08-22 San Diego FC-Colorado Rapids,San Diego FC,Luca Bombino,27,USA,LB,20-043,90,0,0,0,0,1,1,0,0,2,3,0,1,3,2,0,,,36bd9c7a,0.0,1,1,0,0
USA-Major League Soccer,2026,2026-08-22 San Diego FC-Colorado Rapids,San Diego FC,Manu Duah,26,GHA,CB,21-078,90,0,0,0,0,0,0,0,0,0,3,0,1,1,1,0,,,36bd9c7a,0.0,0,0,0,0
USA-Major League Soccer,2026,2026-08-22 San Diego FC-Colorado Rapids,San Diego FC,Marcus Ingvartsen,7,DEN,"FW,MF",30-230,19,0,1,0,0,0,0,0,0,0,0,0,0,0,0,0,,,36bd9c7a,0.0,0,0,0,1
USA-Major League Soccer,2026,2026-08-22 San Diego FC-Colorado Rapids,San Diego FC,Onni Valakari,8,FIN,FW,27-004,66,1,0,0,0,1,1,0,0,1,2,2,0,0,0,0,,,36bd9c7a,0.0,1,1,1,0
USA-Major League Soccer,2026,2026-08-22 San Diego FC-Colorado Rapids,San Diego FC,Oscar Verhoeven,33,USA,RB,20-083,90,0,0,0,0,0,0,0,0,1,0,1,0,1,0,0,,,36bd9c7a,0.0,0,0,0,0
USA-Major League Soccer,2026,2026-08-22 St. Louis City-Houston,Houston Dynamo,Agustín Bouzat,30,ARG,AM,32-147,86,0,0,0,0,2,0,1,0,2,1,0,1,1,0,0,,,daea8ef9,0.0,2,0,0,0
USA-Major League Soccer,2026,2026-08-22 St. Louis City-Houston,Houston Dynamo,Agustín Resch,34,ARG,CB,24-175,90,0,0,0,0,2,1,0,0,1,7,1,0,1,1,0,,,daea8ef9,0.0,2,1,0,0
USA-Major League Soccer,2026,2026-08-22 St. Louis City-Houston,Houston Dynamo,Aliyu Ibrahim,24,NGA,"FW,MF",24-218,34,1,0,0,0,1,1,0,0,0,0,0,0,1,0,0,,,daea8ef9,0.0,1,1,1,0
USA-Major League Soccer,2026,2026-08-22 St. Louis City-Houston,Houston Dynamo,Artur,6,BRA,DM,30-164,90,0,0,0,0,3,0,0,0,0,0,0,0,1,2,0,,,daea8ef9,0.0,3,0,0,0
USA-Major League Soccer,2026,2026-08-22 St. Louis City-Houston,Houston Dynamo,Diadie Samassékou,18,MLI,DM,30-223,56,0,0,0,0,0,0,0,0,0,1,0,0,1,0,0,,,daea8ef9,0.0,0,0,0,0
USA-Major League Soccer,2026,2026-08-22 St. Louis City-Houston,Houston Dynamo,Duane Holmes,14,USA,"FW,MF",31-289,1,0,0,0,0,0,0,0,0,0,0,0,1,0,0,0,,,daea8ef9,0.0,0,0,0,0
USA-Major League Soccer,2026,2026-08-22 St. Louis City-Houston,Houston Dynamo,Duncan McGuire,23,USA,FW,25-198,56,0,0,0,0,0,0,0,0,2,1,0,0,0,0,0,,,daea8ef9,0.0,0,0,0,0
USA-Major League Soccer,2026,2026-08-22 St. Louis City-Houston,Houston Dynamo,Felipe Andrade,36,BRA,DF,24-085,45,0,0,0,0,0,0,0,0,0,0,0,0,0,0,0,,,daea8ef9,0.0,0,0,0,0
USA-Major League Soccer,2026,2026-08-22 St. Louis City-Houston,Houston Dynamo,Franco Negri,21,ARG,"DF,MF",31-183,4,0,0,0,0,0,0,0,0,0,0,0,0,0,0,0,,,daea8ef9,0.0,0,0,0,0
USA-Major League Soccer,2026,2026-08-22 St. Louis City-Houston,Houston Dynamo,Héctor Herrera,16,MEX,MF,36-125,34,0,0,0,0,0,0,0,0,0,0,0,0,0,0,0,,,daea8ef9,0.0,0,0,0,0
USA-Major League Soccer,2026,2026-08-22 St. Louis City-Houston,Houston Dynamo,Jack McGlynn,8,USA,AM,23-046,90,0,0,0,0,2,1,0,0,0,2,0,12,0,2,0,,,daea8ef9,0.0,2,1,0,0
USA-Major League Soccer,2026,2026-08-22 St. Louis City-Houston,Houston Dynamo,Jonathan Bond,31,ENG,GK,33-095,90,0,0,0,0,0,0,0,0,0,1,0,0,0,0,0,,,daea8ef9,0.0,0,0,0,0
USA-Major League Soccer,2026,2026-08-22 St. Louis City-Houston,Houston Dynamo,Lawrence Ennali,11,GER,RB,24-168,89,0,0,0,0,0,0,0,0,1,0,0,5,0,0,0,,,daea8ef9,0.0,0,0,0,0
USA-Major League Soccer,2026,2026-08-22 St. Louis City-Houston,Houston Dynamo,Lucas Halter,5,BRA,CB,26-112,90,0,0,0,0,0,0,1,0,2,0,1,0,3,2,0,,,daea8ef9,0.0,0,0,0,0
USA-Major League Soccer,2026,2026-08-22 St. Louis City-Houston,Houston Dynamo,Marcelo Saracchi,4,URU,LB,28-121,45,0,0,0,0,3,0,0,0,0,0,0,1,0,1,0,,,daea8ef9,0.0,3,0,0,0
USA-Major League Soccer,2026,2026-08-22 St. Louis City-Houston,Houston Dynamo,Mateusz Bogusz,19,POL,AM,25-000,90,0,0,0,0,5,1,1,0,2,4,2,1,0,0,0,,,daea8ef9,0.0,5,1,0,0
USA-Major League Soccer,2026,2026-08-22 St. Louis City-Houston,St. Louis City,Alexandru Mățan,23,ROU,DM,26-358,71,0,1,0,0,0,0,1,0,1,1,0,0,0,1,0,,,daea8ef9,0.0,0,0,0,1
USA-Major League Soccer,2026,2026-08-22 St. Louis City-Houston,St. Louis City,Carlo Holse,19,DEN,"FW,MF",27-081,29,0,0,0,0,1,1,1,0,1,0,0,2,1,0,0,,,daea8ef9,0.0,1,1,0,0
USA-Major League Soccer,2026,2026-08-22 St. Louis City-Houston,St. Louis City,Conrad Wallem,6,NOR,DM,26-074,90,0,0,0,0,0,0,0,0,3,3,0,0,0,2,0,,,daea8ef9,0.0,0,0,0,0
USA-Major League Soccer,2026,2026-08-22 St. Louis City-Houston,St. Louis City,Daniel Edelman,24,USA,DM,23-116,90,0,0,0,0,1,0,0,0,2,1,0,0,1,1,0,,,daea8ef9,0.0,1,0,0,0
USA-Major League Soccer,2026,2026-08-22 St. Louis City-Houston,St. Louis City,Dante Polvara,21,USA,CB,26-062,90,1,0,0,0,3,2,0,0,0,1,0,0,0,1,0,,,daea8ef9,0.0,3,2,1,0
USA-Major League Soccer,2026,2026-08-22 St. Louis City-Houston,St. Louis City,Jaziel Orozco,99,USA,CB,22-081,90,0,0,0,0,0,0,0,0,1,0,0,0,2,2,0,,,daea8ef9,0.0,0,0,0,0
USA-Major League Soccer,2026,2026-08-22 St. Louis City-Houston,St. Louis City,Jeong Sangbin,77,KOR,FW,24-143,71,0,0,0,0,1,0,0,0,1,0,0,0,0,0,0,,,daea8ef9,0.0,1,0,0,0
USA-Major League Soccer,2026,2026-08-22 St. Louis City-Houston,St. Louis City,Lukas MacNaughton,5,CAN,DF,31-167,19,0,0,0,0,0,0,0,0,0,0,0,0,1,0,0,,,daea8ef9,0.0,0,0,0,0
USA-Major League Soccer,2026,2026-08-22 St. Louis City-Houston,St. Louis City,Miguel Perez,28,USA,MF,21-116,1,0,0,0,0,0,0,0,0,0,0,0,0,0,0,0,,,daea8ef9,0.0,0,0,0,0
USA-Major League Soccer,2026,2026-08-22 St. Louis City-Houston,St. Louis City,Palmer Ault,29,USA,FW,22-125,19,0,0,0,0,0,0,0,0,2,0,0,0,1,0,0,,,daea8ef9,0.0,0,0,0,0
USA-Major League Soccer,2026,2026-08-22 St. Louis City-Houston,St. Louis City,Roman Bürki,1,SUI,GK,35-281,90,0,0,0,0,0,0,0,0,0,0,0,0,0,0,0,,,daea8ef9,0.0,0,0,0,0
USA-Major League Soccer,2026,2026-08-22 St. Louis City-Houston,St. Louis City,Simon Becher,11,USA,FW,27-033,89,1,0,0,0,1,1,1,0,5,1,1,1,0,0,0,,,daea8ef9,0.0,1,1,1,0
USA-Major League Soccer,2026,2026-08-22 St. Louis City-Houston,St. Louis City,Timo Baumgartl,32,GER,CB,30-171,90,0,0,0,0,0,0,0,0,0,0,0,0,1,0,0,,,daea8ef9,0.0,0,0,0,0
USA-Major League Soccer,2026,2026-08-22 St. Louis City-Houston,St. Louis City,Tomas Totland,14,NOR,DM,26-328,90,0,0,0,0,0,0,1,0,1,3,0,2,0,2,0,,,daea8ef9,0.0,0,0,0,0
USA-Major League Soccer,2026,2026-08-22 St. Louis City-Houston,St. Louis City,Tomáš Ostrák,7,CZE,AM,26-198,61,0,0,0,0,2,0,0,0,1,0,0,2,1,1,0,,,daea8ef9,0.0,2,0,0,0
USA-Major League Soccer,2026,2026-08-22 Vancouver-FC Dallas,FC Dallas,Bernard Kamungo,77,USA,"FW,MF",24-233,45,0,0,0,0,2,0,0,0,0,0,1,0,2,0,0,,,a5e4fbd2,0.0,2,0,0,0
USA-Major League Soccer,2026,2026-08-22 Vancouver-FC Dallas,FC Dallas,Christian Cappis,12,USA,DM,27-009,90,0,0,0,0,0,0,0,0,0,2,0,1,0,0,0,,,a5e4fbd2,0.0,0,0,0,0
USA-Major League Soccer,2026,2026-08-22 Vancouver-FC Dallas,FC Dallas,Joaquín Valiente,21,URU,MF,25-131,45,0,0,0,0,0,0,0,0,0,0,0,2,1,0,0,,,a5e4fbd2,0.0,0,0,0,0
USA-Major League Soccer,2026,2026-08-22 Vancouver-FC Dallas,FC Dallas,Jonathan Sirois,40,CAN,GK,25-056,90,0,0,0,0,0,0,0,0,0,0,0,0,0,0,0,,,a5e4fbd2,0.0,0,0,0,0
USA-Major League Soccer,2026,2026-08-22 Vancouver-FC Dallas,FC Dallas,Joshua Torquato,24,USA,DM,19-029,90,0,0,0,0,1,0,1,0,1,0,0,1,0,1,0,,,a5e4fbd2,0.0,1,0,0,0
USA-Major League Soccer,2026,2026-08-22 Vancouver-FC Dallas,FC Dallas,Kaick,55,BRA,MF,20-266,18,0,0,0,0,0,0,0,0,0,3,0,0,1,0,0,,,a5e4fbd2,0.0,0,0,0,0
USA-Major League Soccer,2026,2026-08-22 Vancouver-FC Dallas,FC Dallas,Lalas Abubakar,5,GHA,CB,31-240,90,0,0,0,0,0,0,1,0,3,0,0,0,3,2,0,,,a5e4fbd2,0.0,0,0,0,0
USA-Major League Soccer,2026,2026-08-22 Vancouver-FC Dallas,FC Dallas,Logan Farrington,23,USA,FW,24-251,45,0,0,0,0,1,0,0,0,0,0,0,0,0,0,0,,,a5e4fbd2,0.0,1,0,0,0
USA-Major League Soccer,2026,2026-08-22 Vancouver-FC Dallas,FC Dallas,Nolan Norris,32,USA,CB,21-186,45,0,0,0,0,0,0,0,0,0,0,0,0,0,2,0,,,a5e4fbd2,0.0,0,0,0,0
USA-Major League Soccer,2026,2026-08-22 Vancouver-FC Dallas,FC Dallas,Petar Musa,9,CRO,FW,28-171,45,0,0,0,0,1,1,0,0,1,0,0,0,0,1,0,,,a5e4fbd2,0.0,1,1,0,0
USA-Major League Soccer,2026,2026-08-22 Vancouver-FC Dallas,FC Dallas,Ramiro Benetti,17,BRA,DM,33-092,72,0,0,0,0,0,0,0,0,2,0,0,0,1,1,0,,,a5e4fbd2,0.0,0,0,0,0
USA-Major League Soccer,2026,2026-08-22 Vancouver-FC Dallas,FC Dallas,Ran Binyamin,6,ISR,AM,22-197,45,0,0,0,0,0,0,1,0,1,1,0,0,0,0,0,,,a5e4fbd2,0.0,0,0,0,0
USA-Major League Soccer,2026,2026-08-22 Vancouver-FC Dallas,FC Dallas,Samuel Sarver,28,USA,FW,23-172,45,0,0,0,0,0,0,0,0,0,1,0,1,0,0,0,,,a5e4fbd2,0.0,0,0,0,0
USA-Major League Soccer,2026,2026-08-22 Vancouver-FC Dallas,FC Dallas,Santiago Moreno,10,COL,"FW,MF",26-123,45,0,0,0,0,0,0,0,0,1,0,0,5,0,0,0,,,a5e4fbd2,0.0,0,0,0,0
USA-Major League Soccer,2026,2026-08-22 Vancouver-FC Dallas,FC Dallas,Sebastien Ibeagha,25,USA,CB,34-213,90,0,0,0,0,0,0,0,0,0,2,0,0,0,6,0,,,a5e4fbd2,0.0,0,0,0,0
USA-Major League Soccer,2026,2026-08-22 Vancouver-FC Dallas,FC Dallas,Shaq Moore,18,USA,DM,29-293,90,0,0,0,0,0,0,1,0,0,2,1,1,0,1,0,,,a5e4fbd2,0.0,0,0,0,0
USA-Major League Soccer,2026,2026-08-22 Vancouver-FC Dallas,Vancouver Whitecaps,Andrés Cubas,20,PAR,DM,30-092,90,0,1,0,0,1,0,0,0,1,2,0,0,5,1,0,,,a5e4fbd2,0.0,1,0,0,1
USA-Major League Soccer,2026,2026-08-22 Vancouver-FC Dallas,Vancouver Whitecaps,Brian White,24,USA,FW,30-200,61,2,0,0,0,4,2,0,0,4,0,0,0,0,0,0,,,a5e4fbd2,0.0,4,2,2,0
USA-Major League Soccer,2026,2026-08-22 Vancouver-FC Dallas,Vancouver Whitecaps,Bruno Caicedo,14,ECU,MF,21-219,29,1,0,0,0,3,3,0,0,0,0,1,0,0,0,0,,,a5e4fbd2,0.0,3,3,1,0
USA-Major League Soccer,2026,2026-08-22 Vancouver-FC Dallas,Vancouver Whitecaps,Cheikh Tidiane Sabaly,7,SEN,"FW,MF",27-171,19,0,0,0,0,0,0,0,0,1,1,0,0,0,0,0,,,a5e4fbd2,0.0,0,0,0,0
USA-Major League Soccer,2026,2026-08-22 Vancouver-FC Dallas,Vancouver Whitecaps,Emmanuel Sabbi,11,USA,AM,28-241,61,1,0,0,0,2,2,0,0,2,1,0,3,0,0,0,,,a5e4fbd2,0.0,2,2,1,0
USA-Major League Soccer,2026,2026-08-22 Vancouver-FC Dallas,Vancouver Whitecaps,Mathías Laborda,2,URU,DF,26-341,45,0,0,0,0,0,0,1,0,1,0,0,0,3,1,0,,,a5e4fbd2,0.0,0,0,0,0
USA-Major League Soccer,2026,2026-08-22 Vancouver-FC Dallas,Vancouver Whitecaps,Oliver Larraz,8,USA,DM,24-340,90,0,0,0,0,1,0,0,0,0,0,0,2,1,4,0,,,a5e4fbd2,0.0,1,0,0,0
USA-Major League Soccer,2026,2026-08-22 Vancouver-FC Dallas,Vancouver Whitecaps,Ralph Priso-Mbongue,6,CAN,CB,24-020,45,0,0,0,0,0,0,0,0,0,0,0,0,0,0,0,,,a5e4fbd2,0.0,0,0,0,0
USA-Major League Soccer,2026,2026-08-22 Vancouver-FC Dallas,Vancouver Whitecaps,Rayan Elloumi,19,TUN,FW,18-339,29,0,0,0,0,0,0,0,0,1,0,0,0,0,0,0,,,a5e4fbd2,0.0,0,0,0,0
USA-Major League Soccer,2026,2026-08-22 Vancouver-FC Dallas,Vancouver Whitecaps,Ryan Gauld,25,SCO,AM,30-249,71,0,0,0,0,2,1,0,0,0,2,0,9,1,0,0,,,a5e4fbd2,0.0,2,1,0,0
USA-Major League Soccer,2026,2026-08-22 Vancouver-FC Dallas,Vancouver Whitecaps,Sam Adekugbe,3,CAN,"DF,MF",31-218,8,0,0,0,0,0,0,0,0,0,0,0,0,0,0,0,,,a5e4fbd2,0.0,0,0,0,0
USA-Major League Soccer,2026,2026-08-22 Vancouver-FC Dallas,Vancouver Whitecaps,Tate Johnson,28,USA,LB,21-043,82,0,0,0,0,0,0,0,0,0,0,0,1,1,0,0,,,a5e4fbd2,0.0,0,0,0,0
USA-Major League Soccer,2026,2026-08-22 Vancouver-FC Dallas,Vancouver Whitecaps,Thomas Müller,13,GER,AM,36-343,90,0,1,0,0,0,0,0,0,1,1,0,2,0,1,0,,,a5e4fbd2,0.0,0,0,0,1
USA-Major League Soccer,2026,2026-08-22 Vancouver-FC Dallas,Vancouver Whitecaps,Tristan Blackmon,33,USA,CB,30-010,90,0,0,0,0,0,0,0,0,1,1,0,1,3,2,0,,,a5e4fbd2,0.0,0,0,0,0
USA-Major League Soccer,2026,2026-08-22 Vancouver-FC Dallas,Vancouver Whitecaps,Yohei Takaoka,1,JPN,GK,30-159,90,0,0,0,0,0,0,0,0,0,0,0,0,1,1,0,,,a5e4fbd2,0.0,0,0,0,0
USA-Major League Soccer,2026,2026-08-22 Vancouver-FC Dallas,Vancouver Whitecaps,Édier Ocampo,18,COL,RB,22-323,90,1,1,0,0,4,2,0,0,0,1,0,3,1,1,0,,,a5e4fbd2,0.0,4,2,1,1
USA-Major League Soccer,2026,2026-08-23 Atlanta Utd-Sporting KC,Atlanta United,Adrian Gill,16,USA,CM,20-232,61,0,0,0,0,0,0,0,0,1,0,0,0,0,1,0,,,6dee0f13,0.0,0,0,0,0
USA-Major League Soccer,2026,2026-08-23 Atlanta Utd-Sporting KC,Atlanta United,Aleksei Miranchuk,59,RUS,FW,30-310,90,0,0,0,0,2,0,0,0,2,2,0,0,0,0,0,,,6dee0f13,0.0,2,0,0,0
USA-Major League Soccer,2026,2026-08-23 Atlanta Utd-Sporting KC,Atlanta United,Cooper Sanchez,48,USA,CM,18-150,76,0,0,0,0,0,0,0,0,0,0,0,1,0,0,0,,,6dee0f13,0.0,0,0,0,0
USA-Major League Soccer,2026,2026-08-23 Atlanta Utd-Sporting KC,Atlanta United,Elías Báez,3,ARG,LB,21-309,90,0,1,0,0,2,0,1,0,2,0,0,1,1,1,0,,,6dee0f13,0.0,2,0,0,1
USA-Major League Soccer,2026,2026-08-23 Atlanta Utd-Sporting KC,Atlanta United,Fafà Picault,22,HAI,FW,35-181,61,1,0,0,0,1,1,0,0,0,3,1,0,1,1,0,,,6dee0f13,0.0,1,1,1,0
USA-Major League Soccer,2026,2026-08-23 Atlanta Utd-Sporting KC,Atlanta United,Júnior Alonso,6,PAR,CB,33-195,90,0,0,0,0,0,0,0,0,0,0,0,0,2,0,0,,,6dee0f13,0.0,0,0,0,0
USA-Major League Soccer,2026,2026-08-23 Atlanta Utd-Sporting KC,Atlanta United,Lucas Hoyos,1,ARG,GK,37-116,90,0,0,0,0,0,0,0,0,0,1,0,0,0,0,0,,,6dee0f13,0.0,0,0,0,0
USA-Major League Soccer,2026,2026-08-23 Atlanta Utd-Sporting KC,Atlanta United,Luke Brennan,20,USA,FW,21-180,16,0,0,0,0,0,0,1,0,1,0,0,0,1,0,0,,,6dee0f13,0.0,0,0,0,0
USA-Major League Soccer,2026,2026-08-23 Atlanta Utd-Sporting KC,Atlanta United,Matthew Edwards,47,USA,DF,23-187,13,0,0,0,0,0,0,0,0,0,0,0,0,1,0,0,,,6dee0f13,0.0,0,0,0,0
USA-Major League Soccer,2026,2026-08-23 Atlanta Utd-Sporting KC,Atlanta United,Miguel Almirón,10,PAR,FW,32-194,90,0,1,0,0,2,1,0,0,0,2,0,2,1,1,0,,,6dee0f13,0.0,2,1,0,1
USA-Major League Soccer,2026,2026-08-23 Atlanta Utd-Sporting KC,Atlanta United,Paulo Díaz,27,CHI,CB,31-363,72,0,0,0,0,0,0,0,0,0,0,0,0,0,0,0,,,6dee0f13,0.0,0,0,0,0
USA-Major League Soccer,2026,2026-08-23 Atlanta Utd-Sporting KC,Atlanta United,Steven Alzate,7,COL,MF,27-349,14,0,0,0,0,0,0,0,0,0,0,0,0,0,0,0,,,6dee0f13,0.0,0,0,0,0
USA-Major League Soccer,2026,2026-08-23 Atlanta Utd-Sporting KC,Atlanta United,Stian Rode Gregersen,5,NOR,"DF,MF",31-098,18,0,0,0,0,0,0,0,0,0,0,0,0,0,0,0,,,6dee0f13,0.0,0,0,0,0
USA-Major League Soccer,2026,2026-08-23 Atlanta Utd-Sporting KC,Atlanta United,Tomás Jacob,55,ARG,RB,22-125,90,1,0,0,0,1,1,0,0,1,3,0,1,3,2,0,,,6dee0f13,0.0,1,1,1,0
USA-Major League Soccer,2026,2026-08-23 Atlanta Utd-Sporting KC,Atlanta United,Tristan Muyumba,8,FRA,CM,29-169,90,0,0,0,0,0,0,0,0,0,1,0,0,1,1,0,,,6dee0f13,0.0,0,0,0,0
USA-Major League Soccer,2026,2026-08-23 Atlanta Utd-Sporting KC,Atlanta United,William Reilly,28,USA,MF,23-263,29,0,0,0,0,0,0,0,0,1,1,0,0,0,0,0,,,6dee0f13,0.0,0,0,0,0
USA-Major League Soccer,2026,2026-08-23 Atlanta Utd-Sporting KC,Sporting Kansas City,Calvin Harris,11,ENG,LM,26-156,90,0,0,0,0,2,0,0,0,0,4,0,3,0,1,0,,,6dee0f13,0.0,2,0,0,0
USA-Major League Soccer,2026,2026-08-23 Atlanta Utd-Sporting KC,Sporting Kansas City,Capita,7,ANG,RM,24-225,86,0,0,0,0,0,0,0,0,1,1,0,2,1,2,0,,,6dee0f13,0.0,0,0,0,0
USA-Major League Soccer,2026,2026-08-23 Atlanta Utd-Sporting KC,Sporting Kansas City,Emir Karic,18,BIH,LB,29-075,61,0,0,0,0,0,0,1,0,1,0,0,3,1,0,0,,,6dee0f13,0.0,0,0,0,0
USA-Major League Soccer,2026,2026-08-23 Atlanta Utd-Sporting KC,Sporting Kansas City,Jacob Bartlett,16,USA,MF,20-320,4,0,0,0,0,0,0,0,0,0,0,0,0,0,0,0,,,6dee0f13,0.0,0,0,0,0
USA-Major League Soccer,2026,2026-08-23 Atlanta Utd-Sporting KC,Sporting Kansas City,Jake Davis,8,USA,RB,24-232,44,0,0,0,0,1,0,0,0,0,0,0,1,0,0,0,,,6dee0f13,0.0,1,0,0,0
USA-Major League Soccer,2026,2026-08-23 Atlanta Utd-Sporting KC,Sporting Kansas City,Jayden Reid,99,USA,DF,24-358,29,0,0,0,0,0,0,0,0,0,0,0,3,0,0,0,,,6dee0f13,0.0,0,0,0,0
USA-Major League Soccer,2026,2026-08-23 Atlanta Utd-Sporting KC,Sporting Kansas City,Justin Reynolds,13,USA,DF,22-019,46,0,0,0,0,0,0,0,0,0,1,0,0,0,1,0,,,6dee0f13,0.0,0,0,0,0
USA-Major League Soccer,2026,2026-08-23 Atlanta Utd-Sporting KC,Sporting Kansas City,Lasse Berg Johnsen,4,NOR,CM,27-005,90,0,0,0,0,0,0,0,0,3,1,0,9,1,0,0,,,6dee0f13,0.0,0,0,0,0
USA-Major League Soccer,2026,2026-08-23 Atlanta Utd-Sporting KC,Sporting Kansas City,Magomed-Shapi Suleymanov,93,RUS,FW,26-250,90,0,0,0,0,1,0,0,0,0,0,0,3,1,0,0,,,6dee0f13,0.0,1,0,0,0
USA-Major League Soccer,2026,2026-08-23 Atlanta Utd-Sporting KC,Sporting Kansas City,Moises Mosquera,3,COL,CB,25-091,90,0,0,0,0,1,0,0,0,4,0,0,1,2,2,0,,,6dee0f13,0.0,1,0,0,0
USA-Major League Soccer,2026,2026-08-23 Atlanta Utd-Sporting KC,Sporting Kansas City,Stefan Cleveland,30,USA,GK,32-090,90,0,0,0,0,0,0,0,0,0,0,0,0,0,0,0,,,6dee0f13,0.0,0,0,0,0
USA-Major League Soccer,2026,2026-08-23 Atlanta Utd-Sporting KC,Sporting Kansas City,Stephen Afrifa,17,CAN,FW,25-185,29,1,0,0,0,1,1,0,0,2,0,0,0,0,0,0,,,6dee0f13,0.0,1,1,1,0
USA-Major League Soccer,2026,2026-08-23 Atlanta Utd-Sporting KC,Sporting Kansas City,Taylor Calheira,19,USA,FW,24-119,61,0,0,0,0,2,0,0,0,0,0,1,0,0,0,0,,,6dee0f13,0.0,2,0,0,0
USA-Major League Soccer,2026,2026-08-23 Atlanta Utd-Sporting KC,Sporting Kansas City,Wyatt Meyer,28,USA,CB,25-224,90,0,0,0,0,0,0,0,0,0,0,0,0,0,2,0,,,6dee0f13,0.0,0,0,0,0
USA-Major League Soccer,2026,2026-08-23 Atlanta Utd-Sporting KC,Sporting Kansas City,Zorhan Bassong,22,CAN,CM,27-108,90,0,0,0,0,0,0,0,0,2,1,0,0,1,2,0,,,6dee0f13,0.0,0,0,0,0
USA-Major League Soccer,2026,2026-08-23 NE Revolution-NYCFC,New England Revolution,Alhassan Yusuf,80,NGA,DM,26-036,90,0,0,0,0,0,0,0,0,0,0,0,1,0,1,0,,,eec5c96e,0.0,0,0,0,0
USA-Major League Soccer,2026,2026-08-23 NE Revolution-NYCFC,New England Revolution,Carles Gil,10,ESP,AM,33-274,90,0,0,0,1,2,2,0,0,0,5,0,4,0,0,0,,,eec5c96e,0.0,2,2,0,0
USA-Major League Soccer,2026,2026-08-23 NE Revolution-NYCFC,New England Revolution,Cody Baker,15,USA,DF,22-228,21,0,0,0,0,0,0,0,0,0,0,0,1,1,0,0,,,eec5c96e,0.0,0,0,0,0
USA-Major League Soccer,2026,2026-08-23 NE Revolution-NYCFC,New England Revolution,Diego Fagúndez,77,URU,"FW,MF",31-190,10,0,0,0,0,0,0,0,0,0,0,0,3,0,0,0,,,eec5c96e,0.0,0,0,0,0
USA-Major League Soccer,2026,2026-08-23 NE Revolution-NYCFC,New England Revolution,Dor Turgeman,99,ISR,FW,22-303,80,1,0,0,0,2,1,0,0,1,1,2,0,0,0,0,,,eec5c96e,0.0,2,1,1,0
USA-Major League Soccer,2026,2026-08-23 NE Revolution-NYCFC,New England Revolution,Ethan Kohler,22,USA,CB,21-095,90,0,0,0,0,0,0,0,0,1,0,0,0,0,2,0,,,eec5c96e,0.0,0,0,0,0
USA-Major League Soccer,2026,2026-08-23 NE Revolution-NYCFC,New England Revolution,Jack Harrison,11,ENG,AM,29-276,80,0,0,0,0,1,0,1,0,1,1,0,2,0,0,0,,,eec5c96e,0.0,1,0,0,0
USA-Major League Soccer,2026,2026-08-23 NE Revolution-NYCFC,New England Revolution,Jackson Yueill,14,USA,DM,29-157,63,0,0,0,0,1,0,0,0,0,0,0,0,0,0,0,,,eec5c96e,0.0,1,0,0,0
USA-Major League Soccer,2026,2026-08-23 NE Revolution-NYCFC,New England Revolution,Judah Siqueira,65,USA,FW,17-149,27,0,0,0,0,0,0,0,0,0,1,0,0,1,0,0,,,eec5c96e,0.0,0,0,0,0
USA-Major League Soccer,2026,2026-08-23 NE Revolution-NYCFC,New England Revolution,Mamadou Fofana,2,MLI,CB,28-214,90,0,0,0,0,0,0,0,0,1,0,0,0,0,2,0,,,eec5c96e,0.0,0,0,0,0
USA-Major League Soccer,2026,2026-08-23 NE Revolution-NYCFC,New England Revolution,Matt Polster,8,USA,RB,33-076,69,0,0,0,0,0,0,0,0,0,0,0,1,0,1,0,,,eec5c96e,0.0,0,0,0,0
USA-Major League Soccer,2026,2026-08-23 NE Revolution-NYCFC,New England Revolution,Matt Turner,30,USA,GK,32-060,90,0,0,0,0,0,0,0,0,0,0,0,0,0,0,0,,,eec5c96e,0.0,0,0,0,0
USA-Major League Soccer,2026,2026-08-23 NE Revolution-NYCFC,New England Revolution,Peyton Miller,25,USA,AM,18-288,90,0,1,0,0,4,3,0,0,1,2,0,3,0,0,0,,,eec5c96e,0.0,4,3,0,1
USA-Major League Soccer,2026,2026-08-23 NE Revolution-NYCFC,New England Revolution,William Sands,23,USA,LB,26-048,90,0,0,0,0,0,0,0,0,1,2,0,0,1,2,0,,,eec5c96e,0.0,0,0,0,0
USA-Major League Soccer,2026,2026-08-23 NE Revolution-NYCFC,New England Revolution,Wilson Harris,27,USA,FW,26-268,10,0,0,0,0,0,0,0,0,0,0,0,0,0,0,0,,,eec5c96e,0.0,0,0,0,0
USA-Major League Soccer,2026,2026-08-23 NE Revolution-NYCFC,New York City FC,Agustin Ojeda,26,ARG,RM,22-065,90,0,0,0,0,0,0,0,0,2,0,0,1,2,0,0,,,eec5c96e,0.0,0,0,0,0
USA-Major League Soccer,2026,2026-08-23 NE Revolution-NYCFC,New York City FC,Andrés Perea,8,USA,CM,25-282,67,0,0,0,0,1,1,0,0,0,0,0,0,1,1,0,,,eec5c96e,0.0,1,1,0,0
USA-Major League Soccer,2026,2026-08-23 NE Revolution-NYCFC,New York City FC,Bénie Traoré,9,CIV,LM,23-266,67,0,0,0,0,0,0,0,0,1,2,0,1,0,0,0,,,eec5c96e,0.0,0,0,0,0
USA-Major League Soccer,2026,2026-08-23 NE Revolution-NYCFC,New York City FC,James Sands,6,USA,CB,26-048,90,1,0,0,0,1,1,0,0,2,0,0,0,1,1,0,,,eec5c96e,0.0,1,1,1,0
USA-Major League Soccer,2026,2026-08-23 NE Revolution-NYCFC,New York City FC,Jonathan Shore,32,USA,CM,19-132,39,0,0,0,0,0,0,0,0,1,0,0,0,1,0,0,,,eec5c96e,0.0,0,0,0,0
USA-Major League Soccer,2026,2026-08-23 NE Revolution-NYCFC,New York City FC,Keaton Parks,55,USA,MF,29-017,51,0,0,0,0,1,1,1,0,1,0,0,1,0,0,0,,,eec5c96e,0.0,1,1,0,0
USA-Major League Soccer,2026,2026-08-23 NE Revolution-NYCFC,New York City FC,Kevin O'Toole,22,IRL,DF,27-252,23,0,0,0,0,0,0,0,0,0,0,0,0,0,0,0,,,eec5c96e,0.0,0,0,0,0
USA-Major League Soccer,2026,2026-08-23 NE Revolution-NYCFC,New York City FC,Luighi,20,BRA,FW,20-115,45,0,0,0,0,3,0,0,0,0,0,0,0,0,0,0,,,eec5c96e,0.0,3,0,0,0
USA-Major League Soccer,2026,2026-08-23 NE Revolution-NYCFC,New York City FC,Matt Freese,49,USA,GK,27-355,90,0,0,0,0,0,0,0,0,0,0,0,0,0,0,0,,,eec5c96e,0.0,0,0,0,0
USA-Major League Soccer,2026,2026-08-23 NE Revolution-NYCFC,New York City FC,Max Murray,23,USA,CB,24-137,90,0,0,0,0,0,0,0,0,0,0,0,0,0,3,0,,,eec5c96e,0.0,0,0,0,0
USA-Major League Soccer,2026,2026-08-23 NE Revolution-NYCFC,New York City FC,Mitja Ilenič,35,SVN,DF,21-240,51,0,0,0,0,0,0,0,0,0,0,0,0,1,0,0,,,eec5c96e,0.0,0,0,0,0
USA-Major League Soccer,2026,2026-08-23 NE Revolution-NYCFC,New York City FC,Nico Cavallo,2,USA,LB,24-239,90,0,0,0,0,0,0,0,0,2,2,0,0,2,0,0,,,eec5c96e,0.0,0,0,0,0
USA-Major League Soccer,2026,2026-08-23 NE Revolution-NYCFC,New York City FC,Nicolás Fernández,7,ARG,FW,26-224,90,0,0,0,0,2,2,0,0,0,1,0,4,0,0,0,,,eec5c96e,0.0,2,2,0,0
USA-Major League Soccer,2026,2026-08-23 NE Revolution-NYCFC,New York City FC,Raul Gustavo,34,BRA,DF,27-121,23,0,0,0,0,0,0,0,0,1,0,0,0,0,2,0,,,eec5c96e,0.0,0,0,0,0
USA-Major League Soccer,2026,2026-08-23 NE Revolution-NYCFC,New York City FC,Talles Magno,11,BRA,FW,24-058,45,0,1,0,0,4,0,0,0,1,0,1,0,0,0,0,,,eec5c96e,0.0,4,0,0,1
USA-Major League Soccer,2026,2026-08-23 NE Revolution-NYCFC,New York City FC,Tayvon Gray,24,JAM,RB,24-004,39,0,0,0,0,0,0,0,0,1,0,0,0,1,0,0,,,eec5c96e,0.0,0,0,0,0
